composition,thermal_conductivity,temperature,NComp,Comp_L2Norm,Comp_L3Norm,Comp_L5Norm,Comp_L7Norm,Comp_L10Norm,mean_Number,maxdiff_Number,dev_Number,max_Number,min_Number,most_Number,mean_MendeleevNumber,maxdiff_MendeleevNumber,dev_MendeleevNumber,max_MendeleevNumber,min_MendeleevNumber,most_MendeleevNumber,mean_AtomicWeight,maxdiff_AtomicWeight,dev_AtomicWeight,max_AtomicWeight,min_AtomicWeight,most_AtomicWeight,mean_MeltingT,maxdiff_MeltingT,dev_MeltingT,max_MeltingT,min_MeltingT,most_MeltingT,mean_Column,maxdiff_Column,dev_Column,max_Column,min_Column,most_Column,mean_Row,maxdiff_Row,dev_Row,max_Row,min_Row,most_Row,mean_CovalentRadius,maxdiff_CovalentRadius,dev_CovalentRadius,max_CovalentRadius,min_CovalentRadius,most_CovalentRadius,mean_Electronegativity,maxdiff_Electronegativity,dev_Electronegativity,max_Electronegativity,min_Electronegativity,most_Electronegativity,mean_NsValence,maxdiff_NsValence,dev_NsValence,max_NsValence,min_NsValence,most_NsValence,mean_NpValence,maxdiff_NpValence,dev_NpValence,max_NpValence,min_NpValence,most_NpValence,mean_NdValence,maxdiff_NdValence,dev_NdValence,max_NdValence,min_NdValence,most_NdValence,mean_NfValence,maxdiff_NfValence,dev_NfValence,max_NfValence,min_NfValence,most_NfValence,mean_NValance,maxdiff_NValance,dev_NValance,max_NValance,min_NValance,most_NValance,mean_NsUnfilled,maxdiff_NsUnfilled,dev_NsUnfilled,max_NsUnfilled,min_NsUnfilled,most_NsUnfilled,mean_NpUnfilled,maxdiff_NpUnfilled,dev_NpUnfilled,max_NpUnfilled,min_NpUnfilled,most_NpUnfilled,mean_NdUnfilled,maxdiff_NdUnfilled,dev_NdUnfilled,max_NdUnfilled,min_NdUnfilled,most_NdUnfilled,mean_NfUnfilled,maxdiff_NfUnfilled,dev_NfUnfilled,max_NfUnfilled,min_NfUnfilled,most_NfUnfilled,mean_NUnfilled,maxdiff_NUnfilled,dev_NUnfilled,max_NUnfilled,min_NUnfilled,most_NUnfilled,mean_GSvolume_pa,maxdiff_GSvolume_pa,dev_GSvolume_pa,max_GSvolume_pa,min_GSvolume_pa,most_GSvolume_pa,mean_GSbandgap,maxdiff_GSbandgap,dev_GSbandgap,max_GSbandgap,min_GSbandgap,most_GSbandgap,mean_GSmagmom,maxdiff_GSmagmom,dev_GSmagmom,max_GSmagmom,min_GSmagmom,most_GSmagmom,mean_SpaceGroupNumber,maxdiff_SpaceGroupNumber,dev_SpaceGroupNumber,max_SpaceGroupNumber,min_SpaceGroupNumber,most_SpaceGroupNumber,frac_sValence,frac_pValence,frac_dValence,frac_fValence,CanFormIonic,MaxIonicChar,MeanIonicChar,Class
Hf0.2Zr0.2Ta0.2Nb0.2Ti0.2C,6.45,302.65,6,0.547722558,0.506579702,0.500159898,0.500004571,0.500000026,27.8,67,22.96,73,6,6,61.2,34,15.8,77,43,77,65.148876,168.93718,56.5945512,180.94788,12.0107,12.0107,3173,1882,673.4,3823,1941,3823,9.2,10,4.8,14,4,14,3.6,4,1.6,6,2,2,122.4,99,46.4,175,76,76,2.002,1.25,0.548,2.55,1.3,2.55,1.9,1,0.18,2,1,2,1,2,1,2,0,2,1.3,4,1.3,4,0,0,2.8,14,4.48,14,0,0,7,15,4.6,19,4,4,0.1,1,0.18,1,0,0,2,4,2,4,0,4,3.7,8,3.7,8,0,0,0,0,0,0,0,0,5.8,4,1.8,8,4,4,12.6585,17.555,7.0185,23.195,5.64,5.64,2.248,4.496,2.248,4.496,0,4.496,2.25E-06,2.25E-05,4.06E-06,2.25E-05,0,0,201,35,11.2,229,194,194,0.271428571,0.142857143,0.185714286,0.4,1,0.323366154,0.131941697,None
Hf0.2Zr0.2Ta0.2Nb0.2Ti0.2C,5.56,323.85,6,0.547722558,0.506579702,0.500159898,0.500004571,0.500000026,27.8,67,22.96,73,6,6,61.2,34,15.8,77,43,77,65.148876,168.93718,56.5945512,180.94788,12.0107,12.0107,3173,1882,673.4,3823,1941,3823,9.2,10,4.8,14,4,14,3.6,4,1.6,6,2,2,122.4,99,46.4,175,76,76,2.002,1.25,0.548,2.55,1.3,2.55,1.9,1,0.18,2,1,2,1,2,1,2,0,2,1.3,4,1.3,4,0,0,2.8,14,4.48,14,0,0,7,15,4.6,19,4,4,0.1,1,0.18,1,0,0,2,4,2,4,0,4,3.7,8,3.7,8,0,0,0,0,0,0,0,0,5.8,4,1.8,8,4,4,12.6585,17.555,7.0185,23.195,5.64,5.64,2.248,4.496,2.248,4.496,0,4.496,2.25E-06,2.25E-05,4.06E-06,2.25E-05,0,0,201,35,11.2,229,194,194,0.271428571,0.142857143,0.185714286,0.4,1,0.323366154,0.131941697,None
Hf0.2Zr0.2Ta0.2Nb0.2Ti0.2C,5.42,343.95,6,0.547722558,0.506579702,0.500159898,0.500004571,0.500000026,27.8,67,22.96,73,6,6,61.2,34,15.8,77,43,77,65.148876,168.93718,56.5945512,180.94788,12.0107,12.0107,3173,1882,673.4,3823,1941,3823,9.2,10,4.8,14,4,14,3.6,4,1.6,6,2,2,122.4,99,46.4,175,76,76,2.002,1.25,0.548,2.55,1.3,2.55,1.9,1,0.18,2,1,2,1,2,1,2,0,2,1.3,4,1.3,4,0,0,2.8,14,4.48,14,0,0,7,15,4.6,19,4,4,0.1,1,0.18,1,0,0,2,4,2,4,0,4,3.7,8,3.7,8,0,0,0,0,0,0,0,0,5.8,4,1.8,8,4,4,12.6585,17.555,7.0185,23.195,5.64,5.64,2.248,4.496,2.248,4.496,0,4.496,2.25E-06,2.25E-05,4.06E-06,2.25E-05,0,0,201,35,11.2,229,194,194,0.271428571,0.142857143,0.185714286,0.4,1,0.323366154,0.131941697,None
HfC,29.3,298.15,2,0.707106781,0.629960525,0.574349177,0.552044757,0.535886731,39,66,33,72,6,39,61,32,16,77,45,61,95.25035,166.4793,83.23965,178.49,12.0107,95.25035,3164.5,1317,658.5,3823,2506,3164.5,9,10,5,14,4,9,4,4,2,6,2,4,125.5,99,49.5,175,76,125.5,1.925,1.25,0.625,2.55,1.3,1.925,2,0,0,2,2,2,1,2,1,2,0,1,1,2,1,2,0,1,7,14,7,14,0,7,11,14,7,18,4,11,0,0,0,0,0,0,2,4,2,4,0,2,4,8,4,8,0,4,0,0,0,0,0,0,6,4,2,8,4,6,13.92,16.56,8.28,22.2,5.64,13.92,2.248,4.496,2.248,4.496,0,2.248,0,0,0,0,0,0,194,0,0,194,194,194,0.181818182,0.090909091,0.090909091,0.636363636,1,0.323366154,0.161683077,None
NbC,6.3,298.15,2,0.707106781,0.629960525,0.574349177,0.552044757,0.535886731,23.5,35,17.5,41,6,23.5,62,30,15,77,47,62,52.45854,80.89568,40.44784,92.90638,12.0107,52.45854,3286.5,1073,536.5,3823,2750,3286.5,9.5,9,4.5,14,5,9.5,3.5,3,1.5,5,2,3.5,120,88,44,164,76,120,2.075,0.95,0.475,2.55,1.6,2.075,1.5,1,0.5,2,1,1.5,1,2,1,2,0,1,2,4,2,4,0,2,0,0,0,0,0,0,4.5,1,0.5,5,4,4.5,0.5,1,0.5,1,0,0.5,2,4,2,4,0,2,3,6,3,6,0,3,0,0,0,0,0,0,5.5,3,1.5,7,4,5.5,11.91,12.54,6.27,18.18,5.64,11.91,2.248,4.496,2.248,4.496,0,2.248,0,0,0,0,0,0,211.5,35,17.5,229,194,211.5,0.333333333,0.222222222,0.444444444,0,0,0.201982698,0.100991349,None
TiC,22.2,298.15,2,0.707106781,0.629960525,0.574349177,0.552044757,0.535886731,14,16,8,22,6,14,60,34,17,77,43,60,29.93885,35.8563,17.92815,47.867,12.0107,29.93885,2882,1882,941,3823,1941,2882,9,10,5,14,4,9,3,2,1,4,2,3,118,84,42,160,76,118,2.045,1.01,0.505,2.55,1.54,2.045,2,0,0,2,2,2,1,2,1,2,0,1,1,2,1,2,0,1,0,0,0,0,0,0,4,0,0,4,4,4,0,0,0,0,0,0,2,4,2,4,0,2,4,8,4,8,0,4,0,0,0,0,0,0,6,4,2,8,4,6,11.165,11.05,5.525,16.69,5.64,11.165,2.248,4.496,2.248,4.496,0,2.248,1.13E-05,2.25E-05,1.13E-05,2.25E-05,0,1.13E-05,194,0,0,194,194,194,0.5,0.25,0.25,0,1,0.225102875,0.112551437,None
Y2SiO7,4.31,298,3,0.734846923,0.706069667,0.70027467,0.700015663,0.700000254,14.8,31,9.68,39,8,8,71.1,75,23.64,87,12,87,31.7893,72.90645,22.84662,88.90585,15.9994,15.9994,566.86,1744.2,716.884,1799,54.8,54.8,13.2,13,4.08,16,3,16,2.7,3,0.98,5,2,2,95.3,124,41.02,190,66,66,2.842,2.22,0.8372,3.44,1.22,3.44,2,0,0,2,2,2,3,4,1.4,4,0,4,0.2,1,0.32,1,0,0,0,0,0,0,0,0,5.2,3,1.12,6,3,6,0,0,0,0,0,0,1.8,4,0.72,4,0,2,1.8,9,2.88,9,0,0,0,0,0,0,0,0,3.6,7,2.24,9,2,2,14.8905,23.26,8.0997,32.365,9.105,9.105,0.0773,0.773,0.13914,0.773,0,0,0,0,0,0,0,0,69.9,215,81.06,227,12,12,0.384615385,0.576923077,0.038461538,0,0,0.708320593,0.265315418,None
Nd0.8Sm0.8Eu0.8Y0.8Yb0.8Al2O9,1.5,298.15,7,0.626099034,0.602883242,0.600068345,0.600002313,0.600000018,22.21333333,62,19.51288889,70,8,8,68.22666667,75,23.80088889,87,12,87,50.98522381,157.0546,48.3839713,173.054,15.9994,15.9994,510.676,1744.2,547.0512,1799,54.8,54.8,12.13333333,13,4.871111111,16,3,16,3.146666667,4,1.415111111,6,2,2,107.68,135,50.016,201,66,66,2.597333333,2.3,1.0112,3.44,1.14,3.44,2,0,0,2,2,2,2.533333333,4,1.76,4,0,4,0.053333333,1,0.100977778,1,0,0,1.653333333,14,2.601244444,14,0,0,6.24,13,1.5232,16,3,6,0,0,0,0,0,0,1.866666667,5,0.995555556,5,0,2,0.48,9,0.9088,9,0,0,1.333333333,10,2.24,10,0,0,3.68,10,2.408533333,10,0,2,16.77953333,27.355,9.289315556,36.46,9.105,9.105,0,0,0,0,0,0,0,0,0,0,0,0,90.96,217,94.752,229,12,12,0.320512821,0.405982906,0.008547009,0.264957265,1,0.733531702,0.322991162,None
Y4Al2O9,3.31,298.15,3,0.669991708,0.61913627,0.602130826,0.60029547,0.600018059,16.93333333,31,11.76888889,39,8,8,65.13333333,75,28.33777778,87,12,87,36.90540515,72.90645,27.73357059,88.90585,15.9994,15.9994,637.076,1744.2,698.7312,1799,54.8,54.8,12.13333333,13,4.871111111,16,3,16,2.933333333,3,1.12,5,2,2,106.4,124,48.48,190,66,66,2.604,2.22,1.0032,3.44,1.22,3.44,2,0,0,2,2,2,2.533333333,4,1.76,4,0,4,0.266666667,1,0.391111111,1,0,0,0,0,0,0,0,0,4.8,3,1.44,6,3,6,0,0,0,0,0,0,1.866666667,5,0.995555556,5,0,2,2.4,9,3.52,9,0,0,0,0,0,0,0,0,4.266666667,7,2.72,9,2,2,16.291,23.26,8.6232,32.365,9.105,9.105,0,0,0,0,0,0,0,0,0,0,0,0,88.93333333,213,92.32,225,12,12,0.416666667,0.527777778,0.055555556,0,1,0.708320593,0.320050196,None
ZrB2,83.8,298.15,2,0.745355992,0.693361274,0.670782206,0.667408235,0.666731742,16.66666667,35,15.55555556,40,5,5,62.66666667,28,12.44444444,72,44,72,37.61533333,80.413,35.73911111,91.224,10.811,10.811,2274.666667,220,97.77777778,2348,2128,2348,10,9,4,13,4,13,3,3,1.333333333,5,2,2,114.3333333,91,40.44444444,175,84,84,1.803333333,0.71,0.315555556,2.04,1.33,2.04,2,0,0,2,2,2,0.666666667,1,0.444444444,1,0,1,0.666666667,2,0.888888889,2,0,0,0,0,0,0,0,0,3.333333333,1,0.444444444,4,3,3,0,0,0,0,0,0,3.333333333,5,2.222222222,5,0,5,2.666666667,8,3.555555556,8,0,0,0,0,0,0,0,0,6,3,1.333333333,8,5,5,12.51333333,16.0225,7.121111111,23.195,7.1725,7.1725,1.016,1.524,0.677333333,1.524,0,1.524,0,0,0,0,0,0,175.3333333,28,12.44444444,194,166,166,0.6,0.2,0.2,0,0,0.118407193,0.052625419,None
ZrB2,81.8,1500.15,2,0.745355992,0.693361274,0.670782206,0.667408235,0.666731742,16.66666667,35,15.55555556,40,5,5,62.66666667,28,12.44444444,72,44,72,37.61533333,80.413,35.73911111,91.224,10.811,10.811,2274.666667,220,97.77777778,2348,2128,2348,10,9,4,13,4,13,3,3,1.333333333,5,2,2,114.3333333,91,40.44444444,175,84,84,1.803333333,0.71,0.315555556,2.04,1.33,2.04,2,0,0,2,2,2,0.666666667,1,0.444444444,1,0,1,0.666666667,2,0.888888889,2,0,0,0,0,0,0,0,0,3.333333333,1,0.444444444,4,3,3,0,0,0,0,0,0,3.333333333,5,2.222222222,5,0,5,2.666666667,8,3.555555556,8,0,0,0,0,0,0,0,0,6,3,1.333333333,8,5,5,12.51333333,16.0225,7.121111111,23.195,7.1725,7.1725,1.016,1.524,0.677333333,1.524,0,1.524,0,0,0,0,0,0,175.3333333,28,12.44444444,194,166,166,0.6,0.2,0.2,0,0,0.118407193,0.052625419,None
ZrB2,56,298.15,2,0.745355992,0.693361274,0.670782206,0.667408235,0.666731742,16.66666667,35,15.55555556,40,5,5,62.66666667,28,12.44444444,72,44,72,37.61533333,80.413,35.73911111,91.224,10.811,10.811,2274.666667,220,97.77777778,2348,2128,2348,10,9,4,13,4,13,3,3,1.333333333,5,2,2,114.3333333,91,40.44444444,175,84,84,1.803333333,0.71,0.315555556,2.04,1.33,2.04,2,0,0,2,2,2,0.666666667,1,0.444444444,1,0,1,0.666666667,2,0.888888889,2,0,0,0,0,0,0,0,0,3.333333333,1,0.444444444,4,3,3,0,0,0,0,0,0,3.333333333,5,2.222222222,5,0,5,2.666666667,8,3.555555556,8,0,0,0,0,0,0,0,0,6,3,1.333333333,8,5,5,12.51333333,16.0225,7.121111111,23.195,7.1725,7.1725,1.016,1.524,0.677333333,1.524,0,1.524,0,0,0,0,0,0,175.3333333,28,12.44444444,194,166,166,0.6,0.2,0.2,0,0,0.118407193,0.052625419,None
Hf0.2Ta0.2Ti0.2Nb0.2Zr0.2C,5.6,298.15,6,0.547722558,0.506579702,0.500159898,0.500004571,0.500000026,27.8,67,22.96,73,6,6,61.2,34,15.8,77,43,77,65.148876,168.93718,56.5945512,180.94788,12.0107,12.0107,3173,1882,673.4,3823,1941,3823,9.2,10,4.8,14,4,14,3.6,4,1.6,6,2,2,122.4,99,46.4,175,76,76,2.002,1.25,0.548,2.55,1.3,2.55,1.9,1,0.18,2,1,2,1,2,1,2,0,2,1.3,4,1.3,4,0,0,2.8,14,4.48,14,0,0,7,15,4.6,19,4,4,0.1,1,0.18,1,0,0,2,4,2,4,0,4,3.7,8,3.7,8,0,0,0,0,0,0,0,0,5.8,4,1.8,8,4,4,12.6585,17.555,7.0185,23.195,5.64,5.64,2.248,4.496,2.248,4.496,0,4.496,2.25E-06,2.25E-05,4.06E-06,2.25E-05,0,0,201,35,11.2,229,194,194,0.271428571,0.142857143,0.185714286,0.4,1,0.323366154,0.131941697,None
Hf0.2Ta0.2Ti0.2Nb0.2Mo0.2C,5.9,298.15,6,0.547722558,0.506579702,0.500159898,0.500004571,0.500000026,28,67,23.2,73,6,6,61.8,34,15.2,77,43,77,65.622476,168.93718,57.1628712,180.94788,12.0107,12.0107,3249.8,1882,581.24,3823,1941,3823,9.4,10,4.6,14,4,14,3.6,4,1.6,6,2,2,120.3,99,44.3,175,76,76,2.085,1.25,0.48,2.55,1.3,2.55,1.8,1,0.32,2,1,2,1,2,1,2,0,2,1.6,5,1.6,5,0,0,2.8,14,4.48,14,0,0,7.2,15,4.52,19,4,4,0.2,1,0.32,1,0,0,2,4,2,4,0,4,3.4,8,3.4,8,0,0,0,0,0,0,0,0,5.6,4,1.6,8,4,4,11.908,16.56,6.268,22.2,5.64,5.64,2.248,4.496,2.248,4.496,0,4.496,2.25E-06,2.25E-05,4.06E-06,2.25E-05,0,0,204.5,35,14.7,229,194,194,0.25,0.138888889,0.222222222,0.388888889,1,0.323366154,0.112652871,None
La0.4Ce0.4Nd0.4Sm0.4Eu0.4Zr2O7,0.76,298.15,7,0.666804393,0.641467916,0.636606162,0.636377766,0.636363867,23.27272727,55,19.43801653,63,8,8,66.81818182,74,25.68595041,87,13,87,53.15261709,135.9646,47.28591266,151.964,15.9994,15.9994,639.8909091,2073.2,744.661157,2128,54.8,54.8,11.45454545,13,5.785123967,16,3,16,3.272727273,4,1.619834711,6,2,2,110.4727273,141,56.60165289,207,66,66,2.638727273,2.34,1.019801653,3.44,1.1,3.44,2,0,0,2,2,2,2.545454545,4,1.851239669,4,0,4,0.436363636,2,0.650578512,2,0,0,0.654545455,7,1.118677686,7,0,0,5.636363636,6,0.905785124,9,3,6,0,0,0,0,0,0,1.272727273,2,0.925619835,2,0,2,2.109090909,9,3.14446281,9,0,0,1.381818182,13,2.361652893,13,0,0,4.763636364,20,3.517355372,22,2,2,16.50727273,28.135,9.42107438,37.24,9.105,9.105,0,0,0,0,0,0,0,0,0,0,0,0,78.43636364,217,84.5553719,229,12,12,0.35483871,0.451612903,0.077419355,0.116129032,1,0.745613369,0.325486224,None
La0.2Ce0.2Nd0.2Sm0.2Eu0.2PO4,2.08,298.15,7,0.691214712,0.670258392,0.666797032,0.66667248,0.66666673,17.83333333,55,14.05555556,63,8,8,75,74,18.66666667,87,13,87,40.01480933,135.9646,35.03422822,151.964,15.9994,15.9994,289.35,1290.2,312.7333333,1345,54.8,54.8,13.66666667,13,3.555555556,16,3,16,2.833333333,4,1.111111111,6,2,2,95.43333333,141,39.24444444,207,66,66,2.848833333,2.34,0.788222222,3.44,1.1,3.44,2,0,0,2,2,2,3.166666667,4,1.111111111,4,0,4,0.066666667,1,0.124444444,1,0,0,0.6,7,1.04,7,0,0,5.833333333,6,0.588888889,9,3,6,0,0,0,0,0,0,1.833333333,3,0.611111111,3,0,2,0.6,9,1.12,9,0,0,1.266666667,13,2.195555556,13,0,0,3.7,20,2.5,22,2,2,15.78628968,28.135,8.908386243,37.24,9.105,9.105,0.270833333,1.625,0.451388889,1.625,0,0,0,0,0,0,0,0,40.9,227,51.5,229,2,12,0.342857143,0.542857143,0.011428571,0.102857143,1,0.745613369,0.247973234,None
LaPO4,3.61,298.15,3,0.707106781,0.673540003,0.66692688,0.666678292,0.666666794,17.33333333,49,13.22222222,57,8,8,74,74,20.33333333,87,13,87,38.979472,122.90607,33.308666,138.90547,15.9994,15.9994,288.25,1138.2,311.2666667,1193,54.8,54.8,13.66666667,13,3.555555556,16,3,16,2.833333333,4,1.111111111,6,2,2,96.33333333,141,40.44444444,207,66,66,2.841666667,2.34,0.797777778,3.44,1.1,3.44,2,0,0,2,2,2,3.166666667,4,1.111111111,4,0,4,0.166666667,1,0.277777778,1,0,0,0,0,0,0,0,0,5.333333333,3,0.888888889,6,3,6,0,0,0,0,0,0,1.833333333,3,0.611111111,3,0,2,1.5,9,2.5,9,0,0,0,0,0,0,0,0,3.333333333,7,1.888888889,9,2,2,15.98128968,27.7925,9.168386243,36.8975,9.105,9.105,0.270833333,1.625,0.451388889,1.625,0,0,0,0,0,0,0,0,40.66666667,192,51.11111111,194,2,12,0.375,0.59375,0.03125,0,1,0.745613369,0.25182737,None
CePO4,3.14,298.15,3,0.707106781,0.673540003,0.66692688,0.666678292,0.666666794,17.5,50,13.5,58,8,8,74.33333333,72,19.77777778,87,15,87,39.181227,124.1166,33.64492433,140.116,15.9994,15.9994,267.9166667,1016.2,284.1555556,1071,54.8,54.8,13.66666667,13,3.555555556,16,3,16,2.833333333,4,1.111111111,6,2,2,95.83333333,138,39.77777778,204,66,66,2.845,2.32,0.793333333,3.44,1.12,3.44,2,0,0,2,2,2,3.166666667,4,1.111111111,4,0,4,0.166666667,1,0.277777778,1,0,0,0.166666667,1,0.277777778,1,0,0,5.5,2,0.666666667,6,4,6,0,0,0,0,0,0,1.833333333,3,0.611111111,3,0,2,1.5,9,2.5,9,0,0,2.166666667,13,3.611111111,13,0,0,5.5,20,5.5,22,2,2,16.03837302,28.135,9.244497354,37.24,9.105,9.105,0.270833333,1.625,0.451388889,1.625,0,0,0,0,0,0,0,0,40.66666667,192,51.11111111,194,2,12,0.363636364,0.575757576,0.03030303,0.03030303,1,0.739616569,0.250046516,None
NdPO4,3.05,298.15,3,0.707106781,0.673540003,0.66692688,0.666678292,0.666666794,17.83333333,52,14.05555556,60,8,8,75,68,18.66666667,87,19,87,39.86889367,128.2426,34.79103544,144.242,15.9994,15.9994,305.0833333,1239.2,333.7111111,1294,54.8,54.8,13.66666667,13,3.555555556,16,3,16,2.833333333,4,1.111111111,6,2,2,95.33333333,135,39.11111111,201,66,66,2.848333333,2.3,0.788888889,3.44,1.14,3.44,2,0,0,2,2,2,3.166666667,4,1.111111111,4,0,4,0,0,0,0,0,0,0.666666667,4,1.111111111,4,0,0,5.833333333,1,0.277777778,6,5,6,0,0,0,0,0,0,1.833333333,3,0.611111111,3,0,2,0,0,0,0,0,0,1.666666667,10,2.777777778,10,0,0,3.5,8,2.166666667,10,2,2,15.63337302,25.705,8.704497354,34.81,9.105,9.105,0.270833333,1.625,0.451388889,1.625,0,0,0,0,0,0,0,0,40.66666667,192,51.11111111,194,2,12,0.342857143,0.542857143,0,0.114285714,1,0.733531702,0.24824966,None
SmPO4,2.87,298.15,3,0.707106781,0.673540003,0.66692688,0.666678292,0.666666794,18.16666667,54,14.61111111,62,8,8,75.66666667,64,17.55555556,87,23,87,40.88856033,134.3606,36.49047989,150.36,15.9994,15.9994,313.5833333,1290.2,345.0444444,1345,54.8,54.8,13.66666667,13,3.555555556,16,3,16,2.833333333,4,1.111111111,6,2,2,94.83333333,132,38.44444444,198,66,66,2.853333333,2.27,0.782222222,3.44,1.17,3.44,2,0,0,2,2,2,3.166666667,4,1.111111111,4,0,4,0,0,0,0,0,0,1,6,1.666666667,6,0,0,6.166666667,3,0.611111111,8,5,6,0,0,0,0,0,0,1.833333333,3,0.611111111,3,0,2,0,0,0,0,0,0,1.333333333,8,2.222222222,8,0,0,3.166666667,6,1.611111111,8,2,2,15.37003968,24.125,8.353386243,33.23,9.105,9.105,0.270833333,1.625,0.451388889,1.625,0,0,0,0,0,0,0,0,36,164,43.33333333,166,2,12,0.324324324,0.513513514,0,0.162162162,1,0.724240177,0.245525047,None
EuPO4,2.99,298.15,3,0.707106781,0.673540003,0.66692688,0.666678292,0.666666794,18.33333333,55,14.88888889,63,8,8,76,62,17,87,25,87,41.15589367,135.9646,36.93603544,151.964,15.9994,15.9994,271.9166667,1040.2,289.4888889,1095,54.8,54.8,13.66666667,13,3.555555556,16,3,16,2.833333333,4,1.111111111,6,2,2,94.83333333,132,38.44444444,198,66,66,2.855833333,2.255,0.778888889,3.44,1.185,3.44,2,0,0,2,2,2,3.166666667,4,1.111111111,4,0,4,0,0,0,0,0,0,1.166666667,7,1.944444444,7,0,0,6.333333333,4,0.888888889,9,5,6,0,0,0,0,0,0,1.833333333,3,0.611111111,3,0,2,0,0,0,0,0,0,1.166666667,7,1.944444444,7,0,0,3,5,1.333333333,7,2,2,15.90837302,27.355,9.071164021,36.46,9.105,9.105,0.270833333,1.625,0.451388889,1.625,0,0,0,0,0,0,0,0,46.5,227,60.83333333,229,2,12,0.315789474,0.5,0,0.184210526,1,0.719520951,0.244149837,None
Mo0.2Nb0.2Ta0.2Ti0.2W0.2Si2,6.9,298.15,6,0.683130051,0.667775931,0.666673333,0.666666714,0.666666667,26.13333333,60,16.72888889,74,14,14,67.93333333,35,13.42222222,78,43,78,58.825084,155.7545,42.44718987,183.84,28.0855,28.0855,2096.133333,2008,566.1955556,3695,1687,1687,11.06666667,10,3.911111111,14,4,14,3.733333333,3,0.977777778,6,3,3,128,59,22.66666667,170,111,111,1.877333333,0.86,0.132266667,2.36,1.5,1.9,1.866666667,1,0.231111111,2,1,2,1.333333333,2,0.888888889,2,0,2,1.2,5,1.6,5,0,0,1.866666667,14,3.235555556,14,0,0,6.266666667,16,3.528888889,20,4,4,0.133333333,1,0.231111111,1,0,0,2.666666667,4,1.777777778,4,0,4,2.133333333,8,2.844444444,8,0,0,0,0,0,0,0,0,4.933333333,4,1.244444444,8,4,4,19.27533333,4.75,1.552888889,20.44,15.69,20.44,0.515333333,0.773,0.343555556,0.773,0,0.773,1.50E-06,2.25E-05,2.80E-06,2.25E-05,0,0,225.3333333,35,4.177777778,229,194,227,0.29787234,0.212765957,0.191489362,0.29787234,0,0.168812602,0.020961713,None
MoSi2,65,313.15,2,0.745355992,0.693361274,0.670782206,0.667408235,0.666731742,23.33333333,28,12.44444444,42,14,14,68.66666667,28,12.44444444,78,50,78,50.71033333,67.8745,30.16644444,95.96,28.0855,28.0855,2090,1209,537.3333333,2896,1687,1687,11.33333333,8,3.555555556,14,6,14,3.666666667,2,0.888888889,5,3,3,125.3333333,43,19.11111111,154,111,111,1.986666667,0.26,0.115555556,2.16,1.9,1.9,1.666666667,1,0.444444444,2,1,2,1.333333333,2,0.888888889,2,0,2,1.666666667,5,2.222222222,5,0,0,0,0,0,0,0,0,4.666666667,2,0.888888889,6,4,4,0.333333333,1,0.444444444,1,0,0,2.666666667,4,1.777777778,4,0,4,1.666666667,5,2.222222222,5,0,0,0,0,0,0,0,0,4.666666667,2,0.888888889,6,4,4,18.85666667,4.75,2.111111111,20.44,15.69,20.44,0.515333333,0.773,0.343555556,0.773,0,0.773,0,0,0,0,0,0,227.6666667,2,0.888888889,229,227,227,0.357142857,0.285714286,0.357142857,0,0,0.016757996,0.007447998,None
VC,19.1,313.15,2,0.707106781,0.629960525,0.574349177,0.552044757,0.535886731,14.5,17,8.5,23,6,14.5,61.5,31,15.5,77,46,61.5,31.4761,38.9308,19.4654,50.9415,12.0107,31.4761,3003,1640,820,3823,2183,3003,9.5,9,4.5,14,5,9.5,3,2,1,4,2,3,114.5,77,38.5,153,76,114.5,2.09,0.92,0.46,2.55,1.63,2.09,2,0,0,2,2,2,1,2,1,2,0,1,1.5,3,1.5,3,0,1.5,0,0,0,0,0,0,4.5,1,0.5,5,4,4.5,0,0,0,0,0,0,2,4,2,4,0,2,3.5,7,3.5,7,0,3.5,0,0,0,0,0,0,5.5,3,1.5,7,4,5.5,9.325,7.37,3.685,13.01,5.64,9.325,2.248,4.496,2.248,4.496,0,2.248,0,0,0,0,0,0,211.5,35,17.5,229,194,211.5,0.444444444,0.222222222,0.333333333,0,1,0.190711652,0.095355826,None
TaSi2,21.9,313.15,2,0.745355992,0.693361274,0.670782206,0.667408235,0.666731742,33.66666667,59,26.22222222,73,14,14,68,30,13.33333333,78,48,78,79.03962667,152.86238,67.93883556,180.94788,28.0855,28.0855,2221.333333,1603,712.4444444,3290,1687,1687,11,9,4,14,5,14,4,3,1.333333333,6,3,3,130.6666667,59,26.22222222,170,111,111,1.766666667,0.4,0.177777778,1.9,1.5,1.9,2,0,0,2,2,2,1.333333333,2,0.888888889,2,0,2,1,3,1.333333333,3,0,0,4.666666667,14,6.222222222,14,0,0,9,15,6.666666667,19,4,4,0,0,0,0,0,0,2.666666667,4,1.777777778,4,0,4,2.333333333,7,3.111111111,7,0,0,0,0,0,0,0,0,5,3,1.333333333,7,4,4,19.66666667,2.32,1.031111111,20.44,18.12,20.44,0.515333333,0.773,0.343555556,0.773,0,0.773,0,0,0,0,0,0,227.6666667,2,0.888888889,229,227,227,0.222222222,0.148148148,0.111111111,0.518518519,0,0.039210561,0.017426916,None
TiSi2,45.9,313.15,2,0.745355992,0.693361274,0.670782206,0.667408235,0.666731742,16.66666667,8,3.555555556,22,14,14,66.33333333,35,15.55555556,78,43,78,34.67933333,19.7815,8.791777778,47.867,28.0855,28.0855,1771.666667,254,112.8888889,1941,1687,1687,10.66666667,10,4.444444444,14,4,14,3.333333333,1,0.444444444,4,3,3,127.3333333,49,21.77777778,160,111,111,1.78,0.36,0.16,1.9,1.54,1.9,2,0,0,2,2,2,1.333333333,2,0.888888889,2,0,2,0.666666667,2,0.888888889,2,0,0,0,0,0,0,0,0,4,0,0,4,4,4,0,0,0,0,0,0,2.666666667,4,1.777777778,4,0,4,2.666666667,8,3.555555556,8,0,0,0,0,0,0,0,0,5.333333333,4,1.777777778,8,4,4,19.19,3.75,1.666666667,20.44,16.69,20.44,0.515333333,0.773,0.343555556,0.773,0,0.773,7.51E-06,2.25E-05,1.00E-05,2.25E-05,0,0,216,33,14.66666667,227,194,227,0.5,0.333333333,0.166666667,0,0,0.031880743,0.014169219,None
WSi2,46.9,313.15,2,0.745355992,0.693361274,0.670782206,0.667408235,0.666731742,34,60,26.66666667,74,14,14,69,27,12,78,51,78,80.00366667,155.7545,69.22422222,183.84,28.0855,28.0855,2356.333333,2008,892.4444444,3695,1687,1687,11.33333333,8,3.555555556,14,6,14,4,3,1.333333333,6,3,3,128,51,22.66666667,162,111,111,2.053333333,0.46,0.204444444,2.36,1.9,1.9,2,0,0,2,2,2,1.333333333,2,0.888888889,2,0,2,1.333333333,4,1.777777778,4,0,0,4.666666667,14,6.222222222,14,0,0,9.333333333,16,7.111111111,20,4,4,0,0,0,0,0,0,2.666666667,4,1.777777778,4,0,4,2,6,2.666666667,6,0,0,0,0,0,0,0,0,4.666666667,2,0.888888889,6,4,4,18.97666667,4.39,1.951111111,20.44,16.05,20.44,0.515333333,0.773,0.343555556,0.773,0,0.773,0,0,0,0,0,0,227.6666667,2,0.888888889,229,227,227,0.214285714,0.142857143,0.142857143,0.5,0,0.051525145,0.022900064,None
Mo0.2Ta0.2Ni0.2Cr0.2W0.2B,2.05,673.15,6,0.547722558,0.506579702,0.500159898,0.500004571,0.500000026,26.6,69,22.12,74,5,5,61.9,24,10.1,72,48,72,62.549238,173.029,54.6200332,183.84,10.811,10.811,2552.9,1967,444.46,3695,1728,2348,9.8,8,3.24,13,5,13,3.5,4,1.5,6,2,2,116.9,86,32.9,170,84,84,1.979,0.86,0.1734,2.36,1.5,2.04,1.8,1,0.32,2,1,2,0.5,1,0.5,1,0,1,2.5,8,2.5,8,0,0,2.8,14,4.48,14,0,0,7.6,17,5.24,20,3,3,0.2,1,0.32,1,0,0,2.5,5,2.5,5,0,5,2.5,7,2.6,7,0,0,0,0,0,0,0,0,5.2,5,0.84,7,2,5,10.72325,10.9475,3.6314,18.12,7.1725,7.1725,0.762,1.524,0.762,1.524,0,1.524,0.05953947,0.5953947,0.107171046,0.5953947,0,0,197.1,63,31.1,229,166,166,0.236842105,0.065789474,0.328947368,0.368421053,0,0.168812602,0.025599298,None
MoB,9.67,673.15,2,0.707106781,0.629960525,0.574349177,0.552044757,0.535886731,23.5,37,18.5,42,5,23.5,61,22,11,72,50,61,53.3855,85.149,42.5745,95.96,10.811,53.3855,2622,548,274,2896,2348,2622,9.5,7,3.5,13,6,9.5,3.5,3,1.5,5,2,3.5,119,70,35,154,84,119,2.1,0.12,0.06,2.16,2.04,2.1,1.5,1,0.5,2,1,1.5,0.5,1,0.5,1,0,0.5,2.5,5,2.5,5,0,2.5,0,0,0,0,0,0,4.5,3,1.5,6,3,4.5,0.5,1,0.5,1,0,0.5,2.5,5,2.5,5,0,2.5,2.5,5,2.5,5,0,2.5,0,0,0,0,0,0,5.5,1,0.5,6,5,5.5,11.43125,8.5175,4.25875,15.69,7.1725,11.43125,0.762,1.524,0.762,1.524,0,0.762,0,0,0,0,0,0,197.5,63,31.5,229,166,197.5,0.333333333,0.111111111,0.555555556,0,0,0.003593528,0.001796764,None
CrB,12,673.15,2,0.707106781,0.629960525,0.574349177,0.552044757,0.535886731,14.5,19,9.5,24,5,14.5,60.5,23,11.5,72,49,60.5,31.40355,41.1851,20.59255,51.9961,10.811,31.40355,2264,168,84,2348,2180,2264,9.5,7,3.5,13,6,9.5,3,2,1,4,2,3,111.5,55,27.5,139,84,111.5,1.85,0.38,0.19,2.04,1.66,1.85,1.5,1,0.5,2,1,1.5,0.5,1,0.5,1,0,0.5,2.5,5,2.5,5,0,2.5,0,0,0,0,0,0,4.5,3,1.5,6,3,4.5,0.5,1,0.5,1,0,0.5,2.5,5,2.5,5,0,2.5,2.5,5,2.5,5,0,2.5,0,0,0,0,0,0,5.5,1,0.5,6,5,5.5,9.18125,4.0175,2.00875,11.19,7.1725,9.18125,0.762,1.524,0.762,1.524,0,0.762,0,0,0,0,0,0,197.5,63,31.5,229,166,197.5,0.333333333,0.111111111,0.555555556,0,0,0.035456166,0.017728083,None
WB,9.57,673.15,2,0.707106781,0.629960525,0.574349177,0.552044757,0.535886731,39.5,69,34.5,74,5,39.5,61.5,21,10.5,72,51,61.5,97.3255,173.029,86.5145,183.84,10.811,97.3255,3021.5,1347,673.5,3695,2348,3021.5,9.5,7,3.5,13,6,9.5,4,4,2,6,2,4,123,78,39,162,84,123,2.2,0.32,0.16,2.36,2.04,2.2,2,0,0,2,2,2,0.5,1,0.5,1,0,0.5,2,4,2,4,0,2,7,14,7,14,0,7,11.5,17,8.5,20,3,11.5,0,0,0,0,0,0,2.5,5,2.5,5,0,2.5,3,6,3,6,0,3,0,0,0,0,0,0,5.5,1,0.5,6,5,5.5,11.61125,8.8775,4.43875,16.05,7.1725,11.61125,0.762,1.524,0.762,1.524,0,0.762,0,0,0,0,0,0,197.5,63,31.5,229,166,197.5,0.173913043,0.043478261,0.173913043,0.608695652,0,0.025275098,0.012637549,None
TiP2O7,1.08,298.15,3,0.734846923,0.706069667,0.70027467,0.700015663,0.700000254,10.8,14,3.92,22,8,8,81.8,44,7.76,87,43,87,22.1810324,31.8676,8.65428536,47.867,15.9994,15.9994,295.92,1886.2,337.568,1941,54.8,54.8,14.6,12,2.12,16,4,16,2.4,2,0.56,4,2,2,83.6,94,24.64,160,66,66,3,1.9,0.616,3.44,1.54,3.44,2,0,0,2,2,2,3.4,4,0.84,4,0,4,0.2,2,0.36,2,0,0,0,0,0,0,0,0,5.6,2,0.56,6,4,6,0,0,0,0,0,0,2,3,0.4,3,0,2,0.8,8,1.44,8,0,0,0,0,0,0,0,0,2.8,6,1.12,8,2,2,12.55654762,13.4652381,4.832166667,22.5702381,9.105,9.105,0.325,1.625,0.52,1.625,0,0,2.25E-06,2.25E-05,4.06E-06,2.25E-05,0,0,28.2,192,33.16,194,2,12,0.357142857,0.607142857,0.035714286,0,1,0.594445495,0.177774413,None
ZrP2O7,0.92,298.15,3,0.734846923,0.706069667,0.70027467,0.700015663,0.700000254,12.6,32,6.44,40,8,8,81.9,43,7.58,87,44,87,26.5167324,75.2246,14.72426536,91.224,15.9994,15.9994,314.62,2073.2,363.748,2128,54.8,54.8,14.6,12,2.12,16,4,16,2.5,3,0.7,5,2,2,85.1,109,26.74,175,66,66,2.979,2.11,0.6454,3.44,1.33,3.44,2,0,0,2,2,2,3.4,4,0.84,4,0,4,0.2,2,0.36,2,0,0,0,0,0,0,0,0,5.6,2,0.56,6,4,6,0,0,0,0,0,0,2,3,0.4,3,0,2,0.8,8,1.44,8,0,0,0,0,0,0,0,0,2.8,6,1.12,8,2,2,13.20704762,14.09,5.742866667,23.195,9.105,9.105,0.325,1.625,0.52,1.625,0,0,0,0,0,0,0,0,28.2,192,33.16,194,2,12,0.357142857,0.607142857,0.035714286,0,1,0.671436448,0.19129613,None
HfP2O7,0.79,298.15,3,0.734846923,0.706069667,0.70027467,0.700015663,0.700000254,15.8,64,11.24,72,8,8,82,42,7.4,87,45,87,35.2433324,162.4906,28.64933352,178.49,15.9994,15.9994,352.42,2451.2,430.716,2506,54.8,54.8,14.6,12,2.12,16,4,16,2.6,4,0.84,6,2,2,85.1,109,26.74,175,66,66,2.976,2.14,0.6496,3.44,1.3,3.44,2,0,0,2,2,2,3.4,4,0.84,4,0,4,0.2,2,0.36,2,0,0,1.4,14,2.52,14,0,0,7,13,2.2,18,5,6,0,0,0,0,0,0,2,3,0.4,3,0,2,0.8,8,1.44,8,0,0,0,0,0,0,0,0,2.8,6,1.12,8,2,2,13.10754762,13.4652381,5.603566667,22.5702381,9.105,9.105,0.325,1.625,0.52,1.625,0,0,0,0,0,0,0,0,28.2,192,33.16,194,2,12,0.285714286,0.485714286,0.028571429,0.2,1,0.681744258,0.193172745,None
TiZrHfP2O7,0.78,298.15,5,0.623609564,0.589503663,0.583576086,0.583346588,0.583333545,18.33333333,64,13.16666667,72,8,8,75.58333333,44,15.79166667,87,43,87,40.96036033,162.4906,32.4499865,178.49,15.9994,15.9994,632.7666667,2451.2,779.45,2506,54.8,54.8,12.83333333,12,4.416666667,16,4,16,2.916666667,4,1.069444444,6,2,2,98.83333333,109,38.30555556,175,66,66,2.719166667,2.14,0.840972222,3.44,1.3,3.44,2,0,0,2,2,2,2.833333333,4,1.416666667,4,0,4,0.5,2,0.75,2,0,0,1.166666667,14,2.138888889,14,0,0,6.5,14,1.916666667,18,4,6,0,0,0,0,0,0,1.666666667,3,0.833333333,3,0,2,2,8,3,8,0,0,0,0,0,0,0,0,3.666666667,6,2.166666667,8,2,2,14.24670635,14.09,5.998657407,23.195,9.105,9.105,0.270833333,1.625,0.451388889,1.625,0,0,1.88E-06,2.25E-05,3.44E-06,2.25E-05,0,0,55.83333333,192,69.08333333,194,2,12,0.307692308,0.435897436,0.076923077,0.179487179,0,0.681744258,0.265047199,None
Y0.6Yb0.6Lu0.6Eu0.6Er0.6Al5O12,3.81,300,7,0.65345237,0.614251408,0.601499713,0.600186711,0.600009463,17.38,63,13.446,71,8,8,75.01,75,14.388,87,12,87,39.02951415,158.9674,33.66012476,174.9668,15.9994,15.9994,497.0075,1881.2,530.649,1936,54.8,54.8,13.3,13,3.24,16,3,16,2.82,4,0.984,6,2,2,98.38,132,38.856,198,66,66,2.65175,2.255,0.9459,3.44,1.185,3.44,2,0,0,2,2,2,2.65,4,1.62,4,0,4,0.06,1,0.1128,1,0,0,1.41,14,2.4816,14,0,0,6.12,14,1.8912,17,3,6,0,0,0,0,0,0,2.45,5,1.275,5,0,2,0.54,9,1.0152,9,0,0,0.27,7,0.5076,7,0,0,3.26,9,1.7832,9,0,2,14.45485,27.355,6.41982,36.46,9.105,9.105,0,0,0,0,0,0,6.74E-05,0.0022471,1.31E-04,0.0022471,0,0,94.53,217,99.036,229,12,12,0.326797386,0.433006536,0.009803922,0.230392157,1,0.719520951,0.299345256,None
Yb3Al5O12,4.67,300,3,0.667083203,0.617100579,0.601615505,0.600191932,0.60000952,18.55,62,15.435,70,8,8,76.3,48,12.84,87,39,87,42.30312465,157.0546,39.22526261,173.054,15.9994,15.9994,430.0475,1037.2,450.297,1092,54.8,54.8,13.3,13,3.24,16,3,16,2.85,4,1.02,6,2,2,97.9,121,38.28,187,66,66,2.6555,2.18,0.9414,3.44,1.26,3.44,2,0,0,2,2,2,2.65,4,1.62,4,0,4,0,0,0,0,0,0,2.1,14,3.57,14,0,0,6.75,13,2.775,16,3,6,0,0,0,0,0,0,2.45,5,1.275,5,0,2,0,0,0,0,0,0,0,0,0,0,0,0,2.45,5,1.275,5,0,2,14.701,25.015,6.7152,34.12,9.105,9.105,0,0,0,0,0,0,0,0,0,0,0,0,97.2,213,102.24,225,12,12,0.296296296,0.392592593,0,0.311111111,1,0.695200166,0.297525035,None
Y3Al5O12,11.2,300,3,0.667083203,0.617100579,0.601615505,0.600191932,0.60000952,13.9,31,7.53,39,8,8,72.25,75,18.075,87,12,87,29.68090215,72.90645,17.76748436,88.90585,15.9994,15.9994,536.0975,1744.2,577.557,1799,54.8,54.8,13.3,13,3.24,16,3,16,2.7,3,0.84,5,2,2,98.35,124,38.82,190,66,66,2.6495,2.22,0.9486,3.44,1.22,3.44,2,0,0,2,2,2,2.65,4,1.62,4,0,4,0.15,1,0.255,1,0,0,0,0,0,0,0,0,4.8,3,1.44,6,3,6,0,0,0,0,0,0,2.45,5,1.275,5,0,2,1.35,9,2.295,9,0,0,0,0,0,0,0,0,3.8,7,2.16,9,2,2,14.43775,23.26,6.3993,32.365,9.105,9.105,0,0,0,0,0,0,0,0,0,0,0,0,92.55,213,96.66,225,12,12,0.416666667,0.552083333,0.03125,0,1,0.708320593,0.300422986,None
ZrC,33.5,298.15,2,0.707106781,0.629960525,0.574349177,0.552044757,0.535886731,23,34,17,40,6,23,60.5,33,16.5,77,44,60.5,51.61735,79.2133,39.60665,91.224,12.0107,51.61735,2975.5,1695,847.5,3823,2128,2975.5,9,10,5,14,4,9,3.5,3,1.5,5,2,3.5,125.5,99,49.5,175,76,125.5,1.94,1.22,0.61,2.55,1.33,1.94,2,0,0,2,2,2,1,2,1,2,0,1,1,2,1,2,0,1,0,0,0,0,0,0,4,0,0,4,4,4,0,0,0,0,0,0,2,4,2,4,0,2,4,8,4,8,0,4,0,0,0,0,0,0,6,4,2,8,4,6,14.4175,17.555,8.7775,23.195,5.64,14.4175,2.248,4.496,2.248,4.496,0,2.248,0,0,0,0,0,0,194,0,0,194,194,194,0.5,0.25,0.25,0,1,0.310714689,0.155357345,None
NbC,16.3,298.15,2,0.707106781,0.629960525,0.574349177,0.552044757,0.535886731,23.5,35,17.5,41,6,23.5,62,30,15,77,47,62,52.45854,80.89568,40.44784,92.90638,12.0107,52.45854,3286.5,1073,536.5,3823,2750,3286.5,9.5,9,4.5,14,5,9.5,3.5,3,1.5,5,2,3.5,120,88,44,164,76,120,2.075,0.95,0.475,2.55,1.6,2.075,1.5,1,0.5,2,1,1.5,1,2,1,2,0,1,2,4,2,4,0,2,0,0,0,0,0,0,4.5,1,0.5,5,4,4.5,0.5,1,0.5,1,0,0.5,2,4,2,4,0,2,3,6,3,6,0,3,0,0,0,0,0,0,5.5,3,1.5,7,4,5.5,11.91,12.54,6.27,18.18,5.64,11.91,2.248,4.496,2.248,4.496,0,2.248,0,0,0,0,0,0,211.5,35,17.5,229,194,211.5,0.333333333,0.222222222,0.444444444,0,0,0.201982698,0.100991349,None
TiC,22.2,298.15,2,0.707106781,0.629960525,0.574349177,0.552044757,0.535886731,14,16,8,22,6,14,60,34,17,77,43,60,29.93885,35.8563,17.92815,47.867,12.0107,29.93885,2882,1882,941,3823,1941,2882,9,10,5,14,4,9,3,2,1,4,2,3,118,84,42,160,76,118,2.045,1.01,0.505,2.55,1.54,2.045,2,0,0,2,2,2,1,2,1,2,0,1,1,2,1,2,0,1,0,0,0,0,0,0,4,0,0,4,4,4,0,0,0,0,0,0,2,4,2,4,0,2,4,8,4,8,0,4,0,0,0,0,0,0,6,4,2,8,4,6,11.165,11.05,5.525,16.69,5.64,11.165,2.248,4.496,2.248,4.496,0,2.248,1.13E-05,2.25E-05,1.13E-05,2.25E-05,0,1.13E-05,194,0,0,194,194,194,0.5,0.25,0.25,0,1,0.225102875,0.112551437,None
VC,38.9,298.15,2,0.707106781,0.629960525,0.574349177,0.552044757,0.535886731,14.5,17,8.5,23,6,14.5,61.5,31,15.5,77,46,61.5,31.4761,38.9308,19.4654,50.9415,12.0107,31.4761,3003,1640,820,3823,2183,3003,9.5,9,4.5,14,5,9.5,3,2,1,4,2,3,114.5,77,38.5,153,76,114.5,2.09,0.92,0.46,2.55,1.63,2.09,2,0,0,2,2,2,1,2,1,2,0,1,1.5,3,1.5,3,0,1.5,0,0,0,0,0,0,4.5,1,0.5,5,4,4.5,0,0,0,0,0,0,2,4,2,4,0,2,3.5,7,3.5,7,0,3.5,0,0,0,0,0,0,5.5,3,1.5,7,4,5.5,9.325,7.37,3.685,13.01,5.64,9.325,2.248,4.496,2.248,4.496,0,2.248,0,0,0,0,0,0,211.5,35,17.5,229,194,211.5,0.444444444,0.222222222,0.333333333,0,1,0.190711652,0.095355826,None
Zr0.25Nb0.25Ti0.25V0.25C,15.3,298.15,5,0.559016994,0.510206888,0.500390016,0.500017437,0.500000191,18.75,35,12.75,41,6,6,61,34,16,77,43,77,41.37271,80.89568,29.36201,92.90638,12.0107,12.0107,3036.75,1882,786.25,3823,1941,3823,9.25,10,4.75,14,4,14,3.25,3,1.25,5,2,2,119.5,99,43.5,175,76,76,2.0375,1.22,0.5125,2.55,1.33,2.55,1.875,1,0.21875,2,1,2,1,2,1,2,0,2,1.375,4,1.375,4,0,0,0,0,0,0,0,0,4.25,1,0.375,5,4,4,0.125,1,0.21875,1,0,0,2,4,2,4,0,4,3.625,8,3.625,8,0,0,0,0,0,0,0,0,5.75,4,1.75,8,4,4,11.704375,17.555,6.064375,23.195,5.64,5.64,2.248,4.496,2.248,4.496,0,4.496,2.82E-06,2.25E-05,4.93E-06,2.25E-05,0,0,202.75,35,13.125,229,194,194,0.441176471,0.235294118,0.323529412,0,1,0.310714689,0.117764635,None
Zn0.1Ca0.1Sr0.4Ba0.4ZrO3,1.46,298.15,6,0.643117408,0.60825624,0.600503106,0.600039313,0.600001016,21.32,48,16.0368,56,8,8,63.88,80,27.9488,87,7,87,47.94936,121.3276,38.6548064,137.327,15.9994,15.9994,658.6336,2073.2,724.60032,2128,54.8,54.8,11,14,6.04,16,2,16,3.24,4,1.488,6,2,2,113.36,149,56.832,215,66,66,2.5302,2.55,1.09176,3.44,0.89,3.44,2,0,0,2,2,2,2.4,4,1.92,4,0,4,0.6,10,0.936,10,0,0,0,0,0,0,0,0,5,10,1.48,12,2,6,0,0,0,0,0,0,1.2,2,0.96,2,0,2,1.6,8,2.56,8,0,0,0,0,0,0,0,0,2.8,8,2.08,8,0,2,20.5622,54.485,14.012728,63.59,9.105,9.105,0,0,0,0,0,0,0,0,0,0,0,0,90.7,217,94.44,229,12,12,0.4,0.48,0.12,0,1,0.803211356,0.349653444,None
Zn0.1Ca0.1Sr0.4Ba0.4ZrO3,1.87,1473.15,6,0.643117408,0.60825624,0.600503106,0.600039313,0.600001016,21.32,48,16.0368,56,8,8,63.88,80,27.9488,87,7,87,47.94936,121.3276,38.6548064,137.327,15.9994,15.9994,658.6336,2073.2,724.60032,2128,54.8,54.8,11,14,6.04,16,2,16,3.24,4,1.488,6,2,2,113.36,149,56.832,215,66,66,2.5302,2.55,1.09176,3.44,0.89,3.44,2,0,0,2,2,2,2.4,4,1.92,4,0,4,0.6,10,0.936,10,0,0,0,0,0,0,0,0,5,10,1.48,12,2,6,0,0,0,0,0,0,1.2,2,0.96,2,0,2,1.6,8,2.56,8,0,0,0,0,0,0,0,0,2.8,8,2.08,8,0,2,20.5622,54.485,14.012728,63.59,9.105,9.105,0,0,0,0,0,0,0,0,0,0,0,0,90.7,217,94.44,229,12,12,0.4,0.48,0.12,0,1,0.803211356,0.349653444,None
BaZrO3,5.75,1273.15,3,0.663324958,0.614463365,0.600984419,0.600078355,0.600002032,24,48,19.2,56,8,8,62.8,78,29.04,87,9,87,55.30984,121.3276,47.172528,137.327,15.9994,15.9994,658.48,2073.2,724.416,2128,54.8,54.8,10.8,14,6.24,16,2,16,3.4,4,1.68,6,2,2,117.6,149,61.92,215,66,66,2.508,2.55,1.1184,3.44,0.89,3.44,2,0,0,2,2,2,2.4,4,1.92,4,0,4,0.4,2,0.64,2,0,0,0,0,0,0,0,0,4.8,4,1.44,6,2,6,0,0,0,0,0,0,1.2,2,0.96,2,0,2,1.6,8,2.56,8,0,0,0,0,0,0,0,0,2.8,8,2.08,8,0,2,22.82,54.485,16.458,63.59,9.105,9.105,0,0,0,0,0,0,0,0,0,0,0,0,91.8,217,95.76,229,12,12,0.416666667,0.5,0.083333333,0,1,0.803211356,0.357695264,None
SrZrO3,2.23,623.15,3,0.663324958,0.614463365,0.600984419,0.600078355,0.600002032,20.4,32,14.88,40,8,8,62.6,79,29.28,87,8,87,45.36844,75.2246,35.242848,91.224,15.9994,15.9994,668.48,2073.2,736.416,2128,54.8,54.8,10.8,14,6.24,16,2,16,3.2,3,1.44,5,2,2,113.6,129,57.12,195,66,66,2.52,2.49,1.104,3.44,0.95,3.44,2,0,0,2,2,2,2.4,4,1.92,4,0,4,0.4,2,0.64,2,0,0,0,0,0,0,0,0,4.8,4,1.44,6,2,6,0,0,0,0,0,0,1.2,2,0.96,2,0,2,1.6,8,2.56,8,0,0,0,0,0,0,0,0,2.8,8,2.08,8,0,2,20.948,45.125,14.2116,54.23,9.105,9.105,0,0,0,0,0,0,0,0,0,0,0,0,91,213,94.8,225,12,12,0.416666667,0.5,0.083333333,0,1,0.787757332,0.353043001,None
BaZrO3,2.84,298.15,3,0.663324958,0.614463365,0.600984419,0.600078355,0.600002032,24,48,19.2,56,8,8,62.8,78,29.04,87,9,87,55.30984,121.3276,47.172528,137.327,15.9994,15.9994,658.48,2073.2,724.416,2128,54.8,54.8,10.8,14,6.24,16,2,16,3.4,4,1.68,6,2,2,117.6,149,61.92,215,66,66,2.508,2.55,1.1184,3.44,0.89,3.44,2,0,0,2,2,2,2.4,4,1.92,4,0,4,0.4,2,0.64,2,0,0,0,0,0,0,0,0,4.8,4,1.44,6,2,6,0,0,0,0,0,0,1.2,2,0.96,2,0,2,1.6,8,2.56,8,0,0,0,0,0,0,0,0,2.8,8,2.08,8,0,2,22.82,54.485,16.458,63.59,9.105,9.105,0,0,0,0,0,0,0,0,0,0,0,0,91.8,217,95.76,229,12,12,0.416666667,0.5,0.083333333,0,1,0.803211356,0.357695264,None
La2Zr2O7,1.9,298.15,3,0.686348585,0.646108515,0.636847546,0.636391892,0.636364098,22.72727273,49,18.74380165,57,8,8,65.72727273,74,27.07438017,87,13,87,52.02315818,122.90607,45.8484195,138.90547,15.9994,15.9994,638.6909091,2073.2,743.1338843,2128,54.8,54.8,11.45454545,13,5.785123967,16,3,16,3.272727273,4,1.619834711,6,2,2,111.4545455,141,57.85123967,207,66,66,2.630909091,2.34,1.029752066,3.44,1.1,3.44,2,0,0,2,2,2,2.545454545,4,1.851239669,4,0,4,0.545454545,2,0.694214876,2,0,0,0,0,0,0,0,0,5.090909091,3,1.157024793,6,3,6,0,0,0,0,0,0,1.272727273,2,0.925619835,2,0,2,3.090909091,9,3.933884298,9,0,0,0,0,0,0,0,0,4.363636364,7,3.008264463,9,2,2,16.72,27.7925,9.691818182,36.8975,9.105,9.105,0,0,0,0,0,0,0,0,0,0,0,0,78.18181818,182,84.23140496,194,12,12,0.392857143,0.5,0.107142857,0,1,0.745613369,0.328780978,None
SrZrO3,3.3,1223.15,3,0.663324958,0.614463365,0.600984419,0.600078355,0.600002032,20.4,32,14.88,40,8,8,62.6,79,29.28,87,8,87,45.36844,75.2246,35.242848,91.224,15.9994,15.9994,668.48,2073.2,736.416,2128,54.8,54.8,10.8,14,6.24,16,2,16,3.2,3,1.44,5,2,2,113.6,129,57.12,195,66,66,2.52,2.49,1.104,3.44,0.95,3.44,2,0,0,2,2,2,2.4,4,1.92,4,0,4,0.4,2,0.64,2,0,0,0,0,0,0,0,0,4.8,4,1.44,6,2,6,0,0,0,0,0,0,1.2,2,0.96,2,0,2,1.6,8,2.56,8,0,0,0,0,0,0,0,0,2.8,8,2.08,8,0,2,20.948,45.125,14.2116,54.23,9.105,9.105,0,0,0,0,0,0,0,0,0,0,0,0,91,213,94.8,225,12,12,0.416666667,0.5,0.083333333,0,1,0.787757332,0.353043001,None
CaZrO3,2.02,298,3,0.663324958,0.614463365,0.600984419,0.600078355,0.600002032,16.8,32,10.56,40,8,8,62.4,80,29.52,87,7,87,35.86004,75.2246,23.832768,91.224,15.9994,15.9994,681.48,2073.2,752.016,2128,54.8,54.8,10.8,14,6.24,16,2,16,3,3,1.2,5,2,2,109.8,110,52.56,176,66,66,2.53,2.44,1.092,3.44,1,3.44,2,0,0,2,2,2,2.4,4,1.92,4,0,4,0.4,2,0.64,2,0,0,0,0,0,0,0,0,4.8,4,1.44,6,2,6,0,0,0,0,0,0,1.2,2,0.96,2,0,2,1.6,8,2.56,8,0,0,0,0,0,0,0,0,2.8,8,2.08,8,0,2,17.656,28.665,10.2612,37.77,9.105,9.105,0,0,0,0,0,0,0,0,0,0,0,0,91,213,94.8,225,12,12,0.416666667,0.5,0.083333333,0,1,0.77426646,0.349117317,None
CaZrO3,2.33,1473.15,3,0.663324958,0.614463365,0.600984419,0.600078355,0.600002032,16.8,32,10.56,40,8,8,62.4,80,29.52,87,7,87,35.86004,75.2246,23.832768,91.224,15.9994,15.9994,681.48,2073.2,752.016,2128,54.8,54.8,10.8,14,6.24,16,2,16,3,3,1.2,5,2,2,109.8,110,52.56,176,66,66,2.53,2.44,1.092,3.44,1,3.44,2,0,0,2,2,2,2.4,4,1.92,4,0,4,0.4,2,0.64,2,0,0,0,0,0,0,0,0,4.8,4,1.44,6,2,6,0,0,0,0,0,0,1.2,2,0.96,2,0,2,1.6,8,2.56,8,0,0,0,0,0,0,0,0,2.8,8,2.08,8,0,2,17.656,28.665,10.2612,37.77,9.105,9.105,0,0,0,0,0,0,0,0,0,0,0,0,91,213,94.8,225,12,12,0.416666667,0.5,0.083333333,0,1,0.77426646,0.349117317,None
ZrY2O5,2.3,298,3,0.684653197,0.639653743,0.626314459,0.625147324,0.62500656,19.75,32,14.6875,40,8,8,62.875,75,30.15625,87,12,87,43.6290875,75.2246,34.53710938,91.224,15.9994,15.9994,750,2073.2,869,2128,54.8,54.8,11.25,13,5.9375,16,3,16,3.125,3,1.40625,5,2,2,110.625,124,55.78125,190,66,66,2.62125,2.22,1.0234375,3.44,1.22,3.44,2,0,0,2,2,2,2.5,4,1.875,4,0,4,0.5,2,0.625,2,0,0,0,0,0,0,0,0,5,3,1.25,6,3,6,0,0,0,0,0,0,1.25,2,0.9375,2,0,2,3.25,9,4.0625,9,0,0,0,0,0,0,0,0,4.5,7,3.125,9,2,2,16.68125,23.26,9.4703125,32.365,9.105,9.105,0,0,0,0,0,0,0,0,0,0,0,0,80.25,182,85.3125,194,12,12,0.4,0.5,0.1,0,1,0.708320593,0.326450907,None
ZrY2O5,3,973.15,3,0.684653197,0.639653743,0.626314459,0.625147324,0.62500656,19.75,32,14.6875,40,8,8,62.875,75,30.15625,87,12,87,43.6290875,75.2246,34.53710938,91.224,15.9994,15.9994,750,2073.2,869,2128,54.8,54.8,11.25,13,5.9375,16,3,16,3.125,3,1.40625,5,2,2,110.625,124,55.78125,190,66,66,2.62125,2.22,1.0234375,3.44,1.22,3.44,2,0,0,2,2,2,2.5,4,1.875,4,0,4,0.5,2,0.625,2,0,0,0,0,0,0,0,0,5,3,1.25,6,3,6,0,0,0,0,0,0,1.25,2,0.9375,2,0,2,3.25,9,4.0625,9,0,0,0,0,0,0,0,0,4.5,7,3.125,9,2,2,16.68125,23.26,9.4703125,32.365,9.105,9.105,0,0,0,0,0,0,0,0,0,0,0,0,80.25,182,85.3125,194,12,12,0.4,0.5,0.1,0,1,0.708320593,0.326450907,None
Mg0.2Ni0.2Cu0.2Co0.2Zn0.2O,2.95,298,6,0.547722558,0.506579702,0.500159898,0.500004571,0.500000026,16.6,22,9.52,30,8,8,75.5,29,11.5,87,58,87,35.0854595,49.3806,21.2421514,65.38,15.9994,15.9994,674.345,1713.2,619.545,1768,54.8,54.8,12.4,14,3.6,16,2,16,2.9,2,0.9,4,2,2,97.5,75,31.5,141,66,66,2.585,2.13,0.855,3.44,1.31,3.44,1.9,1,0.18,2,1,2,2,4,2,4,0,4,3.5,10,4.2,10,0,0,0,0,0,0,0,0,7.4,10,2.48,12,2,6,0.1,1,0.18,1,0,0,1,2,1,2,0,2,0.5,3,0.8,3,0,0,0,0,0,0,0,0,1.6,3,0.76,3,0,2,11.401,13.785,2.8096,22.89,9.105,9.105,0,0,0,0,0,0,0.21438659,1.5484712,0.343018544,1.5484712,0,0,109.2,213,97.2,225,12,12,0.256756757,0.27027027,0.472972973,0,1,0.67832868,0.263986938,None
Mg0.167Ni0.167Cu0.167Co0.167Zn0.167Sc0.167O,1.68,298,7,0.539676484,0.50411063,0.499578333,0.49950205,0.499500505,16.25824176,22,8.960407724,30,8,8,71.06743257,76,15.91665078,87,11,87,34.33579204,49.3806,19.99154277,65.38,15.9994,15.9994,718.3497253,1759.2,667.1694,1814,54.8,54.8,11.91258741,14,4.097912577,16,2,16,2.917582418,2,0.916665752,4,2,2,100.9515485,104,34.91663182,170,66,66,2.553281718,2.13,0.885832449,3.44,1.31,3.44,1.916583417,1,0.152916514,2,1,2,1.998001998,4,1.999998004,4,0,4,3.002997003,10,3.835162839,10,0,0,0,0,0,0,0,0,6.917582418,10,2.390664281,12,2,6,0.083416583,1,0.152916514,1,0,0,0.999000999,2,0.999999002,2,0,2,1.167832168,9,1.751164919,9,0,0,0,0,0,0,0,0,2.25024975,9,1.251165418,9,0,2,12.1155045,13.785,3.793533714,22.89,9.105,9.105,0,0,0,0,0,0,0.178834498,1.5484712,0.297996886,1.5484712,0,0,108.2627373,213,96.16657069,225,12,12,0.277059716,0.288829518,0.434110766,0,0,0.67832868,0.277383187,None
Mg0.167Ni0.167Cu0.167Co0.167Zn0.167Sb0.167O,1.41,298,7,0.539676484,0.50411063,0.499578333,0.49950205,0.499500505,18.76073926,43,11.87790481,51,8,8,77.24025974,29,11.04457231,87,58,87,40.74252666,105.7606,27.46073287,121.76,15.9994,15.9994,642.4222827,1713.2,587.0352475,1768,54.8,54.8,12.91358641,14,3.431413242,16,2,16,3.000999001,3,1.000165668,5,2,2,98.36563437,75,32.33330106,141,66,66,2.610839161,2.13,0.828332507,3.44,1.31,3.44,1.916583417,1,0.152916514,2,1,2,2.248251748,4,1.875414795,4,0,4,3.753746254,10,4.376245632,10,0,0,0,0,0,0,0,0,7.918581419,13,2.904080435,15,2,6,0.083416583,1,0.152916514,1,0,0,1.249250749,3,1.042082293,3,0,2,0.417082917,3,0.694999306,3,0,0,0,0,0,0,0,0,1.74975025,3,0.708915959,3,0,2,12.89336414,22.455,4.959934633,31.56,9.105,9.105,0,0,0,0,0,0,0.178833969,1.5484712,0.297997063,1.5484712,0,0,105.9270729,213,93.83323969,225,12,12,0.242036208,0.283921024,0.474042768,0,0,0.67832868,0.253600571,None
Mg0.167Ni0.167Cu0.167Co0.167Zn0.167Sn0.167O,1.44,298,7,0.539676484,0.50411063,0.499578333,0.49950205,0.499500505,18.67732268,42,11.78065491,50,8,8,76.82317682,29,10.69665599,87,58,87,40.48810608,102.7106,27.16412067,118.71,15.9994,15.9994,609.1640909,1713.2,571.1749591,1768,54.8,54.8,12.83016983,14,3.361829978,16,2,16,3.000999001,3,1.000165668,5,2,2,98.36563437,75,32.33330106,141,66,66,2.603331668,2.13,0.835832499,3.44,1.31,3.44,1.916583417,1,0.152916514,2,1,2,2.164835165,4,1.833331504,4,0,4,3.753746254,10,4.376245632,10,0,0,0,0,0,0,0,0,7.835164835,12,2.806830532,14,2,6,0.083416583,1,0.152916514,1,0,0,1.332667333,4,1.111665557,4,0,2,0.417082917,3,0.694999306,3,0,0,0,0,0,0,0,0,1.833166833,4,0.750665917,4,0,2,13.03725774,24.18,5.175703168,33.285,9.105,9.105,0,0,0,0,0,0,0.178833969,1.5484712,0.297997063,1.5484712,0,0,103.8416583,213,91.74990843,225,12,12,0.244613031,0.276297335,0.479089634,0,0,0.67832868,0.256011742,None
Mg0.167Ni0.167Cu0.167Co0.167Zn0.167Cr0.167O,1.64,298,7,0.539676484,0.50411063,0.499578333,0.49950205,0.499500505,16.50849151,22,9.252157433,30,8,8,74.23726274,38,12.74998728,87,49,87,34.92306047,49.3806,20.67620037,65.38,15.9994,15.9994,748.8801948,2125.2,702.7628645,2180,54.8,54.8,12.16283716,14,3.833329508,16,2,16,2.917582418,2,0.916665752,4,2,2,98.36563437,75,32.33330106,141,66,66,2.578306693,2.13,0.860832474,3.44,1.31,3.44,1.833166833,1,0.277999723,2,1,2,1.998001998,4,1.999998004,4,0,4,3.336663337,10,3.889996118,10,0,0,0,0,0,0,0,0,7.167832168,10,2.223664447,12,2,6,0.166833167,1,0.277999723,1,0,0,0.999000999,2,0.999999002,2,0,2,0.834165834,5,1.250832085,5,0,0,0,0,0,0,0,0,2,6,0.834165834,6,0,2,11.19416833,13.785,2.412685092,22.89,9.105,9.105,0,0,0,0,0,0,0.178833969,1.5484712,0.297997063,1.5484712,0,0,111.1823177,217,99.08323445,229,12,12,0.255749129,0.278745645,0.465505226,0,0,0.67832868,0.265698731,None
Mg0.167Ni0.167Cu0.167Co0.167Zn0.167Ge0.167O,1.6,298,7,0.539676484,0.50411063,0.499578333,0.49950205,0.499500505,17.17582418,24,10.03015666,32,8,8,76.73976024,29,10.62707273,87,58,87,36.64510408,56.6406,22.68381764,72.64,15.9994,15.9994,668.0828921,1713.2,612.6702219,1768,54.8,54.8,12.83016983,14,3.361829978,16,2,16,2.917582418,2,0.916665752,4,2,2,96.78071928,75,30.74996931,141,66,66,2.607502498,2.13,0.831665837,3.44,1.31,3.44,1.916583417,1,0.152916514,2,1,2,2.164835165,4,1.833331504,4,0,4,3.753746254,10,4.376245632,10,0,0,0,0,0,0,0,0,7.835164835,12,2.806830532,14,2,6,0.083416583,1,0.152916514,1,0,0,1.332667333,4,1.111665557,4,0,2,0.417082917,3,0.694999306,3,0,0,0,0,0,0,0,0,1.833166833,4,0.750665917,4,0,2,12.17973526,13.9,3.889847785,23.005,9.105,9.105,0.031948551,0.383,0.058567025,0.383,0,0,0.178833969,1.5484712,0.297997063,1.5484712,0,0,110.8486513,213,98.74990145,225,12,12,0.244613031,0.276297335,0.479089634,0,0,0.67832868,0.254641222,None
Sn0.525Ge0.15Pb0.75Mn0.275,0.32,900,4,0.569176544,0.493574054,0.455639343,0.446245707,0.442409016,58.48529412,57,20.7482699,82,25,82,75.82352941,29,7.707612457,81,52,81,143.3686543,152.261955,56.32177558,207.2,54.938045,207.2,773.5644118,1013.92,318.4354412,1519,505.08,600.61,12.86764706,7,1.898356401,14,7,14,5.191176471,2,0.71366782,6,4,6,140.4117647,26,4.930795848,146,120,146,2.061323529,0.78,0.237067474,2.33,1.55,2.33,2,0,0,2,2,2,1.676470588,2,0.542387543,2,0,2,9.191176471,5,1.355968858,10,5,10,6.176470588,14,6.903114187,14,0,14,19.04411765,21,7.902249135,28,7,28,0,0,0,0,0,0,3.352941176,4,1.084775087,4,0,4,0.808823529,5,1.355968858,5,0,0,0,0,0,0,0,0,4.161764706,1,0.271193772,5,4,4,26.407036,22.79741379,5.750769523,33.285,10.48758621,28.11,0.033794118,0.383,0.061624567,0.383,0,0,5.02E-05,3.10E-04,8.41E-05,3.10E-04,0,0,197.7647059,84,35.06055363,225,141,225,0.105019305,0.088030888,0.482625483,0.324324324,0,0.141097614,0.036892163,None
Lu2Zr2O7,2.6,298,3,0.686348585,0.646108515,0.636847546,0.636391892,0.636364098,25.27272727,63,21.98347107,71,8,8,70.81818182,46,20.59504132,87,41,87,58.57976364,158.9674,54.19319008,174.9668,15.9994,15.9994,773.7818182,2073.2,915.0677686,2128,54.8,54.8,11.45454545,13,5.785123967,16,3,16,3.272727273,4,1.619834711,6,2,2,107.8181818,121,53.2231405,187,66,66,2.661818182,2.17,0.990413223,3.44,1.27,3.44,2,0,0,2,2,2,2.545454545,4,1.851239669,4,0,4,0.545454545,2,0.694214876,2,0,0,2.545454545,14,4.165289256,14,0,0,7.636363636,13,3.404958678,17,4,6,0,0,0,0,0,0,1.272727273,2,0.925619835,2,0,2,3.090909091,9,3.933884298,9,0,0,0,0,0,0,0,0,4.363636364,7,3.008264463,9,2,2,15.25954545,19.76,7.833057851,28.865,9.105,9.105,0,0,0,0,0,0,4.09E-04,0.0022471,6.69E-04,0.0022471,0,0,78.18181818,182,84.23140496,194,12,12,0.261904762,0.333333333,0.071428571,0.333333333,1,0.691867379,0.315534743,None
Lu2Zr2O7,1.85,500,3,0.686348585,0.646108515,0.636847546,0.636391892,0.636364098,25.27272727,63,21.98347107,71,8,8,70.81818182,46,20.59504132,87,41,87,58.57976364,158.9674,54.19319008,174.9668,15.9994,15.9994,773.7818182,2073.2,915.0677686,2128,54.8,54.8,11.45454545,13,5.785123967,16,3,16,3.272727273,4,1.619834711,6,2,2,107.8181818,121,53.2231405,187,66,66,2.661818182,2.17,0.990413223,3.44,1.27,3.44,2,0,0,2,2,2,2.545454545,4,1.851239669,4,0,4,0.545454545,2,0.694214876,2,0,0,2.545454545,14,4.165289256,14,0,0,7.636363636,13,3.404958678,17,4,6,0,0,0,0,0,0,1.272727273,2,0.925619835,2,0,2,3.090909091,9,3.933884298,9,0,0,0,0,0,0,0,0,4.363636364,7,3.008264463,9,2,2,15.25954545,19.76,7.833057851,28.865,9.105,9.105,0,0,0,0,0,0,4.09E-04,0.0022471,6.69E-04,0.0022471,0,0,78.18181818,182,84.23140496,194,12,12,0.261904762,0.333333333,0.071428571,0.333333333,1,0.691867379,0.315534743,None
Lu2Zr2O7,1.7,700,3,0.686348585,0.646108515,0.636847546,0.636391892,0.636364098,25.27272727,63,21.98347107,71,8,8,70.81818182,46,20.59504132,87,41,87,58.57976364,158.9674,54.19319008,174.9668,15.9994,15.9994,773.7818182,2073.2,915.0677686,2128,54.8,54.8,11.45454545,13,5.785123967,16,3,16,3.272727273,4,1.619834711,6,2,2,107.8181818,121,53.2231405,187,66,66,2.661818182,2.17,0.990413223,3.44,1.27,3.44,2,0,0,2,2,2,2.545454545,4,1.851239669,4,0,4,0.545454545,2,0.694214876,2,0,0,2.545454545,14,4.165289256,14,0,0,7.636363636,13,3.404958678,17,4,6,0,0,0,0,0,0,1.272727273,2,0.925619835,2,0,2,3.090909091,9,3.933884298,9,0,0,0,0,0,0,0,0,4.363636364,7,3.008264463,9,2,2,15.25954545,19.76,7.833057851,28.865,9.105,9.105,0,0,0,0,0,0,4.09E-04,0.0022471,6.69E-04,0.0022471,0,0,78.18181818,182,84.23140496,194,12,12,0.261904762,0.333333333,0.071428571,0.333333333,1,0.691867379,0.315534743,None
Lu2Zr2O7,1.85,900,3,0.686348585,0.646108515,0.636847546,0.636391892,0.636364098,25.27272727,63,21.98347107,71,8,8,70.81818182,46,20.59504132,87,41,87,58.57976364,158.9674,54.19319008,174.9668,15.9994,15.9994,773.7818182,2073.2,915.0677686,2128,54.8,54.8,11.45454545,13,5.785123967,16,3,16,3.272727273,4,1.619834711,6,2,2,107.8181818,121,53.2231405,187,66,66,2.661818182,2.17,0.990413223,3.44,1.27,3.44,2,0,0,2,2,2,2.545454545,4,1.851239669,4,0,4,0.545454545,2,0.694214876,2,0,0,2.545454545,14,4.165289256,14,0,0,7.636363636,13,3.404958678,17,4,6,0,0,0,0,0,0,1.272727273,2,0.925619835,2,0,2,3.090909091,9,3.933884298,9,0,0,0,0,0,0,0,0,4.363636364,7,3.008264463,9,2,2,15.25954545,19.76,7.833057851,28.865,9.105,9.105,0,0,0,0,0,0,4.09E-04,0.0022471,6.69E-04,0.0022471,0,0,78.18181818,182,84.23140496,194,12,12,0.261904762,0.333333333,0.071428571,0.333333333,1,0.691867379,0.315534743,None
Lu2Zr2O7,2,1100,3,0.686348585,0.646108515,0.636847546,0.636391892,0.636364098,25.27272727,63,21.98347107,71,8,8,70.81818182,46,20.59504132,87,41,87,58.57976364,158.9674,54.19319008,174.9668,15.9994,15.9994,773.7818182,2073.2,915.0677686,2128,54.8,54.8,11.45454545,13,5.785123967,16,3,16,3.272727273,4,1.619834711,6,2,2,107.8181818,121,53.2231405,187,66,66,2.661818182,2.17,0.990413223,3.44,1.27,3.44,2,0,0,2,2,2,2.545454545,4,1.851239669,4,0,4,0.545454545,2,0.694214876,2,0,0,2.545454545,14,4.165289256,14,0,0,7.636363636,13,3.404958678,17,4,6,0,0,0,0,0,0,1.272727273,2,0.925619835,2,0,2,3.090909091,9,3.933884298,9,0,0,0,0,0,0,0,0,4.363636364,7,3.008264463,9,2,2,15.25954545,19.76,7.833057851,28.865,9.105,9.105,0,0,0,0,0,0,4.09E-04,0.0022471,6.69E-04,0.0022471,0,0,78.18181818,182,84.23140496,194,12,12,0.261904762,0.333333333,0.071428571,0.333333333,1,0.691867379,0.315534743,None
Lu2Zr2O7,2.2,1300,3,0.686348585,0.646108515,0.636847546,0.636391892,0.636364098,25.27272727,63,21.98347107,71,8,8,70.81818182,46,20.59504132,87,41,87,58.57976364,158.9674,54.19319008,174.9668,15.9994,15.9994,773.7818182,2073.2,915.0677686,2128,54.8,54.8,11.45454545,13,5.785123967,16,3,16,3.272727273,4,1.619834711,6,2,2,107.8181818,121,53.2231405,187,66,66,2.661818182,2.17,0.990413223,3.44,1.27,3.44,2,0,0,2,2,2,2.545454545,4,1.851239669,4,0,4,0.545454545,2,0.694214876,2,0,0,2.545454545,14,4.165289256,14,0,0,7.636363636,13,3.404958678,17,4,6,0,0,0,0,0,0,1.272727273,2,0.925619835,2,0,2,3.090909091,9,3.933884298,9,0,0,0,0,0,0,0,0,4.363636364,7,3.008264463,9,2,2,15.25954545,19.76,7.833057851,28.865,9.105,9.105,0,0,0,0,0,0,4.09E-04,0.0022471,6.69E-04,0.0022471,0,0,78.18181818,182,84.23140496,194,12,12,0.261904762,0.333333333,0.071428571,0.333333333,1,0.691867379,0.315534743,None
Sm2Zr2O7,2,298,3,0.686348585,0.646108515,0.636847546,0.636391892,0.636364098,23.63636364,54,19.90082645,62,8,8,67.54545455,64,24.76033058,87,23,87,54.1058,134.3606,48.49905455,150.36,15.9994,15.9994,666.3272727,2073.2,778.307438,2128,54.8,54.8,11.45454545,13,5.785123967,16,3,16,3.272727273,4,1.619834711,6,2,2,109.8181818,132,55.76859504,198,66,66,2.643636364,2.27,1.013553719,3.44,1.17,3.44,2,0,0,2,2,2,2.545454545,4,1.851239669,4,0,4,0.363636364,2,0.595041322,2,0,0,1.090909091,6,1.785123967,6,0,0,6,4,0.727272727,8,4,6,0,0,0,0,0,0,1.272727273,2,0.925619835,2,0,2,1.454545455,8,2.380165289,8,0,0,1.454545455,8,2.380165289,8,0,0,4.181818182,6,2.776859504,8,2,2,16.05318182,24.125,8.843140496,33.23,9.105,9.105,0,0,0,0,0,0,0,0,0,0,0,0,73.09090909,182,77.75206612,194,12,12,0.333333333,0.424242424,0.060606061,0.181818182,1,0.724240177,0.323388281,None
Sm2Zr2O7,1.7,500,3,0.686348585,0.646108515,0.636847546,0.636391892,0.636364098,23.63636364,54,19.90082645,62,8,8,67.54545455,64,24.76033058,87,23,87,54.1058,134.3606,48.49905455,150.36,15.9994,15.9994,666.3272727,2073.2,778.307438,2128,54.8,54.8,11.45454545,13,5.785123967,16,3,16,3.272727273,4,1.619834711,6,2,2,109.8181818,132,55.76859504,198,66,66,2.643636364,2.27,1.013553719,3.44,1.17,3.44,2,0,0,2,2,2,2.545454545,4,1.851239669,4,0,4,0.363636364,2,0.595041322,2,0,0,1.090909091,6,1.785123967,6,0,0,6,4,0.727272727,8,4,6,0,0,0,0,0,0,1.272727273,2,0.925619835,2,0,2,1.454545455,8,2.380165289,8,0,0,1.454545455,8,2.380165289,8,0,0,4.181818182,6,2.776859504,8,2,2,16.05318182,24.125,8.843140496,33.23,9.105,9.105,0,0,0,0,0,0,0,0,0,0,0,0,73.09090909,182,77.75206612,194,12,12,0.333333333,0.424242424,0.060606061,0.181818182,1,0.724240177,0.323388281,None
Sm2Zr2O7,1.6,700,3,0.686348585,0.646108515,0.636847546,0.636391892,0.636364098,23.63636364,54,19.90082645,62,8,8,67.54545455,64,24.76033058,87,23,87,54.1058,134.3606,48.49905455,150.36,15.9994,15.9994,666.3272727,2073.2,778.307438,2128,54.8,54.8,11.45454545,13,5.785123967,16,3,16,3.272727273,4,1.619834711,6,2,2,109.8181818,132,55.76859504,198,66,66,2.643636364,2.27,1.013553719,3.44,1.17,3.44,2,0,0,2,2,2,2.545454545,4,1.851239669,4,0,4,0.363636364,2,0.595041322,2,0,0,1.090909091,6,1.785123967,6,0,0,6,4,0.727272727,8,4,6,0,0,0,0,0,0,1.272727273,2,0.925619835,2,0,2,1.454545455,8,2.380165289,8,0,0,1.454545455,8,2.380165289,8,0,0,4.181818182,6,2.776859504,8,2,2,16.05318182,24.125,8.843140496,33.23,9.105,9.105,0,0,0,0,0,0,0,0,0,0,0,0,73.09090909,182,77.75206612,194,12,12,0.333333333,0.424242424,0.060606061,0.181818182,1,0.724240177,0.323388281,None
Sm2Zr2O7,1.6,900,3,0.686348585,0.646108515,0.636847546,0.636391892,0.636364098,23.63636364,54,19.90082645,62,8,8,67.54545455,64,24.76033058,87,23,87,54.1058,134.3606,48.49905455,150.36,15.9994,15.9994,666.3272727,2073.2,778.307438,2128,54.8,54.8,11.45454545,13,5.785123967,16,3,16,3.272727273,4,1.619834711,6,2,2,109.8181818,132,55.76859504,198,66,66,2.643636364,2.27,1.013553719,3.44,1.17,3.44,2,0,0,2,2,2,2.545454545,4,1.851239669,4,0,4,0.363636364,2,0.595041322,2,0,0,1.090909091,6,1.785123967,6,0,0,6,4,0.727272727,8,4,6,0,0,0,0,0,0,1.272727273,2,0.925619835,2,0,2,1.454545455,8,2.380165289,8,0,0,1.454545455,8,2.380165289,8,0,0,4.181818182,6,2.776859504,8,2,2,16.05318182,24.125,8.843140496,33.23,9.105,9.105,0,0,0,0,0,0,0,0,0,0,0,0,73.09090909,182,77.75206612,194,12,12,0.333333333,0.424242424,0.060606061,0.181818182,1,0.724240177,0.323388281,None
Sm2Zr2O7,1.75,1100,3,0.686348585,0.646108515,0.636847546,0.636391892,0.636364098,23.63636364,54,19.90082645,62,8,8,67.54545455,64,24.76033058,87,23,87,54.1058,134.3606,48.49905455,150.36,15.9994,15.9994,666.3272727,2073.2,778.307438,2128,54.8,54.8,11.45454545,13,5.785123967,16,3,16,3.272727273,4,1.619834711,6,2,2,109.8181818,132,55.76859504,198,66,66,2.643636364,2.27,1.013553719,3.44,1.17,3.44,2,0,0,2,2,2,2.545454545,4,1.851239669,4,0,4,0.363636364,2,0.595041322,2,0,0,1.090909091,6,1.785123967,6,0,0,6,4,0.727272727,8,4,6,0,0,0,0,0,0,1.272727273,2,0.925619835,2,0,2,1.454545455,8,2.380165289,8,0,0,1.454545455,8,2.380165289,8,0,0,4.181818182,6,2.776859504,8,2,2,16.05318182,24.125,8.843140496,33.23,9.105,9.105,0,0,0,0,0,0,0,0,0,0,0,0,73.09090909,182,77.75206612,194,12,12,0.333333333,0.424242424,0.060606061,0.181818182,1,0.724240177,0.323388281,None
Sm2Zr2O7,1.8,1300,3,0.686348585,0.646108515,0.636847546,0.636391892,0.636364098,23.63636364,54,19.90082645,62,8,8,67.54545455,64,24.76033058,87,23,87,54.1058,134.3606,48.49905455,150.36,15.9994,15.9994,666.3272727,2073.2,778.307438,2128,54.8,54.8,11.45454545,13,5.785123967,16,3,16,3.272727273,4,1.619834711,6,2,2,109.8181818,132,55.76859504,198,66,66,2.643636364,2.27,1.013553719,3.44,1.17,3.44,2,0,0,2,2,2,2.545454545,4,1.851239669,4,0,4,0.363636364,2,0.595041322,2,0,0,1.090909091,6,1.785123967,6,0,0,6,4,0.727272727,8,4,6,0,0,0,0,0,0,1.272727273,2,0.925619835,2,0,2,1.454545455,8,2.380165289,8,0,0,1.454545455,8,2.380165289,8,0,0,4.181818182,6,2.776859504,8,2,2,16.05318182,24.125,8.843140496,33.23,9.105,9.105,0,0,0,0,0,0,0,0,0,0,0,0,73.09090909,182,77.75206612,194,12,12,0.333333333,0.424242424,0.060606061,0.181818182,1,0.724240177,0.323388281,None
La2Zr2O7,2.6,298,3,0.686348585,0.646108515,0.636847546,0.636391892,0.636364098,22.72727273,49,18.74380165,57,8,8,65.72727273,74,27.07438017,87,13,87,52.02315818,122.90607,45.8484195,138.90547,15.9994,15.9994,638.6909091,2073.2,743.1338843,2128,54.8,54.8,11.45454545,13,5.785123967,16,3,16,3.272727273,4,1.619834711,6,2,2,111.4545455,141,57.85123967,207,66,66,2.630909091,2.34,1.029752066,3.44,1.1,3.44,2,0,0,2,2,2,2.545454545,4,1.851239669,4,0,4,0.545454545,2,0.694214876,2,0,0,0,0,0,0,0,0,5.090909091,3,1.157024793,6,3,6,0,0,0,0,0,0,1.272727273,2,0.925619835,2,0,2,3.090909091,9,3.933884298,9,0,0,0,0,0,0,0,0,4.363636364,7,3.008264463,9,2,2,16.72,27.7925,9.691818182,36.8975,9.105,9.105,0,0,0,0,0,0,0,0,0,0,0,0,78.18181818,182,84.23140496,194,12,12,0.392857143,0.5,0.107142857,0,1,0.745613369,0.328780978,None
La2Zr2O7,2.4,500,3,0.686348585,0.646108515,0.636847546,0.636391892,0.636364098,22.72727273,49,18.74380165,57,8,8,65.72727273,74,27.07438017,87,13,87,52.02315818,122.90607,45.8484195,138.90547,15.9994,15.9994,638.6909091,2073.2,743.1338843,2128,54.8,54.8,11.45454545,13,5.785123967,16,3,16,3.272727273,4,1.619834711,6,2,2,111.4545455,141,57.85123967,207,66,66,2.630909091,2.34,1.029752066,3.44,1.1,3.44,2,0,0,2,2,2,2.545454545,4,1.851239669,4,0,4,0.545454545,2,0.694214876,2,0,0,0,0,0,0,0,0,5.090909091,3,1.157024793,6,3,6,0,0,0,0,0,0,1.272727273,2,0.925619835,2,0,2,3.090909091,9,3.933884298,9,0,0,0,0,0,0,0,0,4.363636364,7,3.008264463,9,2,2,16.72,27.7925,9.691818182,36.8975,9.105,9.105,0,0,0,0,0,0,0,0,0,0,0,0,78.18181818,182,84.23140496,194,12,12,0.392857143,0.5,0.107142857,0,1,0.745613369,0.328780978,None
La2Zr2O7,2.25,700,3,0.686348585,0.646108515,0.636847546,0.636391892,0.636364098,22.72727273,49,18.74380165,57,8,8,65.72727273,74,27.07438017,87,13,87,52.02315818,122.90607,45.8484195,138.90547,15.9994,15.9994,638.6909091,2073.2,743.1338843,2128,54.8,54.8,11.45454545,13,5.785123967,16,3,16,3.272727273,4,1.619834711,6,2,2,111.4545455,141,57.85123967,207,66,66,2.630909091,2.34,1.029752066,3.44,1.1,3.44,2,0,0,2,2,2,2.545454545,4,1.851239669,4,0,4,0.545454545,2,0.694214876,2,0,0,0,0,0,0,0,0,5.090909091,3,1.157024793,6,3,6,0,0,0,0,0,0,1.272727273,2,0.925619835,2,0,2,3.090909091,9,3.933884298,9,0,0,0,0,0,0,0,0,4.363636364,7,3.008264463,9,2,2,16.72,27.7925,9.691818182,36.8975,9.105,9.105,0,0,0,0,0,0,0,0,0,0,0,0,78.18181818,182,84.23140496,194,12,12,0.392857143,0.5,0.107142857,0,1,0.745613369,0.328780978,None
La2Zr2O7,2,900,3,0.686348585,0.646108515,0.636847546,0.636391892,0.636364098,22.72727273,49,18.74380165,57,8,8,65.72727273,74,27.07438017,87,13,87,52.02315818,122.90607,45.8484195,138.90547,15.9994,15.9994,638.6909091,2073.2,743.1338843,2128,54.8,54.8,11.45454545,13,5.785123967,16,3,16,3.272727273,4,1.619834711,6,2,2,111.4545455,141,57.85123967,207,66,66,2.630909091,2.34,1.029752066,3.44,1.1,3.44,2,0,0,2,2,2,2.545454545,4,1.851239669,4,0,4,0.545454545,2,0.694214876,2,0,0,0,0,0,0,0,0,5.090909091,3,1.157024793,6,3,6,0,0,0,0,0,0,1.272727273,2,0.925619835,2,0,2,3.090909091,9,3.933884298,9,0,0,0,0,0,0,0,0,4.363636364,7,3.008264463,9,2,2,16.72,27.7925,9.691818182,36.8975,9.105,9.105,0,0,0,0,0,0,0,0,0,0,0,0,78.18181818,182,84.23140496,194,12,12,0.392857143,0.5,0.107142857,0,1,0.745613369,0.328780978,None
La2Zr2O7,1.75,1100,3,0.686348585,0.646108515,0.636847546,0.636391892,0.636364098,22.72727273,49,18.74380165,57,8,8,65.72727273,74,27.07438017,87,13,87,52.02315818,122.90607,45.8484195,138.90547,15.9994,15.9994,638.6909091,2073.2,743.1338843,2128,54.8,54.8,11.45454545,13,5.785123967,16,3,16,3.272727273,4,1.619834711,6,2,2,111.4545455,141,57.85123967,207,66,66,2.630909091,2.34,1.029752066,3.44,1.1,3.44,2,0,0,2,2,2,2.545454545,4,1.851239669,4,0,4,0.545454545,2,0.694214876,2,0,0,0,0,0,0,0,0,5.090909091,3,1.157024793,6,3,6,0,0,0,0,0,0,1.272727273,2,0.925619835,2,0,2,3.090909091,9,3.933884298,9,0,0,0,0,0,0,0,0,4.363636364,7,3.008264463,9,2,2,16.72,27.7925,9.691818182,36.8975,9.105,9.105,0,0,0,0,0,0,0,0,0,0,0,0,78.18181818,182,84.23140496,194,12,12,0.392857143,0.5,0.107142857,0,1,0.745613369,0.328780978,None
La2Zr2O7,1.6,1300,3,0.686348585,0.646108515,0.636847546,0.636391892,0.636364098,22.72727273,49,18.74380165,57,8,8,65.72727273,74,27.07438017,87,13,87,52.02315818,122.90607,45.8484195,138.90547,15.9994,15.9994,638.6909091,2073.2,743.1338843,2128,54.8,54.8,11.45454545,13,5.785123967,16,3,16,3.272727273,4,1.619834711,6,2,2,111.4545455,141,57.85123967,207,66,66,2.630909091,2.34,1.029752066,3.44,1.1,3.44,2,0,0,2,2,2,2.545454545,4,1.851239669,4,0,4,0.545454545,2,0.694214876,2,0,0,0,0,0,0,0,0,5.090909091,3,1.157024793,6,3,6,0,0,0,0,0,0,1.272727273,2,0.925619835,2,0,2,3.090909091,9,3.933884298,9,0,0,0,0,0,0,0,0,4.363636364,7,3.008264463,9,2,2,16.72,27.7925,9.691818182,36.8975,9.105,9.105,0,0,0,0,0,0,0,0,0,0,0,0,78.18181818,182,84.23140496,194,12,12,0.392857143,0.5,0.107142857,0,1,0.745613369,0.328780978,None
LaYbZr2O7,1.3,298,4,0.674199862,0.642488783,0.636620897,0.636377986,0.636363868,23.90909091,62,20.24793388,70,8,8,68.09090909,74,24.0661157,87,13,87,55.12757,157.0546,49.79948909,173.054,15.9994,15.9994,629.5090909,2073.2,731.4479339,2128,54.8,54.8,11.45454545,13,5.785123967,16,3,16,3.272727273,4,1.619834711,6,2,2,109.6363636,141,55.53719008,207,66,66,2.645454545,2.34,1.011239669,3.44,1.1,3.44,2,0,0,2,2,2,2.545454545,4,1.851239669,4,0,4,0.454545455,2,0.661157025,2,0,0,1.272727273,14,2.314049587,14,0,0,6.272727273,13,1.768595041,16,3,6,0,0,0,0,0,0,1.272727273,2,0.925619835,2,0,2,2.272727273,9,3.305785124,9,0,0,0,0,0,0,0,0,3.545454545,9,2.611570248,9,0,2,16.4675,27.7925,9.370454545,36.8975,9.105,9.105,0,0,0,0,0,0,0,0,0,0,0,0,81,213,87.81818182,225,12,12,0.31884058,0.405797101,0.072463768,0.202898551,1,0.745613369,0.322659652,None
LaYbZr2O7,1.4,500,4,0.674199862,0.642488783,0.636620897,0.636377986,0.636363868,23.90909091,62,20.24793388,70,8,8,68.09090909,74,24.0661157,87,13,87,55.12757,157.0546,49.79948909,173.054,15.9994,15.9994,629.5090909,2073.2,731.4479339,2128,54.8,54.8,11.45454545,13,5.785123967,16,3,16,3.272727273,4,1.619834711,6,2,2,109.6363636,141,55.53719008,207,66,66,2.645454545,2.34,1.011239669,3.44,1.1,3.44,2,0,0,2,2,2,2.545454545,4,1.851239669,4,0,4,0.454545455,2,0.661157025,2,0,0,1.272727273,14,2.314049587,14,0,0,6.272727273,13,1.768595041,16,3,6,0,0,0,0,0,0,1.272727273,2,0.925619835,2,0,2,2.272727273,9,3.305785124,9,0,0,0,0,0,0,0,0,3.545454545,9,2.611570248,9,0,2,16.4675,27.7925,9.370454545,36.8975,9.105,9.105,0,0,0,0,0,0,0,0,0,0,0,0,81,213,87.81818182,225,12,12,0.31884058,0.405797101,0.072463768,0.202898551,1,0.745613369,0.322659652,None
LaYbZr2O7,1.45,700,4,0.674199862,0.642488783,0.636620897,0.636377986,0.636363868,23.90909091,62,20.24793388,70,8,8,68.09090909,74,24.0661157,87,13,87,55.12757,157.0546,49.79948909,173.054,15.9994,15.9994,629.5090909,2073.2,731.4479339,2128,54.8,54.8,11.45454545,13,5.785123967,16,3,16,3.272727273,4,1.619834711,6,2,2,109.6363636,141,55.53719008,207,66,66,2.645454545,2.34,1.011239669,3.44,1.1,3.44,2,0,0,2,2,2,2.545454545,4,1.851239669,4,0,4,0.454545455,2,0.661157025,2,0,0,1.272727273,14,2.314049587,14,0,0,6.272727273,13,1.768595041,16,3,6,0,0,0,0,0,0,1.272727273,2,0.925619835,2,0,2,2.272727273,9,3.305785124,9,0,0,0,0,0,0,0,0,3.545454545,9,2.611570248,9,0,2,16.4675,27.7925,9.370454545,36.8975,9.105,9.105,0,0,0,0,0,0,0,0,0,0,0,0,81,213,87.81818182,225,12,12,0.31884058,0.405797101,0.072463768,0.202898551,1,0.745613369,0.322659652,None
LaYbZr2O7,1.4,900,4,0.674199862,0.642488783,0.636620897,0.636377986,0.636363868,23.90909091,62,20.24793388,70,8,8,68.09090909,74,24.0661157,87,13,87,55.12757,157.0546,49.79948909,173.054,15.9994,15.9994,629.5090909,2073.2,731.4479339,2128,54.8,54.8,11.45454545,13,5.785123967,16,3,16,3.272727273,4,1.619834711,6,2,2,109.6363636,141,55.53719008,207,66,66,2.645454545,2.34,1.011239669,3.44,1.1,3.44,2,0,0,2,2,2,2.545454545,4,1.851239669,4,0,4,0.454545455,2,0.661157025,2,0,0,1.272727273,14,2.314049587,14,0,0,6.272727273,13,1.768595041,16,3,6,0,0,0,0,0,0,1.272727273,2,0.925619835,2,0,2,2.272727273,9,3.305785124,9,0,0,0,0,0,0,0,0,3.545454545,9,2.611570248,9,0,2,16.4675,27.7925,9.370454545,36.8975,9.105,9.105,0,0,0,0,0,0,0,0,0,0,0,0,81,213,87.81818182,225,12,12,0.31884058,0.405797101,0.072463768,0.202898551,1,0.745613369,0.322659652,None
LaYbZr2O7,1.35,1100,4,0.674199862,0.642488783,0.636620897,0.636377986,0.636363868,23.90909091,62,20.24793388,70,8,8,68.09090909,74,24.0661157,87,13,87,55.12757,157.0546,49.79948909,173.054,15.9994,15.9994,629.5090909,2073.2,731.4479339,2128,54.8,54.8,11.45454545,13,5.785123967,16,3,16,3.272727273,4,1.619834711,6,2,2,109.6363636,141,55.53719008,207,66,66,2.645454545,2.34,1.011239669,3.44,1.1,3.44,2,0,0,2,2,2,2.545454545,4,1.851239669,4,0,4,0.454545455,2,0.661157025,2,0,0,1.272727273,14,2.314049587,14,0,0,6.272727273,13,1.768595041,16,3,6,0,0,0,0,0,0,1.272727273,2,0.925619835,2,0,2,2.272727273,9,3.305785124,9,0,0,0,0,0,0,0,0,3.545454545,9,2.611570248,9,0,2,16.4675,27.7925,9.370454545,36.8975,9.105,9.105,0,0,0,0,0,0,0,0,0,0,0,0,81,213,87.81818182,225,12,12,0.31884058,0.405797101,0.072463768,0.202898551,1,0.745613369,0.322659652,None
La0.4Nd0.4Sm0.4Gd0.4Yb0.4Zr2O7,1.6,298,7,0.666804393,0.641467916,0.636606162,0.636377766,0.636363867,23.74545455,62,20.03966942,70,8,8,67.76363636,74,24.48264463,87,13,87,54.54258073,157.0546,49.05495729,173.054,15.9994,15.9994,658.5090909,2073.2,768.3570248,2128,54.8,54.8,11.45454545,13,5.785123967,16,3,16,3.272727273,4,1.619834711,6,2,2,109.7818182,141,55.72231405,207,66,66,2.644363636,2.34,1.012628099,3.44,1.1,3.44,2,0,0,2,2,2,2.545454545,4,1.851239669,4,0,4,0.436363636,2,0.650578512,2,0,0,1.127272727,14,1.92661157,14,0,0,6.109090909,13,1.139834711,16,3,6,0,0,0,0,0,0,1.272727273,2,0.925619835,2,0,2,2.109090909,9,3.14446281,9,0,0,0.909090909,10,1.619834711,10,0,0,4.290909091,16,3.227768595,16,0,2,16.23345455,27.7925,9.072578512,36.8975,9.105,9.105,0,0,0,0,0,0,0,0,0,0,0,0,78.29090909,213,84.37024793,225,12,12,0.327380952,0.416666667,0.071428571,0.18452381,1,0.745613369,0.323100006,None
La0.4Nd0.4Sm0.4Gd0.4Yb0.4Zr2O7,1.4,500,7,0.666804393,0.641467916,0.636606162,0.636377766,0.636363867,23.74545455,62,20.03966942,70,8,8,67.76363636,74,24.48264463,87,13,87,54.54258073,157.0546,49.05495729,173.054,15.9994,15.9994,658.5090909,2073.2,768.3570248,2128,54.8,54.8,11.45454545,13,5.785123967,16,3,16,3.272727273,4,1.619834711,6,2,2,109.7818182,141,55.72231405,207,66,66,2.644363636,2.34,1.012628099,3.44,1.1,3.44,2,0,0,2,2,2,2.545454545,4,1.851239669,4,0,4,0.436363636,2,0.650578512,2,0,0,1.127272727,14,1.92661157,14,0,0,6.109090909,13,1.139834711,16,3,6,0,0,0,0,0,0,1.272727273,2,0.925619835,2,0,2,2.109090909,9,3.14446281,9,0,0,0.909090909,10,1.619834711,10,0,0,4.290909091,16,3.227768595,16,0,2,16.23345455,27.7925,9.072578512,36.8975,9.105,9.105,0,0,0,0,0,0,0,0,0,0,0,0,78.29090909,213,84.37024793,225,12,12,0.327380952,0.416666667,0.071428571,0.18452381,1,0.745613369,0.323100006,None
La0.4Nd0.4Sm0.4Gd0.4Yb0.4Zr2O7,1.35,700,7,0.666804393,0.641467916,0.636606162,0.636377766,0.636363867,23.74545455,62,20.03966942,70,8,8,67.76363636,74,24.48264463,87,13,87,54.54258073,157.0546,49.05495729,173.054,15.9994,15.9994,658.5090909,2073.2,768.3570248,2128,54.8,54.8,11.45454545,13,5.785123967,16,3,16,3.272727273,4,1.619834711,6,2,2,109.7818182,141,55.72231405,207,66,66,2.644363636,2.34,1.012628099,3.44,1.1,3.44,2,0,0,2,2,2,2.545454545,4,1.851239669,4,0,4,0.436363636,2,0.650578512,2,0,0,1.127272727,14,1.92661157,14,0,0,6.109090909,13,1.139834711,16,3,6,0,0,0,0,0,0,1.272727273,2,0.925619835,2,0,2,2.109090909,9,3.14446281,9,0,0,0.909090909,10,1.619834711,10,0,0,4.290909091,16,3.227768595,16,0,2,16.23345455,27.7925,9.072578512,36.8975,9.105,9.105,0,0,0,0,0,0,0,0,0,0,0,0,78.29090909,213,84.37024793,225,12,12,0.327380952,0.416666667,0.071428571,0.18452381,1,0.745613369,0.323100006,None
La0.4Nd0.4Sm0.4Gd0.4Yb0.4Zr2O7,1.2,900,7,0.666804393,0.641467916,0.636606162,0.636377766,0.636363867,23.74545455,62,20.03966942,70,8,8,67.76363636,74,24.48264463,87,13,87,54.54258073,157.0546,49.05495729,173.054,15.9994,15.9994,658.5090909,2073.2,768.3570248,2128,54.8,54.8,11.45454545,13,5.785123967,16,3,16,3.272727273,4,1.619834711,6,2,2,109.7818182,141,55.72231405,207,66,66,2.644363636,2.34,1.012628099,3.44,1.1,3.44,2,0,0,2,2,2,2.545454545,4,1.851239669,4,0,4,0.436363636,2,0.650578512,2,0,0,1.127272727,14,1.92661157,14,0,0,6.109090909,13,1.139834711,16,3,6,0,0,0,0,0,0,1.272727273,2,0.925619835,2,0,2,2.109090909,9,3.14446281,9,0,0,0.909090909,10,1.619834711,10,0,0,4.290909091,16,3.227768595,16,0,2,16.23345455,27.7925,9.072578512,36.8975,9.105,9.105,0,0,0,0,0,0,0,0,0,0,0,0,78.29090909,213,84.37024793,225,12,12,0.327380952,0.416666667,0.071428571,0.18452381,1,0.745613369,0.323100006,None
La0.4Nd0.4Sm0.4Gd0.4Yb0.4Zr2O7,1,1100,7,0.666804393,0.641467916,0.636606162,0.636377766,0.636363867,23.74545455,62,20.03966942,70,8,8,67.76363636,74,24.48264463,87,13,87,54.54258073,157.0546,49.05495729,173.054,15.9994,15.9994,658.5090909,2073.2,768.3570248,2128,54.8,54.8,11.45454545,13,5.785123967,16,3,16,3.272727273,4,1.619834711,6,2,2,109.7818182,141,55.72231405,207,66,66,2.644363636,2.34,1.012628099,3.44,1.1,3.44,2,0,0,2,2,2,2.545454545,4,1.851239669,4,0,4,0.436363636,2,0.650578512,2,0,0,1.127272727,14,1.92661157,14,0,0,6.109090909,13,1.139834711,16,3,6,0,0,0,0,0,0,1.272727273,2,0.925619835,2,0,2,2.109090909,9,3.14446281,9,0,0,0.909090909,10,1.619834711,10,0,0,4.290909091,16,3.227768595,16,0,2,16.23345455,27.7925,9.072578512,36.8975,9.105,9.105,0,0,0,0,0,0,0,0,0,0,0,0,78.29090909,213,84.37024793,225,12,12,0.327380952,0.416666667,0.071428571,0.18452381,1,0.745613369,0.323100006,None
La0.4Nd0.4Sm0.4Gd0.4Yb0.4Zr2O7,0.9,1300,7,0.666804393,0.641467916,0.636606162,0.636377766,0.636363867,23.74545455,62,20.03966942,70,8,8,67.76363636,74,24.48264463,87,13,87,54.54258073,157.0546,49.05495729,173.054,15.9994,15.9994,658.5090909,2073.2,768.3570248,2128,54.8,54.8,11.45454545,13,5.785123967,16,3,16,3.272727273,4,1.619834711,6,2,2,109.7818182,141,55.72231405,207,66,66,2.644363636,2.34,1.012628099,3.44,1.1,3.44,2,0,0,2,2,2,2.545454545,4,1.851239669,4,0,4,0.436363636,2,0.650578512,2,0,0,1.127272727,14,1.92661157,14,0,0,6.109090909,13,1.139834711,16,3,6,0,0,0,0,0,0,1.272727273,2,0.925619835,2,0,2,2.109090909,9,3.14446281,9,0,0,0.909090909,10,1.619834711,10,0,0,4.290909091,16,3.227768595,16,0,2,16.23345455,27.7925,9.072578512,36.8975,9.105,9.105,0,0,0,0,0,0,0,0,0,0,0,0,78.29090909,213,84.37024793,225,12,12,0.327380952,0.416666667,0.071428571,0.18452381,1,0.745613369,0.323100006,None
La0.66Sm0.66Yb0.66Zr2O7,1.65,298,5,0.671157993,0.64296695,0.637768195,0.637536941,0.637523,23.74681239,62,20.07790286,70,8,8,67.98724954,74,24.24212262,87,13,87,54.60607015,157.0546,49.22526248,173.054,15.9994,15.9994,640.7468124,2073.2,747.1088683,2128,54.8,54.8,11.46994536,13,5.776025959,16,3,16,3.267759563,4,1.616451173,6,2,2,109.5373406,141,55.51209186,207,66,66,2.647522769,2.34,1.010444557,3.44,1.1,3.44,2,0,0,2,2,2,2.550091075,4,1.848699905,4,0,4,0.424408015,2,0.643183002,2,0,0,1.202185792,14,2.115321449,14,0,0,6.176684882,13,1.40014134,16,3,6,0,0,0,0,0,0,1.275045537,2,0.924349952,2,0,2,1.998178506,9,3.02820495,9,0,0,0.480874317,8,0.903938607,8,0,0,3.754098361,9,2.687867658,9,0,2,16.29584244,27.7925,9.168651564,36.8975,9.105,9.105,0,0,0,0,0,0,0,0,0,0,0,0,78.15118397,213,84.34577191,225,12,12,0.32379829,0.412857564,0.068711295,0.194632852,0,0.745613369,0.322398249,None
La0.66Sm0.66Yb0.66Zr2O7,1.6,500,5,0.671157993,0.64296695,0.637768195,0.637536941,0.637523,23.74681239,62,20.07790286,70,8,8,67.98724954,74,24.24212262,87,13,87,54.60607015,157.0546,49.22526248,173.054,15.9994,15.9994,640.7468124,2073.2,747.1088683,2128,54.8,54.8,11.46994536,13,5.776025959,16,3,16,3.267759563,4,1.616451173,6,2,2,109.5373406,141,55.51209186,207,66,66,2.647522769,2.34,1.010444557,3.44,1.1,3.44,2,0,0,2,2,2,2.550091075,4,1.848699905,4,0,4,0.424408015,2,0.643183002,2,0,0,1.202185792,14,2.115321449,14,0,0,6.176684882,13,1.40014134,16,3,6,0,0,0,0,0,0,1.275045537,2,0.924349952,2,0,2,1.998178506,9,3.02820495,9,0,0,0.480874317,8,0.903938607,8,0,0,3.754098361,9,2.687867658,9,0,2,16.29584244,27.7925,9.168651564,36.8975,9.105,9.105,0,0,0,0,0,0,0,0,0,0,0,0,78.15118397,213,84.34577191,225,12,12,0.32379829,0.412857564,0.068711295,0.194632852,0,0.745613369,0.322398249,None
La0.66Sm0.66Yb0.66Zr2O7,1.5,700,5,0.671157993,0.64296695,0.637768195,0.637536941,0.637523,23.74681239,62,20.07790286,70,8,8,67.98724954,74,24.24212262,87,13,87,54.60607015,157.0546,49.22526248,173.054,15.9994,15.9994,640.7468124,2073.2,747.1088683,2128,54.8,54.8,11.46994536,13,5.776025959,16,3,16,3.267759563,4,1.616451173,6,2,2,109.5373406,141,55.51209186,207,66,66,2.647522769,2.34,1.010444557,3.44,1.1,3.44,2,0,0,2,2,2,2.550091075,4,1.848699905,4,0,4,0.424408015,2,0.643183002,2,0,0,1.202185792,14,2.115321449,14,0,0,6.176684882,13,1.40014134,16,3,6,0,0,0,0,0,0,1.275045537,2,0.924349952,2,0,2,1.998178506,9,3.02820495,9,0,0,0.480874317,8,0.903938607,8,0,0,3.754098361,9,2.687867658,9,0,2,16.29584244,27.7925,9.168651564,36.8975,9.105,9.105,0,0,0,0,0,0,0,0,0,0,0,0,78.15118397,213,84.34577191,225,12,12,0.32379829,0.412857564,0.068711295,0.194632852,0,0.745613369,0.322398249,None
La0.66Sm0.66Yb0.66Zr2O7,1.45,900,5,0.671157993,0.64296695,0.637768195,0.637536941,0.637523,23.74681239,62,20.07790286,70,8,8,67.98724954,74,24.24212262,87,13,87,54.60607015,157.0546,49.22526248,173.054,15.9994,15.9994,640.7468124,2073.2,747.1088683,2128,54.8,54.8,11.46994536,13,5.776025959,16,3,16,3.267759563,4,1.616451173,6,2,2,109.5373406,141,55.51209186,207,66,66,2.647522769,2.34,1.010444557,3.44,1.1,3.44,2,0,0,2,2,2,2.550091075,4,1.848699905,4,0,4,0.424408015,2,0.643183002,2,0,0,1.202185792,14,2.115321449,14,0,0,6.176684882,13,1.40014134,16,3,6,0,0,0,0,0,0,1.275045537,2,0.924349952,2,0,2,1.998178506,9,3.02820495,9,0,0,0.480874317,8,0.903938607,8,0,0,3.754098361,9,2.687867658,9,0,2,16.29584244,27.7925,9.168651564,36.8975,9.105,9.105,0,0,0,0,0,0,0,0,0,0,0,0,78.15118397,213,84.34577191,225,12,12,0.32379829,0.412857564,0.068711295,0.194632852,0,0.745613369,0.322398249,None
La0.66Sm0.66Yb0.66Zr2O7,1.4,1100,5,0.671157993,0.64296695,0.637768195,0.637536941,0.637523,23.74681239,62,20.07790286,70,8,8,67.98724954,74,24.24212262,87,13,87,54.60607015,157.0546,49.22526248,173.054,15.9994,15.9994,640.7468124,2073.2,747.1088683,2128,54.8,54.8,11.46994536,13,5.776025959,16,3,16,3.267759563,4,1.616451173,6,2,2,109.5373406,141,55.51209186,207,66,66,2.647522769,2.34,1.010444557,3.44,1.1,3.44,2,0,0,2,2,2,2.550091075,4,1.848699905,4,0,4,0.424408015,2,0.643183002,2,0,0,1.202185792,14,2.115321449,14,0,0,6.176684882,13,1.40014134,16,3,6,0,0,0,0,0,0,1.275045537,2,0.924349952,2,0,2,1.998178506,9,3.02820495,9,0,0,0.480874317,8,0.903938607,8,0,0,3.754098361,9,2.687867658,9,0,2,16.29584244,27.7925,9.168651564,36.8975,9.105,9.105,0,0,0,0,0,0,0,0,0,0,0,0,78.15118397,213,84.34577191,225,12,12,0.32379829,0.412857564,0.068711295,0.194632852,0,0.745613369,0.322398249,None
La0.66Sm0.66Yb0.66Zr2O7,1.3,1300,5,0.671157993,0.64296695,0.637768195,0.637536941,0.637523,23.74681239,62,20.07790286,70,8,8,67.98724954,74,24.24212262,87,13,87,54.60607015,157.0546,49.22526248,173.054,15.9994,15.9994,640.7468124,2073.2,747.1088683,2128,54.8,54.8,11.46994536,13,5.776025959,16,3,16,3.267759563,4,1.616451173,6,2,2,109.5373406,141,55.51209186,207,66,66,2.647522769,2.34,1.010444557,3.44,1.1,3.44,2,0,0,2,2,2,2.550091075,4,1.848699905,4,0,4,0.424408015,2,0.643183002,2,0,0,1.202185792,14,2.115321449,14,0,0,6.176684882,13,1.40014134,16,3,6,0,0,0,0,0,0,1.275045537,2,0.924349952,2,0,2,1.998178506,9,3.02820495,9,0,0,0.480874317,8,0.903938607,8,0,0,3.754098361,9,2.687867658,9,0,2,16.29584244,27.7925,9.168651564,36.8975,9.105,9.105,0,0,0,0,0,0,0,0,0,0,0,0,78.15118397,213,84.34577191,225,12,12,0.32379829,0.412857564,0.068711295,0.194632852,0,0.745613369,0.322398249,None
Yb2Zr2O7,2.2,298,3,0.686348585,0.646108515,0.636847546,0.636391892,0.636364098,25.09090909,62,21.75206612,70,8,8,70.45454545,48,21.05785124,87,39,87,58.23198182,157.0546,53.75055868,173.054,15.9994,15.9994,620.3272727,2073.2,719.7619835,2128,54.8,54.8,11.45454545,13,5.785123967,16,3,16,3.272727273,4,1.619834711,6,2,2,107.8181818,121,53.2231405,187,66,66,2.66,2.18,0.992727273,3.44,1.26,3.44,2,0,0,2,2,2,2.545454545,4,1.851239669,4,0,4,0.363636364,2,0.595041322,2,0,0,2.545454545,14,4.165289256,14,0,0,7.454545455,12,3.107438017,16,4,6,0,0,0,0,0,0,1.272727273,2,0.925619835,2,0,2,1.454545455,8,2.380165289,8,0,0,0,0,0,0,0,0,2.727272727,8,1.917355372,8,0,2,16.215,25.015,9.049090909,34.12,9.105,9.105,0,0,0,0,0,0,0,0,0,0,0,0,83.81818182,213,91.40495868,225,12,12,0.268292683,0.341463415,0.048780488,0.341463415,1,0.695200166,0.316327431,None
Yb2Zr2O7,1.8,500,3,0.686348585,0.646108515,0.636847546,0.636391892,0.636364098,25.09090909,62,21.75206612,70,8,8,70.45454545,48,21.05785124,87,39,87,58.23198182,157.0546,53.75055868,173.054,15.9994,15.9994,620.3272727,2073.2,719.7619835,2128,54.8,54.8,11.45454545,13,5.785123967,16,3,16,3.272727273,4,1.619834711,6,2,2,107.8181818,121,53.2231405,187,66,66,2.66,2.18,0.992727273,3.44,1.26,3.44,2,0,0,2,2,2,2.545454545,4,1.851239669,4,0,4,0.363636364,2,0.595041322,2,0,0,2.545454545,14,4.165289256,14,0,0,7.454545455,12,3.107438017,16,4,6,0,0,0,0,0,0,1.272727273,2,0.925619835,2,0,2,1.454545455,8,2.380165289,8,0,0,0,0,0,0,0,0,2.727272727,8,1.917355372,8,0,2,16.215,25.015,9.049090909,34.12,9.105,9.105,0,0,0,0,0,0,0,0,0,0,0,0,83.81818182,213,91.40495868,225,12,12,0.268292683,0.341463415,0.048780488,0.341463415,1,0.695200166,0.316327431,None
Yb2Zr2O7,1.75,700,3,0.686348585,0.646108515,0.636847546,0.636391892,0.636364098,25.09090909,62,21.75206612,70,8,8,70.45454545,48,21.05785124,87,39,87,58.23198182,157.0546,53.75055868,173.054,15.9994,15.9994,620.3272727,2073.2,719.7619835,2128,54.8,54.8,11.45454545,13,5.785123967,16,3,16,3.272727273,4,1.619834711,6,2,2,107.8181818,121,53.2231405,187,66,66,2.66,2.18,0.992727273,3.44,1.26,3.44,2,0,0,2,2,2,2.545454545,4,1.851239669,4,0,4,0.363636364,2,0.595041322,2,0,0,2.545454545,14,4.165289256,14,0,0,7.454545455,12,3.107438017,16,4,6,0,0,0,0,0,0,1.272727273,2,0.925619835,2,0,2,1.454545455,8,2.380165289,8,0,0,0,0,0,0,0,0,2.727272727,8,1.917355372,8,0,2,16.215,25.015,9.049090909,34.12,9.105,9.105,0,0,0,0,0,0,0,0,0,0,0,0,83.81818182,213,91.40495868,225,12,12,0.268292683,0.341463415,0.048780488,0.341463415,1,0.695200166,0.316327431,None
Yb2Zr2O7,1.8,900,3,0.686348585,0.646108515,0.636847546,0.636391892,0.636364098,25.09090909,62,21.75206612,70,8,8,70.45454545,48,21.05785124,87,39,87,58.23198182,157.0546,53.75055868,173.054,15.9994,15.9994,620.3272727,2073.2,719.7619835,2128,54.8,54.8,11.45454545,13,5.785123967,16,3,16,3.272727273,4,1.619834711,6,2,2,107.8181818,121,53.2231405,187,66,66,2.66,2.18,0.992727273,3.44,1.26,3.44,2,0,0,2,2,2,2.545454545,4,1.851239669,4,0,4,0.363636364,2,0.595041322,2,0,0,2.545454545,14,4.165289256,14,0,0,7.454545455,12,3.107438017,16,4,6,0,0,0,0,0,0,1.272727273,2,0.925619835,2,0,2,1.454545455,8,2.380165289,8,0,0,0,0,0,0,0,0,2.727272727,8,1.917355372,8,0,2,16.215,25.015,9.049090909,34.12,9.105,9.105,0,0,0,0,0,0,0,0,0,0,0,0,83.81818182,213,91.40495868,225,12,12,0.268292683,0.341463415,0.048780488,0.341463415,1,0.695200166,0.316327431,None
Yb2Zr2O7,2.1,1100,3,0.686348585,0.646108515,0.636847546,0.636391892,0.636364098,25.09090909,62,21.75206612,70,8,8,70.45454545,48,21.05785124,87,39,87,58.23198182,157.0546,53.75055868,173.054,15.9994,15.9994,620.3272727,2073.2,719.7619835,2128,54.8,54.8,11.45454545,13,5.785123967,16,3,16,3.272727273,4,1.619834711,6,2,2,107.8181818,121,53.2231405,187,66,66,2.66,2.18,0.992727273,3.44,1.26,3.44,2,0,0,2,2,2,2.545454545,4,1.851239669,4,0,4,0.363636364,2,0.595041322,2,0,0,2.545454545,14,4.165289256,14,0,0,7.454545455,12,3.107438017,16,4,6,0,0,0,0,0,0,1.272727273,2,0.925619835,2,0,2,1.454545455,8,2.380165289,8,0,0,0,0,0,0,0,0,2.727272727,8,1.917355372,8,0,2,16.215,25.015,9.049090909,34.12,9.105,9.105,0,0,0,0,0,0,0,0,0,0,0,0,83.81818182,213,91.40495868,225,12,12,0.268292683,0.341463415,0.048780488,0.341463415,1,0.695200166,0.316327431,None
Yb2Zr2O7,2.2,1300,3,0.686348585,0.646108515,0.636847546,0.636391892,0.636364098,25.09090909,62,21.75206612,70,8,8,70.45454545,48,21.05785124,87,39,87,58.23198182,157.0546,53.75055868,173.054,15.9994,15.9994,620.3272727,2073.2,719.7619835,2128,54.8,54.8,11.45454545,13,5.785123967,16,3,16,3.272727273,4,1.619834711,6,2,2,107.8181818,121,53.2231405,187,66,66,2.66,2.18,0.992727273,3.44,1.26,3.44,2,0,0,2,2,2,2.545454545,4,1.851239669,4,0,4,0.363636364,2,0.595041322,2,0,0,2.545454545,14,4.165289256,14,0,0,7.454545455,12,3.107438017,16,4,6,0,0,0,0,0,0,1.272727273,2,0.925619835,2,0,2,1.454545455,8,2.380165289,8,0,0,0,0,0,0,0,0,2.727272727,8,1.917355372,8,0,2,16.215,25.015,9.049090909,34.12,9.105,9.105,0,0,0,0,0,0,0,0,0,0,0,0,83.81818182,213,91.40495868,225,12,12,0.268292683,0.341463415,0.048780488,0.341463415,1,0.695200166,0.316327431,None
Sm0.4Eu0.4Tb0.4Dy0.4Lu0.4Zr2O7,0.86,1273,7,0.666804393,0.641467916,0.636606162,0.636377766,0.636363867,24.25454545,63,20.68760331,71,8,8,68.78181818,64,23.18677686,87,23,87,55.81184182,158.9674,50.6703805,174.9668,15.9994,15.9994,701.4181818,2073.2,822.968595,2128,54.8,54.8,11.45454545,13,5.785123967,16,3,16,3.272727273,4,1.619834711,6,2,2,109.0545455,132,54.79669421,198,66,66,2.651090909,2.27,1.004066116,3.44,1.17,3.44,2,0,0,2,2,2,2.545454545,4,1.851239669,4,0,4,0.4,2,0.625454545,2,0,0,1.672727273,14,2.737190083,14,0,0,6.618181818,13,1.738842975,17,4,6,0,0,0,0,0,0,1.272727273,2,0.925619835,2,0,2,1.781818182,9,2.786115702,9,0,0,0.872727273,8,1.491570248,8,0,0,3.927272727,7,2.452892562,9,2,2,15.88524242,27.355,8.629399449,36.46,9.105,9.105,0,0,0,0,0,0,8.17E-05,0.0022471,1.57E-04,0.0022471,0,0,78.43636364,217,84.5553719,229,12,12,0.302197802,0.384615385,0.06043956,0.252747253,1,0.724240177,0.320198222,None
Sm0.4Eu0.4Tb0.4Dy0.4Lu0.4Zr2O7,1.45,300,7,0.666804393,0.641467916,0.636606162,0.636377766,0.636363867,24.25454545,63,20.68760331,71,8,8,68.78181818,64,23.18677686,87,23,87,55.81184182,158.9674,50.6703805,174.9668,15.9994,15.9994,701.4181818,2073.2,822.968595,2128,54.8,54.8,11.45454545,13,5.785123967,16,3,16,3.272727273,4,1.619834711,6,2,2,109.0545455,132,54.79669421,198,66,66,2.651090909,2.27,1.004066116,3.44,1.17,3.44,2,0,0,2,2,2,2.545454545,4,1.851239669,4,0,4,0.4,2,0.625454545,2,0,0,1.672727273,14,2.737190083,14,0,0,6.618181818,13,1.738842975,17,4,6,0,0,0,0,0,0,1.272727273,2,0.925619835,2,0,2,1.781818182,9,2.786115702,9,0,0,0.872727273,8,1.491570248,8,0,0,3.927272727,7,2.452892562,9,2,2,15.88524242,27.355,8.629399449,36.46,9.105,9.105,0,0,0,0,0,0,8.17E-05,0.0022471,1.57E-04,0.0022471,0,0,78.43636364,217,84.5553719,229,12,12,0.302197802,0.384615385,0.06043956,0.252747253,1,0.724240177,0.320198222,None
Sm0.4Eu0.4Tb0.4Dy0.4Lu0.4Zr2O7,1.2,500,7,0.666804393,0.641467916,0.636606162,0.636377766,0.636363867,24.25454545,63,20.68760331,71,8,8,68.78181818,64,23.18677686,87,23,87,55.81184182,158.9674,50.6703805,174.9668,15.9994,15.9994,701.4181818,2073.2,822.968595,2128,54.8,54.8,11.45454545,13,5.785123967,16,3,16,3.272727273,4,1.619834711,6,2,2,109.0545455,132,54.79669421,198,66,66,2.651090909,2.27,1.004066116,3.44,1.17,3.44,2,0,0,2,2,2,2.545454545,4,1.851239669,4,0,4,0.4,2,0.625454545,2,0,0,1.672727273,14,2.737190083,14,0,0,6.618181818,13,1.738842975,17,4,6,0,0,0,0,0,0,1.272727273,2,0.925619835,2,0,2,1.781818182,9,2.786115702,9,0,0,0.872727273,8,1.491570248,8,0,0,3.927272727,7,2.452892562,9,2,2,15.88524242,27.355,8.629399449,36.46,9.105,9.105,0,0,0,0,0,0,8.17E-05,0.0022471,1.57E-04,0.0022471,0,0,78.43636364,217,84.5553719,229,12,12,0.302197802,0.384615385,0.06043956,0.252747253,1,0.724240177,0.320198222,None
Sm0.4Eu0.4Tb0.4Dy0.4Lu0.4Zr2O7,1.1,700,7,0.666804393,0.641467916,0.636606162,0.636377766,0.636363867,24.25454545,63,20.68760331,71,8,8,68.78181818,64,23.18677686,87,23,87,55.81184182,158.9674,50.6703805,174.9668,15.9994,15.9994,701.4181818,2073.2,822.968595,2128,54.8,54.8,11.45454545,13,5.785123967,16,3,16,3.272727273,4,1.619834711,6,2,2,109.0545455,132,54.79669421,198,66,66,2.651090909,2.27,1.004066116,3.44,1.17,3.44,2,0,0,2,2,2,2.545454545,4,1.851239669,4,0,4,0.4,2,0.625454545,2,0,0,1.672727273,14,2.737190083,14,0,0,6.618181818,13,1.738842975,17,4,6,0,0,0,0,0,0,1.272727273,2,0.925619835,2,0,2,1.781818182,9,2.786115702,9,0,0,0.872727273,8,1.491570248,8,0,0,3.927272727,7,2.452892562,9,2,2,15.88524242,27.355,8.629399449,36.46,9.105,9.105,0,0,0,0,0,0,8.17E-05,0.0022471,1.57E-04,0.0022471,0,0,78.43636364,217,84.5553719,229,12,12,0.302197802,0.384615385,0.06043956,0.252747253,1,0.724240177,0.320198222,None
Sm0.4Eu0.4Tb0.4Dy0.4Lu0.4Zr2O7,1,900,7,0.666804393,0.641467916,0.636606162,0.636377766,0.636363867,24.25454545,63,20.68760331,71,8,8,68.78181818,64,23.18677686,87,23,87,55.81184182,158.9674,50.6703805,174.9668,15.9994,15.9994,701.4181818,2073.2,822.968595,2128,54.8,54.8,11.45454545,13,5.785123967,16,3,16,3.272727273,4,1.619834711,6,2,2,109.0545455,132,54.79669421,198,66,66,2.651090909,2.27,1.004066116,3.44,1.17,3.44,2,0,0,2,2,2,2.545454545,4,1.851239669,4,0,4,0.4,2,0.625454545,2,0,0,1.672727273,14,2.737190083,14,0,0,6.618181818,13,1.738842975,17,4,6,0,0,0,0,0,0,1.272727273,2,0.925619835,2,0,2,1.781818182,9,2.786115702,9,0,0,0.872727273,8,1.491570248,8,0,0,3.927272727,7,2.452892562,9,2,2,15.88524242,27.355,8.629399449,36.46,9.105,9.105,0,0,0,0,0,0,8.17E-05,0.0022471,1.57E-04,0.0022471,0,0,78.43636364,217,84.5553719,229,12,12,0.302197802,0.384615385,0.06043956,0.252747253,1,0.724240177,0.320198222,None
Sm0.4Eu0.4Tb0.4Dy0.4Lu0.4Zr2O7,0.8,1100,7,0.666804393,0.641467916,0.636606162,0.636377766,0.636363867,24.25454545,63,20.68760331,71,8,8,68.78181818,64,23.18677686,87,23,87,55.81184182,158.9674,50.6703805,174.9668,15.9994,15.9994,701.4181818,2073.2,822.968595,2128,54.8,54.8,11.45454545,13,5.785123967,16,3,16,3.272727273,4,1.619834711,6,2,2,109.0545455,132,54.79669421,198,66,66,2.651090909,2.27,1.004066116,3.44,1.17,3.44,2,0,0,2,2,2,2.545454545,4,1.851239669,4,0,4,0.4,2,0.625454545,2,0,0,1.672727273,14,2.737190083,14,0,0,6.618181818,13,1.738842975,17,4,6,0,0,0,0,0,0,1.272727273,2,0.925619835,2,0,2,1.781818182,9,2.786115702,9,0,0,0.872727273,8,1.491570248,8,0,0,3.927272727,7,2.452892562,9,2,2,15.88524242,27.355,8.629399449,36.46,9.105,9.105,0,0,0,0,0,0,8.17E-05,0.0022471,1.57E-04,0.0022471,0,0,78.43636364,217,84.5553719,229,12,12,0.302197802,0.384615385,0.06043956,0.252747253,1,0.724240177,0.320198222,None
Sm0.66Eu0.66Dy0.66Zr2O7,1.9,298,5,0.671157993,0.64296695,0.637768195,0.637536941,0.637523,23.86703097,58,20.23118702,66,8,8,68.2276867,64,23.93555429,87,23,87,54.75661566,146.5006,49.41721487,162.5,15.9994,15.9994,670.5009107,2073.2,785.0466986,2128,54.8,54.8,11.46994536,13,5.776025959,16,3,16,3.267759563,4,1.616451173,6,2,2,109.2969035,132,55.20552354,198,66,66,2.650227687,2.27,1.006995664,3.44,1.17,3.44,2,0,0,2,2,2,2.550091075,4,1.848699905,4,0,4,0.364298725,2,0.595883889,2,0,0,1.382513661,10,2.266415838,10,0,0,6.296903461,8,1.215324435,12,4,6,0,0,0,0,0,0,1.275045537,2,0.924349952,2,0,2,1.4571949,8,2.383535556,8,0,0,1.142076503,8,1.872256562,8,0,0,3.87431694,6,2.38983945,8,2,2,16.09642987,27.355,8.914391459,36.46,9.105,9.105,0,0,0,0,0,0,0,0,0,0,0,0,78.39162113,217,84.65234024,229,12,12,0.31761643,0.404975412,0.05785363,0.219554527,0,0.724240177,0.321208057,None
Sm0.66Eu0.66Dy0.66Zr2O7,1.7,500,5,0.671157993,0.64296695,0.637768195,0.637536941,0.637523,23.86703097,58,20.23118702,66,8,8,68.2276867,64,23.93555429,87,23,87,54.75661566,146.5006,49.41721487,162.5,15.9994,15.9994,670.5009107,2073.2,785.0466986,2128,54.8,54.8,11.46994536,13,5.776025959,16,3,16,3.267759563,4,1.616451173,6,2,2,109.2969035,132,55.20552354,198,66,66,2.650227687,2.27,1.006995664,3.44,1.17,3.44,2,0,0,2,2,2,2.550091075,4,1.848699905,4,0,4,0.364298725,2,0.595883889,2,0,0,1.382513661,10,2.266415838,10,0,0,6.296903461,8,1.215324435,12,4,6,0,0,0,0,0,0,1.275045537,2,0.924349952,2,0,2,1.4571949,8,2.383535556,8,0,0,1.142076503,8,1.872256562,8,0,0,3.87431694,6,2.38983945,8,2,2,16.09642987,27.355,8.914391459,36.46,9.105,9.105,0,0,0,0,0,0,0,0,0,0,0,0,78.39162113,217,84.65234024,229,12,12,0.31761643,0.404975412,0.05785363,0.219554527,0,0.724240177,0.321208057,None
Sm0.66Eu0.66Dy0.66Zr2O7,1.6,700,5,0.671157993,0.64296695,0.637768195,0.637536941,0.637523,23.86703097,58,20.23118702,66,8,8,68.2276867,64,23.93555429,87,23,87,54.75661566,146.5006,49.41721487,162.5,15.9994,15.9994,670.5009107,2073.2,785.0466986,2128,54.8,54.8,11.46994536,13,5.776025959,16,3,16,3.267759563,4,1.616451173,6,2,2,109.2969035,132,55.20552354,198,66,66,2.650227687,2.27,1.006995664,3.44,1.17,3.44,2,0,0,2,2,2,2.550091075,4,1.848699905,4,0,4,0.364298725,2,0.595883889,2,0,0,1.382513661,10,2.266415838,10,0,0,6.296903461,8,1.215324435,12,4,6,0,0,0,0,0,0,1.275045537,2,0.924349952,2,0,2,1.4571949,8,2.383535556,8,0,0,1.142076503,8,1.872256562,8,0,0,3.87431694,6,2.38983945,8,2,2,16.09642987,27.355,8.914391459,36.46,9.105,9.105,0,0,0,0,0,0,0,0,0,0,0,0,78.39162113,217,84.65234024,229,12,12,0.31761643,0.404975412,0.05785363,0.219554527,0,0.724240177,0.321208057,None
Sm0.66Eu0.66Dy0.66Zr2O7,1.55,900,5,0.671157993,0.64296695,0.637768195,0.637536941,0.637523,23.86703097,58,20.23118702,66,8,8,68.2276867,64,23.93555429,87,23,87,54.75661566,146.5006,49.41721487,162.5,15.9994,15.9994,670.5009107,2073.2,785.0466986,2128,54.8,54.8,11.46994536,13,5.776025959,16,3,16,3.267759563,4,1.616451173,6,2,2,109.2969035,132,55.20552354,198,66,66,2.650227687,2.27,1.006995664,3.44,1.17,3.44,2,0,0,2,2,2,2.550091075,4,1.848699905,4,0,4,0.364298725,2,0.595883889,2,0,0,1.382513661,10,2.266415838,10,0,0,6.296903461,8,1.215324435,12,4,6,0,0,0,0,0,0,1.275045537,2,0.924349952,2,0,2,1.4571949,8,2.383535556,8,0,0,1.142076503,8,1.872256562,8,0,0,3.87431694,6,2.38983945,8,2,2,16.09642987,27.355,8.914391459,36.46,9.105,9.105,0,0,0,0,0,0,0,0,0,0,0,0,78.39162113,217,84.65234024,229,12,12,0.31761643,0.404975412,0.05785363,0.219554527,0,0.724240177,0.321208057,None
Sm0.66Eu0.66Dy0.66Zr2O7,1.5,1100,5,0.671157993,0.64296695,0.637768195,0.637536941,0.637523,23.86703097,58,20.23118702,66,8,8,68.2276867,64,23.93555429,87,23,87,54.75661566,146.5006,49.41721487,162.5,15.9994,15.9994,670.5009107,2073.2,785.0466986,2128,54.8,54.8,11.46994536,13,5.776025959,16,3,16,3.267759563,4,1.616451173,6,2,2,109.2969035,132,55.20552354,198,66,66,2.650227687,2.27,1.006995664,3.44,1.17,3.44,2,0,0,2,2,2,2.550091075,4,1.848699905,4,0,4,0.364298725,2,0.595883889,2,0,0,1.382513661,10,2.266415838,10,0,0,6.296903461,8,1.215324435,12,4,6,0,0,0,0,0,0,1.275045537,2,0.924349952,2,0,2,1.4571949,8,2.383535556,8,0,0,1.142076503,8,1.872256562,8,0,0,3.87431694,6,2.38983945,8,2,2,16.09642987,27.355,8.914391459,36.46,9.105,9.105,0,0,0,0,0,0,0,0,0,0,0,0,78.39162113,217,84.65234024,229,12,12,0.31761643,0.404975412,0.05785363,0.219554527,0,0.724240177,0.321208057,None
Sm0.66Eu0.66Dy0.66Zr2O7,1.45,1300,5,0.671157993,0.64296695,0.637768195,0.637536941,0.637523,23.86703097,58,20.23118702,66,8,8,68.2276867,64,23.93555429,87,23,87,54.75661566,146.5006,49.41721487,162.5,15.9994,15.9994,670.5009107,2073.2,785.0466986,2128,54.8,54.8,11.46994536,13,5.776025959,16,3,16,3.267759563,4,1.616451173,6,2,2,109.2969035,132,55.20552354,198,66,66,2.650227687,2.27,1.006995664,3.44,1.17,3.44,2,0,0,2,2,2,2.550091075,4,1.848699905,4,0,4,0.364298725,2,0.595883889,2,0,0,1.382513661,10,2.266415838,10,0,0,6.296903461,8,1.215324435,12,4,6,0,0,0,0,0,0,1.275045537,2,0.924349952,2,0,2,1.4571949,8,2.383535556,8,0,0,1.142076503,8,1.872256562,8,0,0,3.87431694,6,2.38983945,8,2,2,16.09642987,27.355,8.914391459,36.46,9.105,9.105,0,0,0,0,0,0,0,0,0,0,0,0,78.39162113,217,84.65234024,229,12,12,0.31761643,0.404975412,0.05785363,0.219554527,0,0.724240177,0.321208057,None
Zr0.92O1.84Y0.16O0.24,2.02,298,3,0.721518987,0.676785384,0.660441841,0.658538831,0.658246709,18.88607595,32,14.33103669,40,8,8,70.6835443,75,21.47989104,87,12,87,41.59169873,75.2246,33.69112745,91.224,15.9994,15.9994,746.7037975,2073.2,910.8606954,2128,54.8,54.8,11.84810127,13,5.465790739,16,3,16,3.025316456,3,1.349783689,5,2,2,104.0126582,124,50.04198045,190,66,66,2.713291139,2.22,0.956680019,3.44,1.22,3.44,2,0,0,2,2,2,2.632911392,4,1.799711585,4,0,4,0.632911392,2,0.833199808,2,0,0,0,0,0,0,0,0,5.265822785,3,0.966511777,6,3,6,0,0,0,0,0,0,1.316455696,2,0.899855792,2,0,2,2.784810127,9,3.666079154,9,0,0,0,0,0,0,0,0,4.101265823,7,2.766223362,9,2,2,14.38487342,23.26,6.950719436,32.365,9.105,9.105,0,0,0,0,0,0,0,0,0,0,0,0,74.20253165,182,81.8868771,194,12,12,0.379807692,0.5,0.120192308,0,1,0.708320593,0.304645587,None
Hf0.25Zr0.25Ce0.25Y0.25O2,1.74,298,5,0.687184271,0.668398276,0.666682942,0.666666848,0.666666667,22.75,64,19.66666667,72,8,8,67.66666667,75,25.77777778,87,12,87,52.2275875,162.4906,48.30425,178.49,15.9994,15.9994,661.8666667,2451.2,809.4222222,2506,54.8,54.8,11.83333333,13,5.555555556,16,3,16,3.166666667,4,1.555555556,6,2,2,106,138,53.33333333,204,66,66,2.7075,2.32,0.976666667,3.44,1.12,3.44,2,0,0,2,2,2,2.666666667,4,1.777777778,4,0,4,0.5,2,0.666666667,2,0,0,1.25,14,2.125,14,0,0,6.416666667,15,1.930555556,18,3,6,0,0,0,0,0,0,1.333333333,2,0.888888889,2,0,2,2.833333333,9,3.777777778,9,0,0,1.083333333,13,1.986111111,13,0,0,5.25,20,4.333333333,22,2,2,15.65333333,28.135,8.731111111,37.24,9.105,9.105,0,0,0,0,0,0,0,0,0,0,0,0,72.66666667,182,80.88888889,194,12,12,0.311688312,0.415584416,0.077922078,0.194805195,0,0.739616569,0.311601607,None
Hf0.25Zr0.25Ce0.25Y0.125Yb0.125O2,1.55,298,6,0.684653197,0.668074283,0.666679128,0.666666804,0.666666667,24.04166667,64,21.38888889,72,8,8,68.79166667,75,24.27777778,87,12,87,55.73376042,162.4906,52.97914722,178.49,15.9994,15.9994,632.4083333,2451.2,770.1444444,2506,54.8,54.8,11.83333333,13,5.555555556,16,3,16,3.208333333,4,1.611111111,6,2,2,105.875,138,53.16666667,204,66,66,2.709166667,2.32,0.974444444,3.44,1.12,3.44,2,0,0,2,2,2,2.666666667,4,1.777777778,4,0,4,0.458333333,2,0.649305556,2,0,0,1.833333333,14,3.041666667,14,0,0,6.958333333,15,2.59375,18,3,6,0,0,0,0,0,0,1.333333333,2,0.888888889,2,0,2,2.458333333,9,3.482638889,9,0,0,1.083333333,13,1.986111111,13,0,0,4.875,22,4.239583333,22,0,2,15.72645833,28.135,8.828611111,37.24,9.105,9.105,0,0,0,0,0,0,0,0,0,0,0,0,73.95833333,213,82.61111111,225,12,12,0.28742515,0.383233533,0.065868263,0.263473054,0,0.739616569,0.310869889,None
Hf0.2Zr0.2Ce0.2Y0.2Yb0.2O2,1.29,298,6,0.683130051,0.667775931,0.666673333,0.666666714,0.666666667,23.93333333,64,21.24444444,72,8,8,68.33333333,75,24.88888889,87,12,87,55.45225667,162.4906,52.60380889,178.49,15.9994,15.9994,609.6,2451.2,739.7333333,2506,54.8,54.8,11.8,13,5.6,16,3,16,3.2,4,1.6,6,2,2,106.0666667,138,53.42222222,204,66,66,2.708666667,2.32,0.975111111,3.44,1.12,3.44,2,0,0,2,2,2,2.666666667,4,1.777777778,4,0,4,0.4,2,0.586666667,2,0,0,1.933333333,14,3.217777778,14,0,0,7,15,2.666666667,18,3,6,0,0,0,0,0,0,1.333333333,2,0.888888889,2,0,2,2.266666667,9,3.324444444,9,0,0,0.866666667,13,1.617777778,13,0,0,4.466666667,22,3.884444444,22,0,2,16.01133333,28.135,9.208444444,37.24,9.105,9.105,0,0,0,0,0,0,0,0,0,0,0,0,74.73333333,213,83.64444444,225,12,12,0.285714286,0.380952381,0.057142857,0.276190476,0,0.739616569,0.311079691,None
Hf0.25Zr0.25Ce0.25Y0.125Ca0.125O2,1.1,298,6,0.684653197,0.668074283,0.666679128,0.666666804,0.666666667,21.95833333,64,18.77430556,72,8,8,67.45833333,80,26.05555556,87,7,87,50.19309375,162.4906,46.43451615,178.49,15.9994,15.9994,633.3666667,2451.2,771.4222222,2506,54.8,54.8,11.79166667,14,5.611111111,16,2,16,3.125,4,1.5,6,2,2,105.4166667,138,52.55555556,204,66,66,2.698333333,2.44,0.988888889,3.44,1,3.44,2,0,0,2,2,2,2.666666667,4,1.777777778,4,0,4,0.458333333,2,0.649305556,2,0,0,1.25,14,2.125,14,0,0,6.375,16,1.9375,18,2,6,0,0,0,0,0,0,1.333333333,2,0.888888889,2,0,2,2.458333333,9,3.482638889,9,0,0,1.083333333,13,1.986111111,13,0,0,4.875,22,4.239583333,22,0,2,15.87854167,28.665,9.031388889,37.77,9.105,9.105,0,0,0,0,0,0,0,0,0,0,0,0,73.95833333,213,82.61111111,225,12,12,0.31372549,0.418300654,0.071895425,0.196078431,0,0.77426646,0.315623582,None
Hf0.25Zr0.25Ce0.25Y0.125Gd0.125O2,1.17,298,6,0.684653197,0.668074283,0.666679128,0.666666804,0.666666667,23.79166667,64,21.05555556,72,8,8,68.29166667,75,24.94444444,87,12,87,55.07526042,162.4906,52.10114722,178.49,15.9994,15.9994,652.9916667,2451.2,797.5888889,2506,54.8,54.8,11.83333333,13,5.555555556,16,3,16,3.208333333,4,1.611111111,6,2,2,106.25,138,53.66666667,204,66,66,2.706666667,2.32,0.977777778,3.44,1.12,3.44,2,0,0,2,2,2,2.666666667,4,1.777777778,4,0,4,0.5,2,0.666666667,2,0,0,1.541666667,14,2.53125,14,0,0,6.708333333,15,2.15625,18,3,6,0,0,0,0,0,0,1.333333333,2,0.888888889,2,0,2,2.833333333,9,3.777777778,9,0,0,1.375,13,2.40625,13,0,0,5.541666667,20,4.722222222,22,2,2,15.64020833,28.135,8.713611111,37.24,9.105,9.105,0,0,0,0,0,0,0,0,0,0,0,0,72.66666667,182,80.88888889,194,12,12,0.298136646,0.397515528,0.074534161,0.229813665,0,0.739616569,0.311967616,None
Hf0.2Zr0.2Ce0.2Y0.2Gd0.2O2,1.61,298,6,0.683130051,0.667775931,0.666673333,0.666666714,0.666666667,23.53333333,64,20.71111111,72,8,8,67.53333333,75,25.95555556,87,12,87,54.39865667,162.4906,51.19900889,178.49,15.9994,15.9994,642.5333333,2451.2,783.6444444,2506,54.8,54.8,11.8,13,5.6,16,3,16,3.2,4,1.6,6,2,2,106.6666667,138,54.22222222,204,66,66,2.704666667,2.32,0.980444444,3.44,1.12,3.44,2,0,0,2,2,2,2.666666667,4,1.777777778,4,0,4,0.466666667,2,0.622222222,2,0,0,1.466666667,14,2.408888889,14,0,0,6.6,15,1.973333333,18,3,6,0,0,0,0,0,0,1.333333333,2,0.888888889,2,0,2,2.866666667,9,3.822222222,9,0,0,1.333333333,13,2.311111111,13,0,0,5.533333333,20,4.711111111,22,2,2,15.87333333,28.135,9.024444444,37.24,9.105,9.105,0,0,0,0,0,0,0,0,0,0,0,0,72.66666667,182,80.88888889,194,12,12,0.303030303,0.404040404,0.070707071,0.222222222,0,0.739616569,0.312831055,None
Hf0.25Zr0.25Ce0.25Yb0.125Gd0.125O2,1.81,298,6,0.684653197,0.668074283,0.666679128,0.666666804,0.666666667,25.08333333,64,22.77777778,72,8,8,69.41666667,72,23.44444444,87,15,87,58.58143333,162.4906,56.77604444,178.49,15.9994,15.9994,623.5333333,2451.2,758.3111111,2506,54.8,54.8,11.83333333,13,5.555555556,16,3,16,3.25,4,1.666666667,6,2,2,106.125,138,53.5,204,66,66,2.708333333,2.32,0.975555556,3.44,1.12,3.44,2,0,0,2,2,2,2.666666667,4,1.777777778,4,0,4,0.458333333,2,0.649305556,2,0,0,2.125,14,3.375,14,0,0,7.25,14,2.75,18,4,6,0,0,0,0,0,0,1.333333333,2,0.888888889,2,0,2,2.458333333,9,3.482638889,9,0,0,1.375,13,2.40625,13,0,0,5.166666667,22,4.652777778,22,0,2,15.71333333,28.135,8.811111111,37.24,9.105,9.105,0,0,0,0,0,0,0,0,0,0,0,0,73.95833333,213,82.61111111,225,12,12,0.275862069,0.367816092,0.063218391,0.293103448,0,0.739616569,0.311237287,None
Hf0.2Zr0.2Ce0.2Yb0.2Gd0.2O2,1.62,298,6,0.683130051,0.667775931,0.666673333,0.666666714,0.666666667,25.6,64,23.46666667,72,8,8,69.33333333,72,23.55555556,87,15,87,60.00853333,162.4906,58.67884444,178.49,15.9994,15.9994,595.4,2451.2,720.8,2506,54.8,54.8,11.8,13,5.6,16,3,16,3.266666667,4,1.688888889,6,2,2,106.4666667,138,53.95555556,204,66,66,2.707333333,2.32,0.976888889,3.44,1.12,3.44,2,0,0,2,2,2,2.666666667,4,1.777777778,4,0,4,0.4,2,0.586666667,2,0,0,2.4,14,3.706666667,14,0,0,7.466666667,14,2.88,18,4,6,0,0,0,0,0,0,1.333333333,2,0.888888889,2,0,2,2.266666667,9,3.324444444,9,0,0,1.333333333,13,2.311111111,13,0,0,4.933333333,22,4.568888889,22,0,2,15.99033333,28.135,9.180444444,37.24,9.105,9.105,0,0,0,0,0,0,0,0,0,0,0,0,74.73333333,213,83.64444444,225,12,12,0.267857143,0.357142857,0.053571429,0.321428571,0,0.739616569,0.311666535,None
Cu1.92S,1.06,300,2,0.741373103,0.687147163,0.662498845,0.658506512,0.657630767,24.54794521,13,5.85475699,29,16,29,72.21917808,24,10.80878214,88,64,64,52.76483562,31.481,14.1779696,63.546,32.065,63.546,1025.780274,969.41,436.5892287,1357.77,388.36,1357.77,12.71232877,5,2.251829612,16,11,11,3.657534247,1,0.450365922,4,3,4,122.7534247,27,12.1598799,132,105,132,2.132876712,0.68,0.306248827,2.58,1.9,1.9,1.342465753,1,0.450365922,2,1,1,1.369863014,4,1.801463689,4,0,0,6.575342466,10,4.503659223,10,0,10,0,0,0,0,0,0,9.287671233,5,2.251829612,11,6,11,0.657534247,1,0.450365922,1,0,1,0.684931507,2,0.900731845,2,0,0,0,0,0,0,0,0,0,0,0,0,0,0,1.342465753,1,0.450365922,2,1,1,16.11002568,14.716875,6.627978983,25.786875,11.07,11.07,0.754109589,2.202,0.991705761,2.202,0,0,0,0,0,0,0,0,171.9178082,155,69.80671796,225,70,225,0.144542773,0.147492625,0.707964602,0,0,0.109168515,0.049165779,None
Cu1.9Se,2.16,300,2,0.740376226,0.685579409,0.660380912,0.656214514,0.655279197,30.72413793,5,2.25921522,34,29,29,72.62068966,25,11.2960761,89,64,64,68.86117241,15.414,6.96470868,78.96,63.546,63.546,1059.918276,863.77,390.2884661,1357.77,494,1357.77,12.72413793,5,2.25921522,16,11,11,4,0,0,4,4,4,127.862069,12,5.422116528,132,120,132,2.124137931,0.65,0.293697979,2.55,1.9,1.9,1.344827586,1,0.451843044,2,1,1,1.379310345,4,1.807372176,4,0,0,10,0,0,10,10,10,0,0,0,0,0,0,12.72413793,5,2.25921522,16,11,11,0.655172414,1,0.451843044,1,0,1,0.689655172,2,0.903686088,2,0,0,0,0,0,0,0,0,0,0,0,0,0,0,1.344827586,1,0.451843044,2,1,1,16.19068966,14.85,6.709869203,25.92,11.07,11.07,0.275517241,0.799,0.361022592,0.799,0,0,0,0,0,0,0,0,152.2413793,211,95.33888228,225,14,225,0.105691057,0.108401084,0.785907859,0,0,0.100238004,0.045291845,None
Cu2Te,2.08,300,2,0.745355992,0.693361274,0.670782206,0.667408235,0.666731742,36.66666667,23,10.22222222,52,29,29,72.66666667,26,11.55555556,90,64,64,84.89733333,64.054,28.46844444,127.6,63.546,63.546,1146.066667,635.11,282.2711111,1357.77,722.66,1357.77,12.66666667,5,2.222222222,16,11,11,4.333333333,1,0.444444444,5,4,4,134,6,2.666666667,138,132,132,1.966666667,0.2,0.088888889,2.1,1.9,1.9,1.333333333,1,0.444444444,2,1,1,1.333333333,4,1.777777778,4,0,0,10,0,0,10,10,10,0,0,0,0,0,0,12.66666667,5,2.222222222,16,11,11,0.666666667,1,0.444444444,1,0,1,0.666666667,2,0.888888889,2,0,0,0,0,0,0,0,0,0,0,0,0,0,0,1.333333333,1,0.444444444,2,1,1,18.96777778,23.69333333,10.53037037,34.76333333,11.07,11.07,0.154666667,0.464,0.206222222,0.464,0,0,0,0,0,0,0,0,200.6666667,73,32.44444444,225,152,225,0.105263158,0.105263158,0.789473684,0,1,0.009950166,0.004422296,None
Cu2Se0.8Te0.2,1.37,300,3,0.721110255,0.680808982,0.668027764,0.666822605,0.666673657,31.86666667,23,3.822222222,52,29,29,72.4,26,11.2,90,64,64,71.92666667,64.054,11.17422222,127.6,63.546,63.546,1085.090667,863.77,363.5724444,1357.77,494,1357.77,12.66666667,5,2.222222222,16,11,11,4.066666667,1,0.124444444,5,4,4,129.2,18,4.906666667,138,120,132,2.086666667,0.65,0.248888889,2.55,1.9,1.9,1.333333333,1,0.444444444,2,1,1,1.333333333,4,1.777777778,4,0,0,10,0,0,10,10,10,0,0,0,0,0,0,12.66666667,5,2.222222222,16,11,11,0.666666667,1,0.444444444,1,0,1,0.666666667,2,0.888888889,2,0,0,0,0,0,0,0,0,0,0,0,0,0,0,1.333333333,1,0.444444444,2,1,1,16.60955556,23.69333333,7.386074074,34.76333333,11.07,11.07,0.244,0.799,0.325333333,0.799,0,0,0,0,0,0,0,0,163.8666667,211,81.51111111,225,14,225,0.105263158,0.105263158,0.789473684,0,1,0.100238004,0.038279835,None
Cu2Se0.5Te0.5,1.03,300,3,0.707106781,0.673540003,0.66692688,0.666678292,0.666666794,33.66666667,23,6.222222222,52,29,29,72.5,26,11.33333333,90,64,64,76.79066667,64.054,17.65955556,127.6,63.546,63.546,1107.956667,863.77,333.0844444,1357.77,494,1357.77,12.66666667,5,2.222222222,16,11,11,4.166666667,1,0.277777778,5,4,4,131,18,3.666666667,138,120,132,2.041666667,0.65,0.188888889,2.55,1.9,1.9,1.333333333,1,0.444444444,2,1,1,1.333333333,4,1.777777778,4,0,0,10,0,1.78E-15,10,10,10,0,0,0,0,0,0,12.66666667,5,2.222222222,16,11,11,0.666666667,1,0.444444444,1,0,1,0.666666667,2,0.888888889,2,0,0,0,0,0,0,0,0,0,0,0,0,0,0,1.333333333,1,0.444444444,2,1,1,17.49388889,23.69333333,8.565185185,34.76333333,11.07,11.07,0.2105,0.799,0.280666667,0.799,0,0,0,0,0,0,0,0,177.6666667,211,63.11111111,225,14,225,0.105263158,0.105263158,0.789473684,0,1,0.100238004,0.027228755,None
Cu2S0.50Te0.50,0.52,300,3,0.707106781,0.673540003,0.66692688,0.666678292,0.666666794,30.66666667,36,7.111111111,52,16,29,72.33333333,26,11.11111111,90,64,64,68.97483333,95.535,19.54172222,127.6,32.065,63.546,1090.35,969.41,356.56,1357.77,388.36,1357.77,12.66666667,5,2.222222222,16,11,11,4,2,0.333333333,5,3,4,128.5,33,7.833333333,138,105,132,2.046666667,0.68,0.195555556,2.58,1.9,1.9,1.333333333,1,0.444444444,2,1,1,1.333333333,4,1.777777778,4,0,0,8.333333333,10,2.777777778,10,0,10,0,0,0,0,0,0,11,10,1.666666667,16,6,11,0.666666667,1,0.444444444,1,0,1,0.666666667,2,0.888888889,2,0,0,0,0,0,0,0,0,0,0,0,0,0,0,1.333333333,1,0.444444444,2,1,1,17.47170139,23.69333333,8.535601852,34.76333333,11.07,11.07,0.444333333,2.202,0.592444444,2.202,0,0,0,0,0,0,0,0,187,155,50.66666667,225,70,225,0.121212121,0.121212121,0.757575758,0,1,0.109168515,0.029580402,None
Cu2S0.52Te0.48,0.48,300,3,0.707169632,0.673572658,0.666931044,0.666678683,0.666666803,30.42666667,36,6.903466667,52,16,29,72.32,26,11.09333333,90,64,64,68.33793333,95.535,18.96386133,127.6,32.065,63.546,1088.121333,969.41,359.5315556,1357.77,388.36,1357.77,12.66666667,5,2.222222222,16,11,11,3.986666667,2,0.342044444,5,3,4,128.28,33,8.0704,138,105,132,2.049866667,0.68,0.199822222,2.58,1.9,1.9,1.333333333,1,0.444444444,2,1,1,1.333333333,4,1.777777778,4,0,0,8.266666667,10,2.865777778,10,0,10,0,0,0,0,0,0,10.93333333,10,1.710222222,16,6,11,0.666666667,1,0.444444444,1,0,1,0.666666667,2,0.888888889,2,0,0,0,0,0,0,0,0,0,0,0,0,0,0,1.333333333,1,0.444444444,2,1,1,17.41185833,23.69333333,8.455811111,34.76333333,11.07,11.07,0.45592,2.202,0.607893333,2.202,0,0,0,0,0,0,0,0,186.4533333,155,51.39555556,225,70,225,0.12195122,0.12195122,0.756097561,0,1,0.109168515,0.030457368,None
Cu2S0.54Te0.46,0.41,300,3,0.707358152,0.673670604,0.666943573,0.666679871,0.666666832,30.18666667,36,6.689422222,52,16,29,72.30666667,26,11.07555556,90,64,64,67.70103333,95.535,18.36901644,127.6,32.065,63.546,1085.892667,969.41,362.5031111,1357.77,388.36,1357.77,12.66666667,5,2.222222222,16,11,11,3.973333333,2,0.3504,5,3,4,128.06,33,8.3016,138,105,132,2.053066667,0.68,0.204088889,2.58,1.9,1.9,1.333333333,1,0.444444444,2,1,1,1.333333333,4,1.777777778,4,0,0,8.2,10,2.952,10,0,10,0,0,0,0,0,0,10.86666667,10,1.752,16,6,11,0.666666667,1,0.444444444,1,0,1,0.666666667,2,0.888888889,2,0,0,0,0,0,0,0,0,0,0,0,0,0,0,1.333333333,1,0.444444444,2,1,1,17.35201528,23.69333333,8.37602037,34.76333333,11.07,11.07,0.467506667,2.202,0.6244176,2.202,0,0,0,0,0,0,0,0,185.9066667,155,52.12444444,225,70,225,0.122699387,0.122699387,0.754601227,0,1,0.109168515,0.031324383,None
Cu1.94S0.5Se0.5,0.67,300,3,0.702329477,0.667310853,0.660163835,0.659878186,0.659864116,27.63945578,18,3.958998565,34,16,29,72.33333333,25,10.99773243,89,64,64,60.81351701,46.895,9.778407145,78.96,32.065,63.546,1046.004694,969.41,411.44537,1357.77,388.36,1357.77,12.70068027,5,2.244435189,16,11,11,3.829931973,1,0.282289787,4,3,4,125.3673469,27,8.753297237,132,105,132,2.126190476,0.68,0.29850988,2.58,1.9,1.9,1.340136054,1,0.448887038,2,1,1,1.360544218,4,1.795548151,4,0,0,8.299319728,10,2.822897867,10,0,10,0,0,0,0,0,0,11,10,1.700680272,16,6,11,0.659863946,1,0.448887038,1,0,1,0.680272109,2,0.897774076,2,0,0,0,0,0,0,0,0,0,0,0,0,0,0,1.340136054,1,0.448887038,2,1,1,16.0983801,14.85,6.636093468,25.92,11.07,11.07,0.51037415,2.202,0.673555,2.202,0,0,0,0,0,0,0,0,162.755102,211,82.14632792,225,14,225,0.12183055,0.123685838,0.754483612,0,0,0.109168515,0.04701295,None
Cu2S0.333Se0.333Te0.333,0.35,300,4,0.694066671,0.669953059,0.666940156,0.666889977,0.666888966,30.66555519,36,5.478319604,52,16,29,72.32777593,26,11.1074037,90,64,64,68.87433311,95.535,15.28120984,127.6,32.065,63.546,1083.698453,969.41,365.5505798,1357.77,388.36,1357.77,12.66555519,5,2.22148074,16,11,11,4,2,0.222074025,5,3,4,128.3357786,33,7.033430172,138,105,132,2.069886629,0.68,0.226591036,2.58,1.9,1.9,1.333111037,1,0.444296148,2,1,1,1.332444148,4,1.777184592,4,0,0,8.889629877,10,1.974155885,10,0,10,0,0,0,0,0,0,11.55518506,10,1.974155885,16,6,11,0.666888963,1,0.444296148,1,0,1,0.666222074,2,0.888592296,2,0,0,0,0,0,0,0,0,0,0,0,0,0,0,1.333111037,1,0.444296148,2,1,1,16.98385441,23.69333333,7.887768469,34.76333333,11.07,11.07,0.384743248,2.202,0.513162051,2.202,0,0,0,0,0,0,0,0,176.2547516,211,65.01533633,225,14,225,0.115369077,0.115311364,0.769319559,0,0,0.109168515,0.035089447,None
Cu1.95Ag0.05S0.333Se0.333Te0.333,0.39,300,5,0.67826796,0.653442439,0.650273388,0.650217919,0.650216743,30.96565522,36,5.879687138,52,16,29,72.34444815,26,11.0962963,90,64,64,69.61328276,95.535,16.22859589,127.6,32.065,63.546,1081.650437,969.41,364.1861463,1357.77,388.36,1357.77,12.66555519,5,2.22148074,16,11,11,4.016672224,2,0.251160079,5,3,4,128.5525175,40,7.129694337,145,105,132,2.070386796,0.68,0.226257813,2.58,1.9,1.9,1.333111037,1,0.444296148,2,1,1,1.332444148,4,1.777184592,4,0,0,8.889629877,10,1.974155885,10,0,10,0,0,0,0,0,0,11.55518506,10,1.974155885,16,6,11,0.666888963,1,0.444296148,1,0,1,0.666222074,2,0.888592296,2,0,0,0,0,0,0,0,0,0,0,0,0,0,0,1.333111037,1,0.444296148,2,1,1,17.07155031,23.69333333,7.829343526,34.76333333,11.07,11.07,0.384743248,2.202,0.513162051,2.202,0,0,0,0,0,0,0,0,176.2547516,211,65.01533633,225,14,225,0.115369077,0.115311364,0.769319559,0,0,0.109168515,0.035019191,None
CuInTe2,6.03,300,3,0.612372436,0.538608673,0.506099365,0.501108669,0.500097571,45.5,23,8.25,52,29,52,79.75,26,10.25,90,64,90,108.391,64.054,22.4225,127.6,63.546,127.6,808.21,928.02,274.78,1357.77,429.75,722.66,14,5,2,16,11,16,4.75,1,0.375,5,4,5,137.5,10,2.75,142,132,138,1.97,0.32,0.13,2.1,1.78,2.1,1.75,1,0.375,2,1,2,2.25,4,1.75,4,0,4,10,0,0,10,10,10,0,0,0,0,0,0,14,5,2,16,11,16,0.25,1,0.375,1,0,0,2.25,5,1.375,5,0,2,0,0,0,0,0,0,0,0,0,0,0,0,2.5,4,1.25,5,1,2,26.21416667,23.69333333,8.549166667,34.76333333,11.07,34.76333333,0.232,0.464,0.232,0.464,0,0.464,0,0,0,0,0,0,167,86,29,225,139,152,0.125,0.160714286,0.714285714,0,1,0.025275098,0.009255507,None
Cu0.99GaTe2,7.8,300,3,0.612888295,0.539423462,0.507221429,0.502327069,0.501346275,41.03007519,23,10.99741836,52,29,52,79.53884712,26,10.48737131,90,64,90,97.20138847,64.054,30.47479853,127.6,63.546,127.6,775.043183,1054.86,289.1727062,1357.77,302.91,722.66,14.0075188,5,1.99747489,16,11,16,4.501253133,1,0.499996859,5,4,5,132.5012531,16,5.512528188,138,122,138,1.977694236,0.29,0.122612295,2.1,1.81,2.1,1.751879699,1,0.373113234,2,1,2,2.255639098,4,1.748732734,4,0,4,10,0,0,10,10,10,0,0,0,0,0,0,14.0075188,5,1.99747489,16,11,16,0.248120301,1,0.373113234,1,0,0,2.255639098,5,1.3756195,5,0,2,0,0,0,0,0,0,0,0,0,0,0,0,2.503759398,4,1.251248422,5,1,2,24.89811195,23.69333333,9.889946252,34.76333333,11.07,34.76333333,0.232581454,0.464,0.231998543,0.464,0,0.464,0,0,0,0,0,0,148.0576441,161,42.13415745,225,64,152,0.125067096,0.161030596,0.713902308,0,0,0.020805516,0.007954106,None
Cu0.99In0.5Ga0.5Te2,3.5,300,4,0.586707103,0.525543625,0.504388751,0.501781629,0.501297481,43.28571429,23,10.16827784,52,29,52,79.6641604,26,10.36174396,90,64,90,102.852391,64.054,27.80853261,127.6,63.546,127.6,790.9379198,1054.86,281.2850924,1357.77,302.91,722.66,14.0075188,5,1.99747489,16,11,16,4.626566416,1,0.467961885,5,4,5,135.0075188,20,4.752482711,142,122,138,1.973934837,0.32,0.126381116,2.1,1.78,2.1,1.751879699,1,0.373113234,2,1,2,2.255639098,4,1.748732734,4,0,4,10,0,0,10,10,10,0,0,0,0,0,0,14.0075188,5,1.99747489,16,11,16,0.248120301,1,0.373113234,1,0,0,2.255639098,5,1.3756195,5,0,2,0,0,0,0,0,0,0,0,0,0,0,0,2.503759398,4,1.251248422,5,1,2,25.57511696,23.69333333,9.211244485,34.76333333,11.07,34.76333333,0.232581454,0.464,0.231998543,0.464,0,0.464,0,0,0,0,0,0,157.4561404,161,33.51800554,225,64,152,0.125067096,0.161030596,0.713902308,0,0,0.025275098,0.008620341,None
Cu0.88Ag0.1InTe2,2.84,300,4,0.604290945,0.535524089,0.507221657,0.503298903,0.502575268,46.03517588,23,7.533143102,52,29,52,79.85427136,26,10.1967122,90,64,90,109.7299749,64.054,20.51662079,127.6,63.546,127.6,802.3619598,928.02,267.344663,1357.77,429.75,722.66,14.01507538,5,1.994899119,16,11,16,4.778894472,1,0.344435747,5,4,5,137.8542714,13,2.588823515,145,132,138,1.971105528,0.32,0.129542183,2.1,1.78,2.1,1.753768844,1,0.371202747,2,1,2,2.261306533,4,1.74743062,4,0,4,10,0,0,10,10,10,0,0,0,0,0,0,14.01507538,5,1.994899119,16,11,16,0.246231156,1,0.371202747,1,0,0,2.261306533,5,1.376227873,5,0,2,0,0,0,0,0,0,0,0,0,0,0,0,2.507537688,4,1.252493624,5,1,2,26.42242881,23.69333333,8.382818616,34.76333333,11.07,34.76333333,0.233165829,0.464,0.231994142,0.464,0,0.464,0,0,0,0,0,0,166.7085427,86,28.7063458,225,139,152,0.125134457,0.161348153,0.71351739,0,0,0.025275098,0.009247911,None
Cu0.75Ag0.2InTe2,1.84,300,4,0.599230399,0.534857656,0.510186427,0.506967235,0.50638132,46.62025316,23,6.691235379,52,29,52,80,26,10.12658228,90,64,90,111.2028203,64.054,18.43520974,127.6,63.546,127.6,795.0337975,928.02,258.243743,1357.77,429.75,722.66,14.03797468,5,1.98686108,16,11,16,4.810126582,1,0.307643006,5,4,5,138.2278481,13,2.595737863,145,132,138,1.972405063,0.32,0.129210062,2.1,1.78,2.1,1.759493671,1,0.36532607,2,1,2,2.278481013,4,1.743310367,4,0,4,10,0,0,10,10,10,0,0,0,0,0,0,14.03797468,5,1.98686108,16,11,16,0.240506329,1,0.36532607,1,0,0,2.278481013,5,1.377984297,5,0,2,0,0,0,0,0,0,0,0,0,0,0,0,2.518987342,4,1.256208941,5,1,2,26.67219409,23.69333333,8.193558725,34.76333333,11.07,34.76333333,0.234936709,0.464,0.231962826,0.464,0,0.464,0,0,0,0,0,0,166.2658228,86,28.25188271,225,139,152,0.125338142,0.162308386,0.712353472,0,0,0.025275098,0.009255666,None
Cu0.88Ag0.1InTe2,2.9,300,4,0.604290945,0.535524089,0.507221657,0.503298903,0.502575268,46.03517588,23,7.533143102,52,29,52,79.85427136,26,10.1967122,90,64,90,109.7299749,64.054,20.51662079,127.6,63.546,127.6,802.3619598,928.02,267.344663,1357.77,429.75,722.66,14.01507538,5,1.994899119,16,11,16,4.778894472,1,0.344435747,5,4,5,137.8542714,13,2.588823515,145,132,138,1.971105528,0.32,0.129542183,2.1,1.78,2.1,1.753768844,1,0.371202747,2,1,2,2.261306533,4,1.74743062,4,0,4,10,0,0,10,10,10,0,0,0,0,0,0,14.01507538,5,1.994899119,16,11,16,0.246231156,1,0.371202747,1,0,0,2.261306533,5,1.376227873,5,0,2,0,0,0,0,0,0,0,0,0,0,0,0,2.507537688,4,1.252493624,5,1,2,26.42242881,23.69333333,8.382818616,34.76333333,11.07,34.76333333,0.233165829,0.464,0.231994142,0.464,0,0.464,0,0,0,0,0,0,166.7085427,86,28.7063458,225,139,152,0.125134457,0.161348153,0.71351739,0,0,0.025275098,0.009247911,None
Cu0.75Ag0.2InTe2,1.95,300,4,0.599230399,0.534857656,0.510186427,0.506967235,0.50638132,46.62025316,23,6.691235379,52,29,52,80,26,10.12658228,90,64,90,111.2028203,64.054,18.43520974,127.6,63.546,127.6,795.0337975,928.02,258.243743,1357.77,429.75,722.66,14.03797468,5,1.98686108,16,11,16,4.810126582,1,0.307643006,5,4,5,138.2278481,13,2.595737863,145,132,138,1.972405063,0.32,0.129210062,2.1,1.78,2.1,1.759493671,1,0.36532607,2,1,2,2.278481013,4,1.743310367,4,0,4,10,0,0,10,10,10,0,0,0,0,0,0,14.03797468,5,1.98686108,16,11,16,0.240506329,1,0.36532607,1,0,0,2.278481013,5,1.377984297,5,0,2,0,0,0,0,0,0,0,0,0,0,0,0,2.518987342,4,1.256208941,5,1,2,26.67219409,23.69333333,8.193558725,34.76333333,11.07,34.76333333,0.234936709,0.464,0.231962826,0.464,0,0.464,0,0,0,0,0,0,166.2658228,86,28.25188271,225,139,152,0.125338142,0.162308386,0.712353472,0,0,0.025275098,0.009255666,None
Cu0.9Ag0.1In0.5Ga0.5Te2,2.58,300,5,0.57662813,0.519635469,0.502024169,0.500275171,0.500017118,43.7,23,9.79,52,29,52,79.65,26,10.35,90,64,90,103.86218,64.054,26.677076,127.6,63.546,127.6,789.284,1054.86,278.101,1357.77,302.91,722.66,14,5,2,16,11,16,4.65,1,0.455,5,4,5,135.325,23,4.8275,145,122,138,1.9745,0.32,0.1255,2.1,1.78,2.1,1.75,1,0.375,2,1,2,2.25,4,1.75,4,0,4,10,0,0,10,10,10,0,0,0,0,0,0,14,5,2,16,11,16,0.25,1,0.375,1,0,0,2.25,5,1.375,5,0,2,0,0,0,0,0,0,0,0,0,0,0,0,2.5,4,1.25,5,1,2,25.67035417,23.69333333,9.092979167,34.76333333,11.07,34.76333333,0.232,0.464,0.232,0.464,0,0.464,0,0,0,0,0,0,157.625,161,33.6875,225,64,152,0.125,0.160714286,0.714285714,0,1,0.025275098,0.008561844,None
Cu0.8Ag0.2In0.5Ga0.5Te2,1.9,300,5,0.568990334,0.515552867,0.501214399,0.50012566,0.500005338,44.15,23,9.3475,52,29,52,79.675,26,10.325,90,64,90,104.970235,64.054,25.38150275,127.6,63.546,127.6,786.213,1054.86,273.4945,1357.77,302.91,722.66,14,5,2,16,11,16,4.675,1,0.43875,5,4,5,135.65,23,4.8725,145,122,138,1.97525,0.32,0.12475,2.1,1.78,2.1,1.75,1,0.375,2,1,2,2.25,4,1.75,4,0,4,10,0,0,10,10,10,0,0,0,0,0,0,14,5,2,16,11,16,0.25,1,0.375,1,0,0,2.25,5,1.375,5,0,2,0,0,0,0,0,0,0,0,0,0,0,0,2.5,4,1.25,5,1,2,25.80185417,23.69333333,8.961479167,34.76333333,11.07,34.76333333,0.232,0.464,0.232,0.464,0,0.464,0,0,0,0,0,0,157.625,161,33.6875,225,64,152,0.125,0.160714286,0.714285714,0,1,0.025275098,0.008517446,None
Cu0.5Ag0.5In0.5Ga0.5Te2,1.42,300,5,0.559016994,0.510206888,0.500390016,0.500017437,0.500000191,45.5,23,7.75,52,29,52,79.75,26,10.25,90,64,90,108.2944,64.054,20.9365,127.6,63.546,127.6,777,1054.86,259.675,1357.77,302.91,722.66,14,5,2,16,11,16,4.75,1,0.375,5,4,5,136.625,23,4.8125,145,122,138,1.9775,0.32,0.1225,2.1,1.78,2.1,1.75,1,0.375,2,1,2,2.25,4,1.75,4,0,4,10,0,0,10,10,10,0,0,0,0,0,0,14,5,2,16,11,16,0.25,1,0.375,1,0,0,2.25,5,1.375,5,0,2,0,0,0,0,0,0,0,0,0,0,0,0,2.5,4,1.25,5,1,2,26.19635417,23.69333333,8.566979167,34.76333333,11.07,34.76333333,0.232,0.464,0.232,0.464,0,0.464,0,0,0,0,0,0,157.625,161,33.6875,225,64,152,0.125,0.160714286,0.714285714,0,1,0.025275098,0.008380879,None
Mn0.25Ge0.25Sn0.25Pb0.25Te,1.15,300,5,0.559016994,0.510206888,0.500390016,0.500017437,0.500000191,49.625,57,10.5625,82,25,52,81.5,38,8.5,90,52,90,120.4860056,152.261955,28.79249297,207.2,54.938045,127.6,840.84125,1013.92,262.179375,1519,505.08,722.66,14.125,9,1.875,16,7,16,4.875,2,0.4375,6,4,5,137,26,4.25,146,120,138,2.03125,0.78,0.1434375,2.33,1.55,2.1,2,0,0,2,2,2,2.75,4,1.25,4,0,4,9.375,5,1.09375,10,5,10,1.75,14,3.0625,14,0,0,15.875,21,3.15625,28,7,16,0,0,0,0,0,0,2.5,4,1.125,4,0,2,0.625,5,1.09375,5,0,0,0,0,0,0,0,0,3.125,3,1.125,5,2,2,29.24261494,24.27574713,6.531314655,34.76333333,10.48758621,34.76333333,0.279875,0.464,0.20990625,0.464,0,0.464,3.88E-05,3.10E-04,6.78E-05,3.10E-04,0,0,177,84,34,225,141,152,0.125984252,0.173228346,0.590551181,0.11023622,1,0.141097614,0.020776972,None
Cu8GeSe6,0.31,300,3,0.669991708,0.6,0.556539767,0.542965675,0.53626322,31.2,5,2.346666667,34,29,29,75,25,11.73333333,89,64,64,70.31786667,15.414,7.223324444,78.96,63.546,63.546,1002.504,863.77,406.8032,1357.77,494,1357.77,13.2,5,2.346666667,16,11,11,4,0,0,4,4,4,126.4,12,5.973333333,132,120,132,2.167333333,0.65,0.306133333,2.55,1.9,1.9,1.466666667,1,0.497777778,2,1,1,1.733333333,4,1.848888889,4,0,0,10,0,0,10,10,10,0,0,0,0,0,0,13.2,5,2.346666667,16,11,11,0.533333333,1,0.497777778,1,0,1,1.066666667,4,1.137777778,4,0,0,0,0,0,0,0,0,0,0,0,0,0,0,1.6,3,0.64,4,1,1,17.80566667,14.85,7.184711111,25.92,11.07,11.07,0.345133333,0.799,0.368142222,0.799,0,0,0,0,0,0,0,0,140.6,211,101.28,225,14,225,0.111111111,0.131313131,0.757575758,0,1,0.100238004,0.046732666,None
Cu8GeSe5.7Te0.3,0.29,300,4,0.658550597,0.591433839,0.551624526,0.540167219,0.535104857,31.56,23,2.730666667,52,29,29,75.02,26,11.75466667,90,64,64,71.29066667,64.054,8.260977778,127.6,63.546,63.546,1007.0772,863.77,401.31536,1357.77,494,1357.77,13.2,5,2.346666667,16,11,11,4.02,1,0.0392,5,4,4,126.76,18,6.038933333,138,120,132,2.158333333,0.65,0.297666667,2.55,1.9,1.9,1.466666667,1,0.497777778,2,1,1,1.733333333,4,1.848888889,4,0,0,10,0,0,10,10,10,0,0,0,0,0,0,13.2,5,2.346666667,16,11,11,0.533333333,1,0.497777778,1,0,1,1.066666667,4,1.137777778,4,0,0,0,0,0,0,0,0,0,0,0,0,0,0,1.6,3,0.64,4,1,1,17.98253333,23.69333333,7.373368889,34.76333333,11.07,11.07,0.338433333,0.799,0.360995556,0.799,0,0,0,0,0,0,0,0,143.36,211,98.3136,225,14,225,0.111111111,0.131313131,0.757575758,0,1,0.100238004,0.045374783,None
Cu8GeSe5.4Te0.6,0.51,300,4,0.648142645,0.583553296,0.547509686,0.538069677,0.53437141,31.92,23,3.114666667,52,29,29,75.04,26,11.776,90,64,64,72.26346667,64.054,9.298631111,127.6,63.546,63.546,1011.6504,863.77,395.82752,1357.77,494,1357.77,13.2,5,2.346666667,16,11,11,4.04,1,0.0768,5,4,4,127.12,18,6.075733333,138,120,132,2.149333333,0.65,0.28848,2.55,1.9,1.9,1.466666667,1,0.497777778,2,1,1,1.733333333,4,1.848888889,4,0,0,10,0,0,10,10,10,0,0,0,0,0,0,13.2,5,2.346666667,16,11,11,0.533333333,1,0.497777778,1,0,1,1.066666667,4,1.137777778,4,0,0,0,0,0,0,0,0,0,0,0,0,0,0,1.6,3,0.64,4,1,1,18.1594,23.69333333,7.562026667,34.76333333,11.07,11.07,0.331733333,0.799,0.353848889,0.799,0,0,0,0,0,0,0,0,146.12,211,95.1264,225,14,225,0.111111111,0.131313131,0.757575758,0,1,0.100238004,0.043937916,None
Cu7.6Ag0.4GeSe5.1Te0.9,0.41,300,5,0.617305975,0.553859598,0.519766961,0.510989766,0.507597124,32.76,23,3.911466667,52,29,29,75.08666667,26,11.77244444,90,64,64,74.418192,64.054,11.25424683,127.6,63.546,63.546,1012.947867,863.77,387.7190933,1357.77,494,1357.77,13.2,5,2.346666667,16,11,11,4.086666667,1,0.158311111,5,4,4,127.8266667,25,6.365688889,145,120,132,2.141133333,0.65,0.278029333,2.55,1.9,1.9,1.466666667,1,0.497777778,2,1,1,1.733333333,4,1.848888889,4,0,0,10,0,0,10,10,10,0,0,0,0,0,0,13.2,5,2.346666667,16,11,11,0.533333333,1,0.497777778,1,0,1,1.066666667,4,1.137777778,4,0,0,0,0,0,0,0,0,0,0,0,0,0,0,1.6,3,0.64,4,1,1,18.47653333,23.69333333,7.619768889,34.76333333,11.07,11.07,0.325033333,0.799,0.346702222,0.799,0,0,0,0,0,0,0,0,148.88,211,91.7184,225,14,225,0.111111111,0.131313131,0.757575758,0,1,0.100238004,0.042258137,None
CaSrBaZr3O9,1.466,304.15,5,0.642910051,0.608120065,0.600499093,0.600039239,0.600001016,20.4,48,14.93333333,56,8,8,62.6,80,29.28,87,7,87,45.51277333,121.3276,36.14068444,137.327,15.9994,15.9994,669.48,2073.2,737.616,2128,54.8,54.8,10.8,14,6.24,16,2,16,3.2,4,1.44,6,2,2,113.6666667,149,57.2,215,66,66,2.519333333,2.55,1.1048,3.44,0.89,3.44,2,0,0,2,2,2,2.4,4,1.92,4,0,4,0.4,2,0.64,2,0,0,0,0,0,0,0,0,4.8,4,1.44,6,2,6,0,0,0,0,0,0,1.2,2,0.96,2,0,2,1.6,8,2.56,8,0,0,0,0,0,0,0,0,2.8,8,2.08,8,0,2,20.47466667,54.485,13.6436,63.59,9.105,9.105,0,0,0,0,0,0,0,0,0,0,0,0,91.26666667,217,95.12,229,12,12,0.416666667,0.5,0.083333333,0,1,0.803211356,0.353325593,None
CaSrBaZr3O9,1.292,304.05,5,0.642910051,0.608120065,0.600499093,0.600039239,0.600001016,20.4,48,14.93333333,56,8,8,62.6,80,29.28,87,7,87,45.51277333,121.3276,36.14068444,137.327,15.9994,15.9994,669.48,2073.2,737.616,2128,54.8,54.8,10.8,14,6.24,16,2,16,3.2,4,1.44,6,2,2,113.6666667,149,57.2,215,66,66,2.519333333,2.55,1.1048,3.44,0.89,3.44,2,0,0,2,2,2,2.4,4,1.92,4,0,4,0.4,2,0.64,2,0,0,0,0,0,0,0,0,4.8,4,1.44,6,2,6,0,0,0,0,0,0,1.2,2,0.96,2,0,2,1.6,8,2.56,8,0,0,0,0,0,0,0,0,2.8,8,2.08,8,0,2,20.47466667,54.485,13.6436,63.59,9.105,9.105,0,0,0,0,0,0,0,0,0,0,0,0,91.26666667,217,95.12,229,12,12,0.416666667,0.5,0.083333333,0,1,0.803211356,0.353325593,None
CaSrBaZr3O9,1.089,303.75,5,0.642910051,0.608120065,0.600499093,0.600039239,0.600001016,20.4,48,14.93333333,56,8,8,62.6,80,29.28,87,7,87,45.51277333,121.3276,36.14068444,137.327,15.9994,15.9994,669.48,2073.2,737.616,2128,54.8,54.8,10.8,14,6.24,16,2,16,3.2,4,1.44,6,2,2,113.6666667,149,57.2,215,66,66,2.519333333,2.55,1.1048,3.44,0.89,3.44,2,0,0,2,2,2,2.4,4,1.92,4,0,4,0.4,2,0.64,2,0,0,0,0,0,0,0,0,4.8,4,1.44,6,2,6,0,0,0,0,0,0,1.2,2,0.96,2,0,2,1.6,8,2.56,8,0,0,0,0,0,0,0,0,2.8,8,2.08,8,0,2,20.47466667,54.485,13.6436,63.59,9.105,9.105,0,0,0,0,0,0,0,0,0,0,0,0,91.26666667,217,95.12,229,12,12,0.416666667,0.5,0.083333333,0,1,0.803211356,0.353325593,None
Ce0.2Zr0.2Hf0.2Sn0.2Ti0.2O2,1.28,298,6,0.683130051,0.667775931,0.666673333,0.666666714,0.666666667,21.46666667,64,17.95555556,72,8,8,73.13333333,72,19.40444444,87,15,87,49.0934,162.4906,44.28885333,178.49,15.9994,15.9994,579.9386667,2451.2,710.1660444,2506,54.8,54.8,12.6,13,4.72,16,3,16,3.066666667,4,1.422222222,6,2,2,100.8666667,138,46.48888889,204,66,66,2.776666667,2.32,0.884444444,3.44,1.12,3.44,2,0,0,2,2,2,2.8,4,1.6,4,0,4,1.133333333,10,1.528888889,10,0,0,1,14,1.733333333,14,0,0,6.933333333,14,2.417777778,18,4,6,0,0,0,0,0,0,1.6,4,0.853333333,4,0,2,2.2,9,3.226666667,9,0,0,0.866666667,13,1.617777778,13,0,0,4.666666667,20,3.644444444,22,2,2,14.91066667,28.135,7.740888889,37.24,9.105,9.105,0,0,0,0,0,0,1.50E-06,2.25E-05,2.80E-06,2.25E-05,0,0,69.13333333,182,76.17777778,194,12,12,0.288461538,0.403846154,0.163461538,0.144230769,1,0.739616569,0.280704231,None
BaZrO3,3.42,1273.15,3,0.663324958,0.614463365,0.600984419,0.600078355,0.600002032,24,48,19.2,56,8,8,62.8,78,29.04,87,9,87,55.30984,121.3276,47.172528,137.327,15.9994,15.9994,658.48,2073.2,724.416,2128,54.8,54.8,10.8,14,6.24,16,2,16,3.4,4,1.68,6,2,2,117.6,149,61.92,215,66,66,2.508,2.55,1.1184,3.44,0.89,3.44,2,0,0,2,2,2,2.4,4,1.92,4,0,4,0.4,2,0.64,2,0,0,0,0,0,0,0,0,4.8,4,1.44,6,2,6,0,0,0,0,0,0,1.2,2,0.96,2,0,2,1.6,8,2.56,8,0,0,0,0,0,0,0,0,2.8,8,2.08,8,0,2,22.82,54.485,16.458,63.59,9.105,9.105,0,0,0,0,0,0,0,0,0,0,0,0,91.8,217,95.76,229,12,12,0.416666667,0.5,0.083333333,0,1,0.803211356,0.357695264,None
SrZrO3,2.3,1273.15,3,0.663324958,0.614463365,0.600984419,0.600078355,0.600002032,20.4,32,14.88,40,8,8,62.6,79,29.28,87,8,87,45.36844,75.2246,35.242848,91.224,15.9994,15.9994,668.48,2073.2,736.416,2128,54.8,54.8,10.8,14,6.24,16,2,16,3.2,3,1.44,5,2,2,113.6,129,57.12,195,66,66,2.52,2.49,1.104,3.44,0.95,3.44,2,0,0,2,2,2,2.4,4,1.92,4,0,4,0.4,2,0.64,2,0,0,0,0,0,0,0,0,4.8,4,1.44,6,2,6,0,0,0,0,0,0,1.2,2,0.96,2,0,2,1.6,8,2.56,8,0,0,0,0,0,0,0,0,2.8,8,2.08,8,0,2,20.948,45.125,14.2116,54.23,9.105,9.105,0,0,0,0,0,0,0,0,0,0,0,0,91,213,94.8,225,12,12,0.416666667,0.5,0.083333333,0,1,0.787757332,0.353043001,None
CaZrO3,2,1273.15,3,0.663324958,0.614463365,0.600984419,0.600078355,0.600002032,16.8,32,10.56,40,8,8,62.4,80,29.52,87,7,87,35.86004,75.2246,23.832768,91.224,15.9994,15.9994,681.48,2073.2,752.016,2128,54.8,54.8,10.8,14,6.24,16,2,16,3,3,1.2,5,2,2,109.8,110,52.56,176,66,66,2.53,2.44,1.092,3.44,1,3.44,2,0,0,2,2,2,2.4,4,1.92,4,0,4,0.4,2,0.64,2,0,0,0,0,0,0,0,0,4.8,4,1.44,6,2,6,0,0,0,0,0,0,1.2,2,0.96,2,0,2,1.6,8,2.56,8,0,0,0,0,0,0,0,0,2.8,8,2.08,8,0,2,17.656,28.665,10.2612,37.77,9.105,9.105,0,0,0,0,0,0,0,0,0,0,0,0,91,213,94.8,225,12,12,0.416666667,0.5,0.083333333,0,1,0.77426646,0.349117317,None
LaMgAl11O19,2.7,1273.15,4,0.6875,0.629960525,0.601280409,0.595582132,0.594000709,11.375,49,4.0078125,57,8,8,79.28125,74,9.166015625,87,13,87,23.87487483,122.90607,9.352126362,138.90547,15.9994,15.9994,419.5428125,1138.2,433.1320898,1193,54.8,54.8,14.125,14,2.2265625,16,2,16,2.5,4,0.59375,6,2,2,91.65625,141,30.46679688,207,66,66,2.67125,2.34,0.912890625,3.44,1.1,3.44,2,0,0,2,2,2,2.71875,4,1.521484375,4,0,4,0.03125,1,0.060546875,1,0,0,0,0,0,0,0,0,4.75,4,1.484375,6,2,6,0,0,0,0,0,0,2.90625,5,1.439453125,5,0,2,0.28125,9,0.544921875,9,0,0,0,0,0,0,0,0,3.1875,9,1.609375,9,0,2,12.93945313,27.7925,4.553413086,36.8975,9.105,9.105,0,0,0,0,0,0,0,0,0,0,0,0,96.59375,213,100.4550781,225,12,12,0.421052632,0.572368421,0.006578947,0,1,0.745613369,0.28618142,None
GdMgAl11O19,2.6,1273.15,4,0.6875,0.629960525,0.601280409,0.595582132,0.594000709,11.59375,56,4.267578125,64,8,8,79.71875,60,8.646484375,87,27,87,24.44814139,141.2506,10.04182674,157.25,15.9994,15.9994,431.8240625,1531.2,447.7160742,1586,54.8,54.8,14.125,14,2.2265625,16,2,16,2.5,4,0.59375,6,2,2,91.3125,130,30.05859375,196,66,66,2.674375,2.24,0.909179688,3.44,1.2,3.44,2,0,0,2,2,2,2.71875,4,1.521484375,4,0,4,0.03125,1,0.060546875,1,0,0,0.21875,7,0.423828125,7,0,0,4.96875,8,1.5390625,10,2,6,0,0,0,0,0,0,2.90625,5,1.439453125,5,0,2,0.28125,9,0.544921875,9,0,0,0.21875,7,0.423828125,7,0,0,3.40625,16,1.8828125,16,0,2,12.78796875,22.945,4.373525391,32.05,9.105,9.105,0,0,0,0,0,0,0,0,0,0,0,0,96.59375,213,100.4550781,225,12,12,0.402515723,0.547169811,0.006289308,0.044025157,1,0.714753055,0.2845523,None
Gd0.7Yb0.3MgAl11O19,1.9,1273.15,5,0.68720164,0.629944376,0.601280372,0.595582132,0.594000709,11.65,62,4.334375,70,8,8,79.83125,60,8.512890625,87,27,87,24.59630389,157.0546,10.22702987,173.054,15.9994,15.9994,427.1928125,1531.2,442.2164648,1586,54.8,54.8,14.125,14,2.2265625,16,2,16,2.5,4,0.59375,6,2,2,91.228125,130,29.95839844,196,66,66,2.6749375,2.24,0.908511719,3.44,1.2,3.44,2,0,0,2,2,2,2.71875,4,1.521484375,4,0,4,0.021875,1,0.042792969,1,0,0,0.284375,14,0.550976563,14,0,0,5.025,14,1.58125,16,2,6,0,0,0,0,0,0,2.90625,5,1.439453125,5,0,2,0.196875,9,0.385136719,9,0,0,0.153125,7,0.299550781,7,0,0,3.25625,16,1.756367188,16,0,2,12.807375,25.015,4.396570313,34.12,9.105,9.105,0,0,0,0,0,0,0,0,0,0,0,0,96.884375,213,100.8001953,225,12,12,0.39800995,0.541044776,0.004353234,0.05659204,1,0.714753055,0.284262731,None
LaLiAl11O18.5,3.8,1273.15,4,0.68475094,0.625921328,0.59578281,0.589481658,0.587625176,11.14285714,54,4.20861678,57,3,8,77.03174603,86,11.70874276,87,1,87,23.44864427,131.96447,9.79801037,138.90547,6.941,15.9994,410.4336508,1138.2,417.7284152,1193,54.8,54.8,14.06349206,15,2.27462837,16,1,16,2.476190476,4,0.589569161,6,2,2,91.65079365,141,30.12950365,207,66,66,2.648571429,2.46,0.929614512,3.44,0.98,3.44,1.968253968,1,0.061476442,2,1,2,2.698412698,4,1.528848576,4,0,4,0.031746032,1,0.061476442,1,0,0,0,0,0,0,0,0,4.698412698,5,1.528848576,6,1,6,0.031746032,1,0.061476442,1,0,0,2.920634921,5,1.452254976,5,0,2,0.285714286,9,0.553287982,9,0,0,0,0,0,0,0,0,3.238095238,8,1.596371882,9,1,2,12.80042328,27.7925,4.340655917,36.8975,9.105,9.105,0,0,0,0,0,0,0,0,0,0,0,0,99.04761905,217,102.2464097,229,12,12,0.418918919,0.574324324,0.006756757,0,1,0.779729733,0.292984239,None
BaMg0.333Ta0.667O3 ,2.71,1273.15,4,0.649793136,0.609720678,0.600559996,0.600041504,0.600001034,26.5374,65,24.18126168,73,8,8,64.932,78,26.8902576,87,9,87,62.82220019,164.94848,61.3178513,180.94788,15.9994,15.9994,733.2378,3235.2,814.12536,3290,54.8,54.8,10.8002,14,6.23976,16,2,16,3.4002,4,1.73354664,6,2,2,114.6686,149,58.40232,215,66,66,2.529346,2.55,1.0927848,3.44,0.89,3.44,2,0,0,2,2,2,2.4,4,1.92,4,0,4,0.4002,3,0.69362664,3,0,0,1.8676,14,3.23692432,14,0,0,6.6678,17,3.29023096,19,2,6,0,0,0,0,0,0,1.2,2,0.96,2,0,2,0.9338,7,1.61846216,7,0,0,0,0,0,0,0,0,2.1338,7,1.29830216,7,0,2,22.122682,54.485,16.68913396,63.59,9.105,9.105,0,0,0,0,0,0,0,0,0,0,0,0,96.469,217,101.3628,229,12,12,0.299949009,0.35993881,0.060019797,0.280092384,0,0.803211356,0.350636172,None
LaAl0.25 Mg0.5Ta0.25O3 ,1.82,1273.15,2,0.824621125,0.804145152,0.800156189,0.800006975,0.800000076,48.2,44,14.08,57,13,57,25,60,19.2,73,13,13,116.5206837,111.9239314,35.81565805,138.90547,26.9815386,138.90547,1141.094,259.53,83.0496,1193,933.47,1193,5,10,3.2,13,3,3,5.4,3,0.96,6,3,6,189.8,86,27.52,207,121,207,1.202,0.51,0.1632,1.61,1.1,1.1,2,0,0,2,2,2,0.2,1,0.32,1,0,0,0.8,1,0.32,1,0,1,0,0,0,0,0,0,3,0,4.44E-16,3,3,3,0,0,0,0,0,0,1,5,1.6,5,0,0,7.2,9,2.88,9,0,9,0,0,0,0,0,0,8.2,4,1.28,9,5,9,32.814,20.4175,6.5336,36.8975,16.48,36.8975,0,0,0,0,0,0,0,0,0,0,0,0,200.2,31,9.92,225,194,194,0.666666667,0.066666667,0.266666667,0,0,0.062955963,0.020145908,None
BaLa2Ti3O10,0.7,1473.15,4,0.667317391,0.632411758,0.62534462,0.625020677,0.625000375,19.75,49,14.6875,57,8,8,64.625,78,27.96875,87,9,87,44.92080875,122.90607,36.15176094,138.90547,15.9994,15.9994,609.8125,1886.2,693.765625,1941,54.8,54.8,11.25,14,5.9375,16,2,16,3.125,4,1.40625,6,2,2,110.5625,149,55.703125,215,66,66,2.631875,2.55,1.01015625,3.44,0.89,3.44,2,0,0,2,2,2,2.5,4,1.875,4,0,4,0.5,2,0.6875,2,0,0,0,0,0,0,0,0,5,4,1.25,6,2,6,0,0,0,0,0,0,1.25,2,0.9375,2,0,2,2.625,9,3.609375,9,0,0,0,0,0,0,0,0,3.875,9,2.828125,9,0,2,17.4065625,54.485,10.64566406,63.59,9.105,9.105,0,0,0,0,0,0,4.22E-06,2.25E-05,6.87E-06,2.25E-05,0,0,82.4375,217,88.046875,229,12,12,0.4,0.5,0.1,0,1,0.803211356,0.323311508,None
La2Zr2O7,1.56,1273.15,3,0.686348585,0.646108515,0.636847546,0.636391892,0.636364098,22.72727273,49,18.74380165,57,8,8,65.72727273,74,27.07438017,87,13,87,52.02315818,122.90607,45.8484195,138.90547,15.9994,15.9994,638.6909091,2073.2,743.1338843,2128,54.8,54.8,11.45454545,13,5.785123967,16,3,16,3.272727273,4,1.619834711,6,2,2,111.4545455,141,57.85123967,207,66,66,2.630909091,2.34,1.029752066,3.44,1.1,3.44,2,0,0,2,2,2,2.545454545,4,1.851239669,4,0,4,0.545454545,2,0.694214876,2,0,0,0,0,0,0,0,0,5.090909091,3,1.157024793,6,3,6,0,0,0,0,0,0,1.272727273,2,0.925619835,2,0,2,3.090909091,9,3.933884298,9,0,0,0,0,0,0,0,0,4.363636364,7,3.008264463,9,2,2,16.72,27.7925,9.691818182,36.8975,9.105,9.105,0,0,0,0,0,0,0,0,0,0,0,0,78.18181818,182,84.23140496,194,12,12,0.392857143,0.5,0.107142857,0,1,0.745613369,0.328780978,None
Gd2Zr2O7,1.6,1073.15,3,0.686348585,0.646108515,0.636847546,0.636391892,0.636364098,24,56,20.36363636,64,8,8,68.27272727,60,23.83471074,87,27,87,55.35852727,141.2506,50.09343471,157.25,15.9994,15.9994,710.1454545,2073.2,834.0760331,2128,54.8,54.8,11.45454545,13,5.785123967,16,3,16,3.272727273,4,1.619834711,6,2,2,109.4545455,130,55.30578512,196,66,66,2.649090909,2.24,1.00661157,3.44,1.2,3.44,2,0,0,2,2,2,2.545454545,4,1.851239669,4,0,4,0.545454545,2,0.694214876,2,0,0,1.272727273,7,2.082644628,7,0,0,6.363636364,6,1.32231405,10,4,6,0,0,0,0,0,0,1.272727273,2,0.925619835,2,0,2,3.090909091,9,3.933884298,9,0,0,1.272727273,7,2.082644628,7,0,0,5.636363636,14,4.628099174,16,2,2,15.83863636,22.945,8.570082645,32.05,9.105,9.105,0,0,0,0,0,0,0,0,0,0,0,0,78.18181818,182,84.23140496,194,12,12,0.314285714,0.4,0.085714286,0.2,1,0.714753055,0.321049874,None
Sm2Zr2O7,2.04,298,3,0.686348585,0.646108515,0.636847546,0.636391892,0.636364098,23.63636364,54,19.90082645,62,8,8,67.54545455,64,24.76033058,87,23,87,54.1058,134.3606,48.49905455,150.36,15.9994,15.9994,666.3272727,2073.2,778.307438,2128,54.8,54.8,11.45454545,13,5.785123967,16,3,16,3.272727273,4,1.619834711,6,2,2,109.8181818,132,55.76859504,198,66,66,2.643636364,2.27,1.013553719,3.44,1.17,3.44,2,0,0,2,2,2,2.545454545,4,1.851239669,4,0,4,0.363636364,2,0.595041322,2,0,0,1.090909091,6,1.785123967,6,0,0,6,4,0.727272727,8,4,6,0,0,0,0,0,0,1.272727273,2,0.925619835,2,0,2,1.454545455,8,2.380165289,8,0,0,1.454545455,8,2.380165289,8,0,0,4.181818182,6,2.776859504,8,2,2,16.05318182,24.125,8.843140496,33.23,9.105,9.105,0,0,0,0,0,0,0,0,0,0,0,0,73.09090909,182,77.75206612,194,12,12,0.333333333,0.424242424,0.060606061,0.181818182,1,0.724240177,0.323388281,None
La2HfZrO7,2.29,298,4,0.674199862,0.642488783,0.636620897,0.636377986,0.636363868,25.63636364,64,22.44628099,72,8,8,65.81818182,74,26.95867769,87,13,87,59.95643091,162.4906,55.94531207,178.49,15.9994,15.9994,673.0545455,2451.2,786.8694215,2506,54.8,54.8,11.45454545,13,5.785123967,16,3,16,3.363636364,4,1.73553719,6,2,2,111.4545455,141,57.85123967,207,66,66,2.628181818,2.34,1.03322314,3.44,1.1,3.44,2,0,0,2,2,2,2.545454545,4,1.851239669,4,0,4,0.545454545,2,0.694214876,2,0,0,1.272727273,14,2.314049587,14,0,0,6.363636364,15,2.115702479,18,3,6,0,0,0,0,0,0,1.272727273,2,0.925619835,2,0,2,3.090909091,9,3.933884298,9,0,0,0,0,0,0,0,0,4.363636364,7,3.008264463,9,2,2,16.62954545,27.7925,9.576694215,36.8975,9.105,9.105,0,0,0,0,0,0,0,0,0,0,0,0,78.18181818,182,84.23140496,194,12,12,0.314285714,0.4,0.085714286,0.2,1,0.745613369,0.329871955,None
Sm2Sn0.5Ti0.5Hf0.5Zr0.5O7,1.73,298,6,0.668042657,0.64157745,0.63660672,0.636377769,0.636363867,24.72727273,64,21.53719008,72,8,8,69.18181818,64,23.66115702,87,23,87,57.35102727,162.4906,53.4915281,178.49,15.9994,15.9994,601.24,2451.2,704.2109091,2506,54.8,54.8,11.90909091,13,5.396694215,16,3,16,3.272727273,4,1.619834711,6,2,2,107.5,132,52.81818182,198,66,66,2.680454545,2.27,0.966694215,3.44,1.17,3.44,2,0,0,2,2,2,2.636363636,4,1.73553719,4,0,4,0.727272727,10,1.190082645,10,0,0,1.727272727,14,2.669421488,14,0,0,7.090909091,14,1.950413223,18,4,6,0,0,0,0,0,0,1.454545455,4,0.925619835,4,0,2,1.090909091,8,1.884297521,8,0,0,1.454545455,8,2.380165289,8,0,0,4,6,2.545454545,8,2,2,16.17090909,24.18,8.992975207,33.285,9.105,9.105,0,0,0,0,0,0,1.02E-06,2.25E-05,1.96E-06,2.25E-05,0,0,70.68181818,182,74.68595041,194,12,12,0.282051282,0.371794872,0.102564103,0.243589744,1,0.724240177,0.308878491,None
Gd2Sn0.5Ti0.5Hf0.5Zr0.5O7,1.58,298,6,0.668042657,0.64157745,0.63660672,0.636377769,0.636363867,25.09090909,64,22.03305785,72,8,8,69.90909091,60,22.66942149,87,27,87,58.60375455,162.4906,55.19979256,178.49,15.9994,15.9994,645.0581818,2451.2,763.9629752,2506,54.8,54.8,11.90909091,13,5.396694215,16,3,16,3.272727273,4,1.619834711,6,2,2,107.1363636,130,52.3553719,196,66,66,2.685909091,2.24,0.959752066,3.44,1.2,3.44,2,0,0,2,2,2,2.636363636,4,1.73553719,4,0,4,0.909090909,10,1.157024793,10,0,0,1.909090909,14,2.950413223,14,0,0,7.454545455,14,2.479338843,18,4,6,0,0,0,0,0,0,1.454545455,4,0.925619835,4,0,2,2.727272727,9,3.719008264,9,0,0,1.272727273,7,2.082644628,7,0,0,5.454545455,14,4.52892562,16,2,2,15.95636364,24.18,8.719917355,33.285,9.105,9.105,0,0,0,0,0,0,1.02E-06,2.25E-05,1.96E-06,2.25E-05,0,0,75.77272727,182,81.16528926,194,12,12,0.268292683,0.353658537,0.12195122,0.256097561,1,0.714753055,0.306368315,None
SmGdTi0.667Hf0.667Zr0.667O7,1.47,298,6,0.657601156,0.63808803,0.636323932,0.636306031,0.636305791,24.66848468,64,21.53609164,72,8,8,67.90691755,64,24.29807783,87,23,87,57.39772084,162.4906,53.83969397,178.49,15.9994,15.9994,699.947732,2451.2,821.0224751,2506,54.8,54.8,11.45386783,13,5.785460447,16,3,16,3.272884283,4,1.61988728,6,2,2,108.7328425,132,54.3823102,198,66,66,2.657157531,2.27,0.996254392,3.44,1.17,3.44,2,0,0,2,2,2,2.545223162,4,1.851365852,4,0,4,0.454685938,2,0.661301246,2,0,0,2.030542678,14,3.076546255,14,0,0,7.030451777,14,2.046320355,18,4,6,0,0,0,0,0,0,1.272611581,2,0.925682926,2,0,2,2.273247887,9,3.306241813,9,0,0,1.363512408,8,2.231247193,8,0,0,4.909371875,14,3.702500341,16,2,2,15.49183665,24.125,8.127962287,33.23,9.105,9.105,0,0,0,0,0,0,1.37E-06,2.25E-05,2.57E-06,2.25E-05,0,0,75.64712299,182,80.9980658,194,12,12,0.28447674,0.362028393,0.064673787,0.28882108,0,0.724240177,0.317809487,None
EuGdTi0.667Hf0.667Zr0.667O7,1.52,298,6,0.657601156,0.63808803,0.636323932,0.636306031,0.636305791,24.75938551,64,21.66279587,72,8,8,68.08871921,62,24.06671494,87,25,87,57.54352577,162.4906,54.04292757,178.49,15.9994,15.9994,677.2225252,2451.2,792.1021137,2506,54.8,54.8,11.45386783,13,5.785460447,16,3,16,3.272884283,4,1.61988728,6,2,2,108.7328425,132,54.3823102,198,66,66,2.658521044,2.255,0.99451917,3.44,1.185,3.44,2,0,0,2,2,2,2.545223162,4,1.851365852,4,0,4,0.454685938,2,0.661301246,2,0,0,2.121443505,14,3.214273279,14,0,0,7.121352604,14,2.184047378,18,4,6,0,0,0,0,0,0,1.272611581,2,0.925682926,2,0,2,2.273247887,9,3.306241813,9,0,0,1.272611581,7,2.08249738,7,0,0,4.818471048,14,3.586818896,16,2,2,15.78544632,27.355,8.501613355,36.46,9.105,9.105,0,0,0,0,0,0,1.37E-06,2.25E-05,2.57E-06,2.25E-05,0,0,81.3738751,217,88.28599686,229,12,12,0.280845523,0.357407266,0.063848255,0.297898956,0,0.719520951,0.317209149,None
LaPrSn0.667Hf0.667Zr0.667O7,2.24,298,6,0.657601156,0.63808803,0.636323932,0.636306031,0.636305791,25.45714026,64,22.21615886,72,8,8,68.33224252,74,25.1716565,87,13,87,59.16623289,162.4906,54.93461144,178.49,15.9994,15.9994,564.3456377,2451.2,655.6403316,2506,54.8,54.8,12.06017635,13,5.249091527,16,3,16,3.333515135,4,1.697046804,6,2,2,108.9140078,141,54.61286333,207,66,66,2.669896373,2.34,0.980042794,3.44,1.1,3.44,2,0,0,2,2,2,2.666484865,4,1.697046804,4,0,4,0.939732752,10,1.366759751,10,0,0,1.121534406,14,1.903172829,14,0,0,6.727752023,15,2.24873717,18,3,6,0,0,0,0,0,0,1.515134988,4,0.918363794,4,0,2,1.788201073,9,2.817623615,9,0,0,0.999909099,11,1.81803307,11,0,0,4.30324516,9,2.967908488,11,2,2,17.16089992,27.7925,10.25203153,36.8975,9.105,9.105,0,0,0,0,0,0,0,0,0,0,0,0,74.97891101,182,80.14769149,194,12,12,0.297276117,0.396341134,0.139680052,0.166702697,0,0.745613369,0.313915723,None
EuGdSn0.667Hf0.667Zr0.667O7,2.24,298,6,0.657601156,0.63808803,0.636323932,0.636306031,0.636305791,26.45704936,64,23.48865476,72,8,8,70.33206072,62,22.38416334,87,25,87,61.8387972,162.4906,58.33574773,178.49,15.9994,15.9994,590.1614726,2451.2,691.6243342,2506,54.8,54.8,12.06017635,13,5.249091527,16,3,16,3.333515135,4,1.697046804,6,2,2,107.4595946,132,52.7619602,198,66,66,2.683986001,2.255,0.96211217,3.44,1.185,3.44,2,0,0,2,2,2,2.666484865,4,1.697046804,4,0,4,0.939732752,10,1.366759751,10,0,0,2.121443505,14,3.214273279,14,0,0,7.727661122,14,2.650664089,18,4,6,0,0,0,0,0,0,1.515134988,4,0.918363794,4,0,2,1.788201073,9,2.817623615,9,0,0,1.272611581,7,2.08249738,7,0,0,4.575947641,14,3.348021192,16,2,2,16.79161531,27.355,9.782075657,36.46,9.105,9.105,0,0,0,0,0,0,0,0,0,0,0,0,78.16043996,217,84.19654208,229,12,12,0.258810521,0.345057168,0.121606361,0.274525949,0,0.719520951,0.307507874,None
La0.667Pr0.667Nd0.667HfZrO7,2.16,298,6,0.657601156,0.63808803,0.636323932,0.636306031,0.636305791,25.94236888,64,22.83366642,72,8,8,66.41968912,74,26.19074196,87,13,87,60.40855968,162.4906,56.5156109,178.49,15.9994,15.9994,679.8924643,2451.2,795.4999091,2506,54.8,54.8,11.45377693,13,5.785576128,16,3,16,3.363876011,4,1.735684407,6,2,2,110.8569221,141,57.08543854,207,66,66,2.632287065,2.34,1.027904835,3.44,1.1,3.44,2,0,2.22E-16,2,2,2,2.545223162,4,1.851365852,4,0,4,0.424234161,2,0.64277202,2,0,0,1.697027543,14,2.67396377,14,0,0,6.666484865,15,2.060451802,18,3,6,0,0,0,0,0,0,1.272611581,2,0.925682926,2,0,2,2.000090901,9,3.030407702,9,0,0,1.273247887,11,2.237703358,11,0,0,4.545950368,9,3.240005923,11,2,2,16.43069971,27.7925,9.322770287,36.8975,9.105,9.105,0,0,0,0,0,0,0,0,0,0,0,0,78.19234615,182,84.23714627,194,12,12,0.300008181,0.381793886,0.063636859,0.254561073,0,0.745613369,0.328123963,None
Sm0.667Eu0.667Gd0.667HfZrO7,1.97,298,6,0.657601156,0.63808803,0.636323932,0.636306031,0.636305791,26.73056995,64,23.83674023,72,8,8,67.99609126,64,24.18459434,87,23,87,62.56209963,162.4906,59.25623078,178.49,15.9994,15.9994,700.2037997,2451.2,821.3483497,2506,54.8,54.8,11.45377693,13,5.785576128,16,3,16,3.363876011,4,1.735684407,6,2,2,109.7049359,132,55.61940758,198,66,66,2.643503772,2.27,1.013630323,3.44,1.17,3.44,2,0,2.22E-16,2,2,2,2.545223162,4,1.851365852,4,0,4,0.424234161,2,0.64277202,2,0,0,2.485228616,14,3.614549391,14,0,0,7.454685938,14,2.479317789,18,4,6,0,0,0,0,0,0,1.272611581,2,0.925682926,2,0,2,2.000090901,9,3.030407702,9,0,0,1.333878738,8,2.182512252,8,0,0,4.60658122,14,3.317165447,16,2,2,16.08859013,27.355,8.887397672,36.46,9.105,9.105,0,0,0,0,0,0,0,0,0,0,0,0,78.61676211,217,84.77726294,229,12,12,0.268287627,0.341425941,0.056908388,0.333378044,0,0.724240177,0.323378986,None
Sm0.667Eu0.667Gd0.667Sn0.667Hf0.667Zr0.667O7,2.21,298,7,0.653348339,0.637346935,0.636253952,0.636247994,0.636247955,26.36947828,64,23.37508597,72,8,8,70.14615524,64,22.64123391,87,23,87,61.58975332,162.4906,58.01353812,178.49,15.9994,15.9994,590.5024868,2451.2,692.0367581,2506,54.8,54.8,12.05935284,13,5.249762177,16,3,16,3.333757499,4,1.697200962,6,2,2,107.5283585,132,52.84466631,198,66,66,2.682486366,2.27,0.963933001,3.44,1.17,3.44,2,0,0,2,2,2,2.666242501,4,1.697200962,4,0,4,0.909380113,10,1.377708391,10,0,0,2.061261589,14,3.122805686,14,0,0,7.636884203,14,2.523903142,18,4,6,0,0,0,0,0,0,1.514997273,4,0.918472261,4,0,2,1.515633521,9,2.479952249,9,0,0,1.333757499,8,2.182357979,8,0,0,4.364388293,14,3.052856761,16,2,2,16.73106163,27.355,9.704132226,36.46,9.105,9.105,0,0,0,0,0,0,0,0,0,0,0,0,75.41410653,217,80.69419118,229,12,12,0.261886909,0.349127004,0.119077374,0.269908713,0,0.724240177,0.308163133,None
Sm0.667Eu0.667Gd0.667Ti0.5Sn0.5Hf0.5Zr0.5O7,1.67,298,8,0.6512882,0.637164308,0.636309736,0.636305813,0.63630579,24.9125534,64,21.78786484,72,8,8,69.54140533,64,23.16870467,87,23,87,57.87448032,162.4906,54.2004004,178.49,15.9994,15.9994,600.7619307,2451.2,703.4950424,2506,54.8,54.8,11.90828107,13,5.397307883,16,3,16,3.272975184,4,1.620002961,6,2,2,107.3869648,132,52.66953072,198,66,66,2.683045632,2.27,0.963308895,3.44,1.17,3.44,2,0,4.44E-16,2,2,2,2.636123989,4,1.735684407,4,0,4,0.787837469,10,1.193680114,10,0,0,1.848922825,14,2.857166442,14,0,0,7.272884283,14,2.214903057,18,4,6,0,0,0,0,0,0,1.454413235,4,0.925715978,4,0,2,1.636487592,9,2.628257683,9,0,0,1.333878738,8,2.182512252,8,0,0,4.424779565,14,3.12441537,16,2,2,16.29675302,27.355,9.152308182,36.46,9.105,9.105,0,0,0,0,0,0,1.02E-06,2.25E-05,1.96E-06,2.25E-05,0,0,76.20789019,217,81.71170463,229,12,12,0.274994063,0.362459223,0.108325313,0.2542214,0,0.724240177,0.307655471,None
Sm0.5Eu0.5Gd0.5Yb0.5Ti0.5Sn0.5Hf0.5Zr0.5O7,1.45,298,9,0.649220766,0.636981466,0.63636553,0.636363643,0.636363636,25.22727273,64,22.21900826,72,8,8,70.18181818,64,22.29752066,87,23,87,58.76866364,162.4906,55.4246686,178.49,15.9994,15.9994,589.3309091,2451.2,687.9712397,2506,54.8,54.8,11.90909091,13,5.396694215,16,3,16,3.272727273,4,1.619834711,6,2,2,106.9090909,132,52.0661157,198,66,66,2.686590909,2.27,0.958884298,3.44,1.17,3.44,2,0,0,2,2,2,2.636363636,4,1.73553719,4,0,4,0.772727273,10,1.194214876,10,0,0,2.181818182,14,3.371900826,14,0,0,7.590909091,14,2.67768595,18,4,6,0,0,0,0,0,0,1.454545455,4,0.925619835,4,0,2,1.5,9,2.454545455,9,0,0,1,8,1.727272727,8,0,0,3.954545455,16,2.847107438,16,0,2,16.30454545,27.355,9.163057851,36.46,9.105,9.105,0,0,0,0,0,0,1.02E-06,2.25E-05,1.96E-06,2.25E-05,0,0,77.5,217,83.36363636,229,12,12,0.263473054,0.347305389,0.101796407,0.28742515,1,0.724240177,0.306060619,None
Sm0.667Eu0.667Gd0.667TiSn0.333Hf0.333Zr0.333O7,1.71,298,8,0.653454482,0.637598715,0.636374301,0.636363766,0.636363637,23.45536364,64,19.93507438,72,8,8,68.93654545,64,23.65969312,87,23,87,54.15853182,162.4906,49.71008264,178.49,15.9994,15.9994,611.02324,2451.2,714.3348689,2506,54.8,54.8,11.75718182,13,5.53574286,16,3,16,3.212181818,4,1.54277686,6,2,2,107.2455455,132,52.49433058,198,66,66,2.683605,2.27,0.962684545,3.44,1.17,3.44,2,0,0,2,2,2,2.606,4,1.774181818,4,0,4,0.666272727,10,1.009584893,10,0,0,1.636545455,14,2.578600529,14,0,0,6.908818182,14,1.861669438,18,4,6,0,0,0,0,0,0,1.393818182,4,0.929296595,4,0,2,1.757363636,9,2.76928557,9,0,0,1.334,8,2.182666545,8,0,0,4.485181818,14,3.192334231,16,2,2,15.86236545,27.355,8.600283306,36.46,9.105,9.105,0,0,0,0,0,0,2.05E-06,2.25E-05,3.72E-06,2.25E-05,0,0,77.00181818,217,82.72958678,229,12,12,0.289485111,0.3771991,0.096438017,0.236877771,0,0.724240177,0.307141226,None
Sm0.667Eu0.667Gd0.667Ti1.5Sn0.167Hf0.167Zr0.167O7,1.9,298,8,0.659634178,0.638882926,0.636308439,0.63624986,0.636247968,22.00663516,64,17.82519521,72,8,8,68.32830394,64,24.11398757,87,23,87,50.4634581,162.4906,44.56336918,178.49,15.9994,15.9994,621.5841083,2451.2,724.7673049,2506,54.8,54.8,11.60489002,13,5.665470501,16,3,16,3.151972369,4,1.465880127,6,2,2,107.1193419,132,52.32419443,198,66,66,2.683849755,2.27,0.962198095,3.44,1.17,3.44,2,0,0,2,2,2,2.575349936,4,1.812861379,4,0,4,0.545809853,10,0.826900439,10,0,0,1.425013634,14,2.288414914,14,0,0,6.546173423,14,1.466585177,18,4,6,0,0,0,0,0,0,1.333212143,4,0.929443477,4,0,2,1.879203781,9,2.904037692,9,0,0,1.333757499,8,2.182357979,8,0,0,4.546173423,14,3.256576063,16,2,2,15.43084348,27.355,8.049609958,36.46,9.105,9.105,0,0,0,0,0,0,3.07E-06,2.25E-05,5.31E-06,2.25E-05,0,0,77.8227595,217,83.75919224,229,12,12,0.305522001,0.393413032,0.083378459,0.217686508,0,0.724240177,0.306666161,None
Sm0.667Eu0.667Gd0.667Ti2O7,2.88,298,5,0.670048656,0.64175644,0.636550902,0.636319937,0.636306021,20.5493137,56,15.97040194,64,8,8,67.72338878,64,24.53163867,87,23,87,46.74717371,141.2506,39.12997291,157.25,15.9994,15.9994,631.8463776,1886.2,734.3559028,1941,54.8,54.8,11.45377693,13,5.785576128,16,3,16,3.09117353,4,1.38864007,6,2,2,106.9779111,132,52.14896422,198,66,66,2.684409145,2.27,0.961573673,3.44,1.17,3.44,2,0,2.22E-16,2,2,2,2.545223162,4,1.851365852,4,0,4,0.424234161,2,0.64277202,2,0,0,1.212617035,7,1.984102048,7,0,0,6.182074357,6,1.025119391,10,4,6,0,0,0,0,0,0,1.272611581,2,0.925682926,2,0,2,2.000090901,9,3.030407702,9,0,0,1.333878738,8,2.182512252,8,0,0,4.60658122,14,3.317165447,16,2,2,14.99641669,27.355,7.497485106,36.46,9.105,9.105,0,0,0,0,0,0,4.10E-06,2.25E-05,6.70E-06,2.25E-05,0,0,78.61676211,217,84.77726294,229,12,12,0.323516005,0.411710215,0.06862327,0.196150509,0,0.724240177,0.306138526,None
Sm0.5Eu0.5Gd0.5Yb0.5TiHf0.5Zr0.5O7,1.36,298,8,0.652395459,0.637444052,0.636372629,0.636363752,0.636363637,23.95454545,64,20.66115702,72,8,8,68.5,64,23.54545455,87,23,87,55.54852727,162.4906,51.73189421,178.49,15.9994,15.9994,654.6,2451.2,763.3818182,2506,54.8,54.8,11.45454545,13,5.785123967,16,3,16,3.227272727,4,1.561983471,6,2,2,107.8636364,132,53.28099174,198,66,66,2.6675,2.27,0.983181818,3.44,1.17,3.44,2,0,0,2,2,2,2.545454545,4,1.851239669,4,0,4,0.409090909,2,0.632231405,2,0,0,2.181818182,14,3.371900826,14,0,0,7.136363636,14,2.301652893,18,4,6,0,0,0,0,0,0,1.272727273,2,0.925619835,2,0,2,1.863636364,9,2.880165289,9,0,0,1,8,1.727272727,8,0,0,4.136363636,16,3.095041322,16,0,2,15.55022727,27.355,8.203016529,36.46,9.105,9.105,0,0,0,0,0,0,2.05E-06,2.25E-05,3.72E-06,2.25E-05,0,0,79.90909091,217,86.42975207,229,12,12,0.280254777,0.356687898,0.057324841,0.305732484,1,0.724240177,0.313425647,None
Sm1.5Yb0.5TiZrO7,1.4,298,5,0.664942674,0.639746977,0.636436506,0.636365744,0.63636365,22.36363636,62,18.34710744,70,8,8,68.18181818,64,23.95041322,87,23,87,51.1958,157.0546,45.40065455,173.054,15.9994,15.9994,637.8272727,2073.2,742.0347107,2128,54.8,54.8,11.45454545,13,5.785123967,16,3,16,3.181818182,4,1.504132231,6,2,2,107.9545455,132,53.39669421,198,66,66,2.666818182,2.27,0.984049587,3.44,1.17,3.44,2,0,0,2,2,2,2.545454545,4,1.851239669,4,0,4,0.363636364,2,0.595041322,2,0,0,1.454545455,14,2.380165289,14,0,0,6.363636364,12,1.32231405,16,4,6,0,0,0,0,0,0,1.272727273,2,0.925619835,2,0,2,1.454545455,8,2.380165289,8,0,0,1.090909091,8,1.884297521,8,0,0,3.818181818,8,2.661157025,8,0,2,15.50227273,25.015,8.141983471,34.12,9.105,9.105,0,0,0,0,0,0,2.05E-06,2.25E-05,3.72E-06,2.25E-05,0,0,75.77272727,213,81.16528926,225,12,12,0.314285714,0.4,0.057142857,0.228571429,1,0.724240177,0.313747648,None
La0.4Ce0.4Nd0.4Sm0.4Eu0.4Zr2O7,2.06,298,7,0.666804393,0.641467916,0.636606162,0.636377766,0.636363867,23.27272727,55,19.43801653,63,8,8,66.81818182,74,25.68595041,87,13,87,53.15261709,135.9646,47.28591266,151.964,15.9994,15.9994,639.8909091,2073.2,744.661157,2128,54.8,54.8,11.45454545,13,5.785123967,16,3,16,3.272727273,4,1.619834711,6,2,2,110.4727273,141,56.60165289,207,66,66,2.638727273,2.34,1.019801653,3.44,1.1,3.44,2,0,0,2,2,2,2.545454545,4,1.851239669,4,0,4,0.436363636,2,0.650578512,2,0,0,0.654545455,7,1.118677686,7,0,0,5.636363636,6,0.905785124,9,3,6,0,0,0,0,0,0,1.272727273,2,0.925619835,2,0,2,2.109090909,9,3.14446281,9,0,0,1.381818182,13,2.361652893,13,0,0,4.763636364,20,3.517355372,22,2,2,16.50727273,28.135,9.42107438,37.24,9.105,9.105,0,0,0,0,0,0,0,0,0,0,0,0,78.43636364,217,84.5553719,229,12,12,0.35483871,0.451612903,0.077419355,0.116129032,1,0.745613369,0.325486224,None
La0.286Ce0.286Pr0.286Nd0.286Sm0.286Eu0.286Gd0.286HfZrO7,1.97,298,10,0.652736284,0.637583038,0.636263198,0.636248176,0.636247955,26.26595165,64,23.24334876,72,8,8,67.05635339,74,25.37820874,87,13,87,61.30711728,162.4906,57.65388492,178.49,15.9994,15.9994,684.5089984,2451.2,801.3021248,2506,54.8,54.8,11.45300854,13,5.78602803,16,3,16,3.364115615,4,1.735831541,6,2,2,110.3801127,141,56.4735119,207,66,66,2.636872387,2.34,1.021976603,3.44,1.1,3.44,2,0,0,2,2,2,2.54499182,4,1.851491958,4,0,4,0.441556081,2,0.653705276,2,0,0,2.00036357,14,3.065100259,14,0,0,6.986911471,15,2.316000452,18,3,6,0,0,0,0,0,0,1.27249591,2,0.925745979,2,0,2,2.156153427,9,3.192094802,9,0,0,1.455735321,13,2.457363786,13,0,0,4.884384657,20,3.670367679,22,2,2,16.32336621,28.135,9.185341473,37.24,9.105,9.105,0,0,0,0,0,0,0,0,0,0,0,0,78.38483912,217,84.47443626,229,12,12,0.286249512,0.364251333,0.063197606,0.286301548,0,0.745613369,0.326167757,None
La0.286Ce0.286Pr0.286Nd0.286Sm0.286Eu0.286Gd0.286Sn0.667Hf0.667Zr0.667O7,2.02,298,11,0.648453231,0.636841097,0.63619323,0.63619015,0.63619013,25.90493502,64,22.78188587,72,8,8,69.20630737,74,23.9489669,87,13,87,60.3349734,162.4906,56.41170841,178.49,15.9994,15.9994,574.8190821,2451.2,670.1171575,2506,54.8,54.8,12.05852949,13,5.250432498,16,3,16,3.333999818,4,1.697355035,6,2,2,108.2036717,141,53.6991188,207,66,66,2.67585204,2.34,0.97228678,3.44,1.1,3.44,2,0,0,2,2,2,2.666000182,4,1.697355035,4,0,4,0.926656366,10,1.37175124,10,0,0,1.576479142,14,2.500067843,14,0,0,7.16913569,15,2.426838965,18,3,6,0,0,0,0,0,0,1.514859584,4,0.918580673,4,0,2,1.671725893,9,2.677374687,9,0,0,1.455603017,13,2.457181718,13,0,0,4.642188494,20,3.439727199,22,2,2,16.96575798,28.135,10.00187328,37.24,9.105,9.105,0,0,0,0,0,0,0,0,0,0,0,0,75.18249568,217,80.39216028,229,12,12,0.278973657,0.37187191,0.129256358,0.219898076,0,0.745613369,0.311162449,None
Y0.2Nd0.2Sm0.2Eu0.2Er0.2AlO3,4.1,298,7,0.638748777,0.607606856,0.600493804,0.600039187,0.600001016,19.08,60,15.728,68,8,8,71.36,75,19.424,87,12,87,43.10518172,151.2596,38.97639531,167.259,15.9994,15.9994,511.694,1744.2,548.2728,1799,54.8,54.8,12.8,13,3.92,16,3,16,2.96,4,1.152,6,2,2,102.84,135,44.208,201,66,66,2.6242,2.3,0.97896,3.44,1.14,3.44,2,0,0,2,2,2,2.6,4,1.68,4,0,4,0.04,1,0.0768,1,0,0,1.16,12,1.9488,12,0,0,5.8,11,1.344,14,3,6,0,0,0,0,0,0,2.2,5,1.12,5,0,2,0.36,9,0.6912,9,0,0,1.08,10,1.8144,10,0,0,3.64,8,2.0992,10,2,2,15.457,27.355,7.6224,36.46,9.105,9.105,0,0,0,0,0,0,0,0,0,0,0,0,91.28,217,95.136,229,12,12,0.344827586,0.448275862,0.006896552,0.2,1,0.733531702,0.311780138,None
YAlO3,11.7,298,3,0.663324958,0.614463365,0.600984419,0.600078355,0.600002032,15.2,31,9.52,39,8,8,69.2,75,22.88,87,12,87,32.77711772,72.90645,22.45149291,88.90585,15.9994,15.9994,579.374,1744.2,629.4888,1799,54.8,54.8,12.8,13,3.92,16,3,16,2.8,3,0.96,5,2,2,101.8,124,42.96,190,66,66,2.63,2.22,0.972,3.44,1.22,3.44,2,0,0,2,2,2,2.6,4,1.68,4,0,4,0.2,1,0.32,1,0,0,0,0,0,0,0,0,4.8,3,1.44,6,3,6,0,0,0,0,0,0,2.2,5,1.12,5,0,2,1.8,9,2.88,9,0,0,0,0,0,0,0,0,4,7,2.4,9,2,2,15.232,23.26,7.3524,32.365,9.105,9.105,0,0,0,0,0,0,0,0,0,0,0,0,91,213,94.8,225,12,12,0.416666667,0.541666667,0.041666667,0,1,0.708320593,0.309083388,None
NdAlO3,7.5,298,3,0.663324958,0.614463365,0.600984419,0.600078355,0.600002032,19.4,52,16.24,60,8,8,70.6,68,20.64,87,19,87,43.84434772,128.2426,40.15906091,144.242,15.9994,15.9994,478.374,1239.2,508.2888,1294,54.8,54.8,12.8,13,3.92,16,3,16,3,4,1.2,6,2,2,104,135,45.6,201,66,66,2.614,2.3,0.9912,3.44,1.14,3.44,2,0,0,2,2,2,2.6,4,1.68,4,0,4,0,0,0,0,0,0,0.8,4,1.28,4,0,0,5.4,3,0.96,6,3,6,0,0,0,0,0,0,2.2,5,1.12,5,0,2,0,0,0,0,0,0,2,10,3.2,10,0,0,4.2,8,2.64,10,2,2,15.721,25.705,7.9392,34.81,9.105,9.105,0,0,0,0,0,0,0,0,0,0,0,0,91,213,94.8,225,12,12,0.37037037,0.481481481,0,0.148148148,1,0.733531702,0.316447387,None
Al2O3,8,298,2,0.721110255,0.654213262,0.615030331,0.604895199,0.60103246,10,5,2.4,13,8,8,81.4,14,6.72,87,73,87,20.39225544,10.9821386,5.271426528,26.9815386,15.9994,15.9994,406.268,878.67,421.7616,933.47,54.8,54.8,14.8,3,1.44,16,13,16,2.4,1,0.48,3,2,2,88,55,26.4,121,66,66,2.708,1.83,0.8784,3.44,1.61,3.44,2,0,0,2,2,2,2.8,3,1.44,4,1,4,0,0,0,0,0,0,0,0,0,0,0,0,4.8,3,1.44,6,3,6,0,0,0,0,0,0,3.2,3,1.44,5,2,2,0,0,0,0,0,0,0,0,0,0,0,0,3.2,3,1.44,5,2,2,12.055,7.375,3.54,16.48,9.105,9.105,0,0,0,0,0,0,0,0,0,0,0,0,97.2,213,102.24,225,12,12,0.416666667,0.583333333,0,0,1,0.567089816,0.272203112,None
Y2O3,27,298,2,0.721110255,0.654213262,0.615030331,0.604895199,0.60103246,20.4,31,14.88,39,8,8,57,75,36,87,12,87,45.16198,72.90645,34.995096,88.90585,15.9994,15.9994,752.48,1744.2,837.216,1799,54.8,54.8,10.8,13,6.24,16,3,16,3.2,3,1.44,5,2,2,115.6,124,59.52,190,66,66,2.552,2.22,1.0656,3.44,1.22,3.44,2,0,0,2,2,2,2.4,4,1.92,4,0,4,0.4,1,0.48,1,0,0,0,0,0,0,0,0,4.8,3,1.44,6,3,6,0,0,0,0,0,0,1.2,2,0.96,2,0,2,3.6,9,4.32,9,0,0,0,0,0,0,0,0,4.8,7,3.36,9,2,2,18.409,23.26,11.1648,32.365,9.105,9.105,0,0,0,0,0,0,0,0,0,0,0,0,84.8,182,87.36,194,12,12,0.416666667,0.5,0.083333333,0,1,0.708320593,0.339993884,None
BaZr0.2Sn0.2Ti0.2Hf0.2Nb0.2O3,0.58,298,7,0.638748777,0.607606856,0.600493804,0.600039187,0.600001016,25,64,20.64,72,8,8,64.36,78,28.4192,87,9,87,58.2329352,162.4906,51.50951706,178.49,15.9994,15.9994,626.0832,2695.2,695.220096,2750,54.8,54.8,11.24,14,5.9328,16,2,16,3.4,4,1.68,6,2,2,115.12,149,58.944,215,66,66,2.5512,2.55,1.06656,3.44,0.89,3.44,1.96,1,0.0768,2,1,2,2.48,4,1.824,4,0,4,0.8,10,1.28,10,0,0,0.56,14,1.0752,14,0,0,5.8,16,1.872,18,2,6,0.04,1,0.0768,1,0,0,1.36,4,0.9792,4,0,2,1.2,8,2.016,8,0,0,0,0,0,0,0,0,2.6,8,1.76,8,0,2,22.723,54.485,17.22952,63.59,9.105,9.105,0,0,0,0,0,0,9.01E-07,2.25E-05,1.73E-06,2.25E-05,0,0,91.08,217,94.896,229,12,12,0.337931034,0.427586207,0.137931034,0.096551724,1,0.803211356,0.343887937,None
Sc2SiO5,2.41,298,3,0.684653197,0.639653743,0.626314459,0.625147324,0.62500656,12,13,5,21,8,8,66.875,76,27.9375,87,11,87,24.7492905,28.956512,10.93736313,44.955912,15.9994,15.9994,698.625,1759.2,804.78125,1814,54.8,54.8,12.5,13,4.75,16,3,16,2.625,2,0.78125,4,2,2,97.625,104,39.53125,170,66,66,2.7275,2.08,0.890625,3.44,1.36,3.44,2,0,0,2,2,2,2.75,4,1.5625,4,0,4,0.25,1,0.375,1,0,0,0,0,0,0,0,0,5,3,1.25,6,3,6,0,0,0,0,0,0,1.75,4,0.875,4,0,2,2.25,9,3.375,9,0,0,0,0,0,0,0,0,4,7,2.5,9,2,2,13.804375,13.13,5.87421875,22.235,9.105,9.105,0.096625,0.773,0.16909375,0.773,0,0,1.59E-06,6.35E-06,2.38E-06,6.35E-06,0,0,84.375,215,90.46875,227,12,12,0.4,0.55,0.05,0,1,0.660947393,0.280827376,None
Y2SiO5,1.95,298,3,0.684653197,0.639653743,0.626314459,0.625147324,0.62500656,16.5,31,11.25,39,8,8,67.125,75,27.5625,87,12,87,35.736775,72.90645,26.5845375,88.90585,15.9994,15.9994,694.875,1744.2,800.09375,1799,54.8,54.8,12.5,13,4.75,16,3,16,2.875,3,1.09375,5,2,2,102.625,124,45.78125,190,66,66,2.6925,2.22,0.934375,3.44,1.22,3.44,2,0,0,2,2,2,2.75,4,1.5625,4,0,4,0.25,1,0.375,1,0,0,0,0,0,0,0,0,5,3,1.25,6,3,6,0,0,0,0,0,0,1.75,4,0.875,4,0,2,2.25,9,3.375,9,0,0,0,0,0,0,0,0,4,7,2.5,9,2,2,16.336875,23.26,9.03984375,32.365,9.105,9.105,0.096625,0.773,0.16909375,0.773,0,0,0,0,0,0,0,0,84.375,215,90.46875,227,12,12,0.4,0.55,0.05,0,1,0.708320593,0.298060395,None
Nd2SiO5,2.26,298,3,0.684653197,0.639653743,0.626314459,0.625147324,0.62500656,21.75,52,19.125,60,8,8,68.875,68,24.9375,87,19,87,49.5708125,128.2426,47.33559375,144.242,15.9994,15.9994,568.625,1632.2,642.28125,1687,54.8,54.8,12.5,13,4.75,16,3,16,3.125,4,1.4375,6,2,2,105.375,135,49.21875,201,66,66,2.6725,2.3,0.959375,3.44,1.14,3.44,2,0,0,2,2,2,2.75,4,1.5625,4,0,4,0,0,0,0,0,0,1,4,1.5,4,0,0,5.75,2,0.4375,6,4,6,0,0,0,0,0,0,1.75,4,0.875,4,0,2,0,0,0,0,0,0,2.5,10,3.75,10,0,0,4.25,8,2.875,10,2,2,16.948125,25.705,9.80390625,34.81,9.105,9.105,0.096625,0.773,0.16909375,0.773,0,0,0,0,0,0,0,0,84.375,215,90.46875,227,12,12,0.347826087,0.47826087,0,0.173913043,1,0.733531702,0.307519493,None
Dy2SiO5,1.02,298,3,0.684653197,0.639653743,0.626314459,0.625147324,0.62500656,23.25,58,21.375,66,8,8,71.875,56,20.4375,87,31,87,54.1353125,146.5006,54.18234375,162.5,15.9994,15.9994,666.375,1632.2,764.46875,1687,54.8,54.8,12.5,13,4.75,16,3,16,3.125,4,1.4375,6,2,2,103.125,126,46.40625,192,66,66,2.6925,2.22,0.934375,3.44,1.22,3.44,2,0,0,2,2,2,2.75,4,1.5625,4,0,4,0,0,0,0,0,0,2.5,10,3.75,10,0,0,7.25,8,2.375,12,4,6,0,0,0,0,0,0,1.75,4,0.875,4,0,2,0,0,0,0,0,0,1,4,1.5,4,0,0,2.75,2,0.9375,4,2,2,16.055625,22.135,8.68828125,31.24,9.105,9.105,0.096625,0.773,0.16909375,0.773,0,0,0,0,0,0,0,0,84.375,215,90.46875,227,12,12,0.275862069,0.379310345,0,0.344827586,1,0.708320593,0.298060395,None
Er2SiO5,1.3,298,3,0.684653197,0.639653743,0.626314459,0.625147324,0.62500656,23.75,60,22.125,68,8,8,72.875,52,18.9375,87,35,87,55.3250625,151.2596,55.96696875,167.259,15.9994,15.9994,687.625,1715.2,791.03125,1770,54.8,54.8,12.5,13,4.75,16,3,16,3.125,4,1.4375,6,2,2,102.375,123,45.46875,189,66,66,2.6975,2.2,0.928125,3.44,1.24,3.44,2,0,0,2,2,2,2.75,4,1.5625,4,0,4,0,0,0,0,0,0,3,12,4.5,12,0,0,7.75,10,3.125,14,4,6,0,0,0,0,0,0,1.75,4,0.875,4,0,2,0,0,0,0,0,0,0.5,2,0.75,2,0,0,2.25,2,0.4375,4,2,2,15.891875,21.48,8.48359375,30.585,9.105,9.105,0.096625,0.773,0.16909375,0.773,0,0,0,0,0,0,0,0,84.375,215,90.46875,227,12,12,0.258064516,0.35483871,0,0.387096774,1,0.701802721,0.295649272,None
Yb2SiO5,1.23,298,3,0.684653197,0.639653743,0.626314459,0.625147324,0.62500656,24.25,62,22.875,70,8,8,73.875,48,17.4375,87,39,87,56.7738125,157.0546,58.14009375,173.054,15.9994,15.9994,518.125,1632.2,579.15625,1687,54.8,54.8,12.5,13,4.75,16,3,16,3.125,4,1.4375,6,2,2,101.875,121,44.84375,187,66,66,2.7025,2.18,0.921875,3.44,1.26,3.44,2,0,0,2,2,2,2.75,4,1.5625,4,0,4,0,0,0,0,0,0,3.5,14,5.25,14,0,0,8.25,12,3.875,16,4,6,0,0,0,0,0,0,1.75,4,0.875,4,0,2,0,0,0,0,0,0,0,0,0,0,0,0,1.75,4,0.875,4,0,2,16.775625,25.015,9.58828125,34.12,9.105,9.105,0.096625,0.773,0.16909375,0.773,0,0,0,0,0,0,0,0,92.125,215,100.15625,227,12,12,0.242424242,0.333333333,0,0.424242424,1,0.695200166,0.293220454,None
YbYSiO5,1.24,298,4,0.661437828,0.629960525,0.625119954,0.625003429,0.625000019,20.375,62,17.0625,70,8,8,70.5,75,22.5,87,12,87,46.25529375,157.0546,42.36231563,173.054,15.9994,15.9994,606.5,1744.2,689.625,1799,54.8,54.8,12.5,13,4.75,16,3,16,3,4,1.25,6,2,2,102.25,124,45.3125,190,66,66,2.6975,2.22,0.928125,3.44,1.22,3.44,2,0,0,2,2,2,2.75,4,1.5625,4,0,4,0.125,1,0.21875,1,0,0,1.75,14,3.0625,14,0,0,6.625,13,2.34375,16,3,6,0,0,0,0,0,0,1.75,4,0.875,4,0,2,1.125,9,1.96875,9,0,0,0,0,0,0,0,0,2.875,9,1.8125,9,0,2,16.55625,25.015,9.3140625,34.12,9.105,9.105,0.096625,0.773,0.16909375,0.773,0,0,0,0,0,0,0,0,88.25,215,95.3125,227,12,12,0.301886792,0.41509434,0.018867925,0.264150943,1,0.708320593,0.295652922,None
DyScSiO5,1.01,298,4,0.661437828,0.629960525,0.625119954,0.625003429,0.625000019,17.625,58,12.9375,66,8,8,69.375,76,24.1875,87,11,87,39.4423015,146.5006,32.14282725,162.5,15.9994,15.9994,682.5,1759.2,784.625,1814,54.8,54.8,12.5,13,4.75,16,3,16,2.875,4,1.09375,6,2,2,100.375,126,42.96875,192,66,66,2.71,2.22,0.9125,3.44,1.22,3.44,2,0,0,2,2,2,2.75,4,1.5625,4,0,4,0.125,1,0.21875,1,0,0,1.25,10,2.1875,10,0,0,6.125,9,1.46875,12,3,6,0,0,0,0,0,0,1.75,4,0.875,4,0,2,1.125,9,1.96875,9,0,0,0.5,4,0.875,4,0,0,3.375,7,1.71875,9,2,2,14.93,22.135,7.28125,31.24,9.105,9.105,0.096625,0.773,0.16909375,0.773,0,0,7.94E-07,6.35E-06,1.39E-06,6.35E-06,0,0,84.375,215,90.46875,227,12,12,0.326530612,0.448979592,0.020408163,0.204081633,1,0.708320593,0.289596636,None
DyErSiO5,1.24,298,4,0.661437828,0.629960525,0.625119954,0.625003429,0.625000019,23.5,60,21.75,68,8,8,72.375,56,19.6875,87,31,87,54.7301875,151.2596,55.07465625,167.259,15.9994,15.9994,677,1715.2,777.75,1770,54.8,54.8,12.5,13,4.75,16,3,16,3.125,4,1.4375,6,2,2,102.75,126,45.9375,192,66,66,2.695,2.22,0.93125,3.44,1.22,3.44,2,0,0,2,2,2,2.75,4,1.5625,4,0,4,0,0,0,0,0,0,2.75,12,4.125,12,0,0,7.5,10,2.75,14,4,6,0,0,0,0,0,0,1.75,4,0.875,4,0,2,0,0,0,0,0,0,0.75,4,1.125,4,0,0,2.5,2,0.75,4,2,2,15.97375,22.135,8.5859375,31.24,9.105,9.105,0.096625,0.773,0.16909375,0.773,0,0,0,0,0,0,0,0,84.375,215,90.46875,227,12,12,0.266666667,0.366666667,0,0.366666667,1,0.708320593,0.296857958,None
YbErSiO5,1.08,298,4,0.661437828,0.629960525,0.625119954,0.625003429,0.625000019,24,62,22.5,70,8,8,73.375,52,18.1875,87,35,87,56.0494375,157.0546,57.05353125,173.054,15.9994,15.9994,602.875,1715.2,685.09375,1770,54.8,54.8,12.5,13,4.75,16,3,16,3.125,4,1.4375,6,2,2,102.125,123,45.15625,189,66,66,2.7,2.2,0.925,3.44,1.24,3.44,2,0,0,2,2,2,2.75,4,1.5625,4,0,4,0,0,0,0,0,0,3.25,14,4.875,14,0,0,8,12,3.5,16,4,6,0,0,0,0,0,0,1.75,4,0.875,4,0,2,0,0,0,0,0,0,0.25,2,0.4375,2,0,0,2,4,0.5,4,0,2,16.33375,25.015,9.0359375,34.12,9.105,9.105,0.096625,0.773,0.16909375,0.773,0,0,0,0,0,0,0,0,88.25,215,95.3125,227,12,12,0.25,0.34375,0,0.40625,1,0.701802721,0.294437987,None
Sc2Y2Dy2Er2Yb2SiO5,0.93,293.15,7,0.423895624,0.343491541,0.315655622,0.312865004,0.312516383,36.375,62,24.375,70,8,8,48.0625,76,28.078125,87,11,87,86.3395015,157.0546,61.590211,173.054,15.9994,15.9994,1142.5625,1759.2,692.4921875,1814,54.8,54.8,7.75,13,5.9375,16,3,16,4.1875,4,1.5625,6,2,2,143.5625,126,52.546875,192,66,66,1.98125,2.22,0.91171875,3.44,1.22,3.44,2,0,0,2,2,2,1.375,4,1.71875,4,0,4,0.25,1,0.375,1,0,0,4.5,14,5.625,14,0,0,8.125,13,4.40625,16,3,6,0,0,0,0,0,0,0.875,4,1.09375,4,0,2,2.25,9,3.375,9,0,0,0.75,4,1.125,4,0,0,3.875,9,2.609375,9,0,2,22.9409375,25.015,9.1365625,34.12,9.105,9.105,0.0483125,0.773,0.090585938,0.773,0,0,7.94E-07,6.35E-06,1.39E-06,6.35E-06,0,0,143.0625,215,81.9140625,227,12,12,0.246153846,0.169230769,0.030769231,0.553846154,0,0.708320593,0.297097491,None
Sc2Y2Dy2Er2Yb2SiO5,0.9,323.15,7,0.423895624,0.343491541,0.315655622,0.312865004,0.312516383,36.375,62,24.375,70,8,8,48.0625,76,28.078125,87,11,87,86.3395015,157.0546,61.590211,173.054,15.9994,15.9994,1142.5625,1759.2,692.4921875,1814,54.8,54.8,7.75,13,5.9375,16,3,16,4.1875,4,1.5625,6,2,2,143.5625,126,52.546875,192,66,66,1.98125,2.22,0.91171875,3.44,1.22,3.44,2,0,0,2,2,2,1.375,4,1.71875,4,0,4,0.25,1,0.375,1,0,0,4.5,14,5.625,14,0,0,8.125,13,4.40625,16,3,6,0,0,0,0,0,0,0.875,4,1.09375,4,0,2,2.25,9,3.375,9,0,0,0.75,4,1.125,4,0,0,3.875,9,2.609375,9,0,2,22.9409375,25.015,9.1365625,34.12,9.105,9.105,0.0483125,0.773,0.090585938,0.773,0,0,7.94E-07,6.35E-06,1.39E-06,6.35E-06,0,0,143.0625,215,81.9140625,227,12,12,0.246153846,0.169230769,0.030769231,0.553846154,0,0.708320593,0.297097491,None
Sc2Y2Dy2Er2Yb2SiO5,0.88,373.15,7,0.423895624,0.343491541,0.315655622,0.312865004,0.312516383,36.375,62,24.375,70,8,8,48.0625,76,28.078125,87,11,87,86.3395015,157.0546,61.590211,173.054,15.9994,15.9994,1142.5625,1759.2,692.4921875,1814,54.8,54.8,7.75,13,5.9375,16,3,16,4.1875,4,1.5625,6,2,2,143.5625,126,52.546875,192,66,66,1.98125,2.22,0.91171875,3.44,1.22,3.44,2,0,0,2,2,2,1.375,4,1.71875,4,0,4,0.25,1,0.375,1,0,0,4.5,14,5.625,14,0,0,8.125,13,4.40625,16,3,6,0,0,0,0,0,0,0.875,4,1.09375,4,0,2,2.25,9,3.375,9,0,0,0.75,4,1.125,4,0,0,3.875,9,2.609375,9,0,2,22.9409375,25.015,9.1365625,34.12,9.105,9.105,0.0483125,0.773,0.090585938,0.773,0,0,7.94E-07,6.35E-06,1.39E-06,6.35E-06,0,0,143.0625,215,81.9140625,227,12,12,0.246153846,0.169230769,0.030769231,0.553846154,0,0.708320593,0.297097491,None
Sc2Y2Dy2Er2Yb2SiO5,0.87,423.15,7,0.423895624,0.343491541,0.315655622,0.312865004,0.312516383,36.375,62,24.375,70,8,8,48.0625,76,28.078125,87,11,87,86.3395015,157.0546,61.590211,173.054,15.9994,15.9994,1142.5625,1759.2,692.4921875,1814,54.8,54.8,7.75,13,5.9375,16,3,16,4.1875,4,1.5625,6,2,2,143.5625,126,52.546875,192,66,66,1.98125,2.22,0.91171875,3.44,1.22,3.44,2,0,0,2,2,2,1.375,4,1.71875,4,0,4,0.25,1,0.375,1,0,0,4.5,14,5.625,14,0,0,8.125,13,4.40625,16,3,6,0,0,0,0,0,0,0.875,4,1.09375,4,0,2,2.25,9,3.375,9,0,0,0.75,4,1.125,4,0,0,3.875,9,2.609375,9,0,2,22.9409375,25.015,9.1365625,34.12,9.105,9.105,0.0483125,0.773,0.090585938,0.773,0,0,7.94E-07,6.35E-06,1.39E-06,6.35E-06,0,0,143.0625,215,81.9140625,227,12,12,0.246153846,0.169230769,0.030769231,0.553846154,0,0.708320593,0.297097491,None
Sc2Y2Dy2Er2Yb2SiO5,0.85,473.15,7,0.423895624,0.343491541,0.315655622,0.312865004,0.312516383,36.375,62,24.375,70,8,8,48.0625,76,28.078125,87,11,87,86.3395015,157.0546,61.590211,173.054,15.9994,15.9994,1142.5625,1759.2,692.4921875,1814,54.8,54.8,7.75,13,5.9375,16,3,16,4.1875,4,1.5625,6,2,2,143.5625,126,52.546875,192,66,66,1.98125,2.22,0.91171875,3.44,1.22,3.44,2,0,0,2,2,2,1.375,4,1.71875,4,0,4,0.25,1,0.375,1,0,0,4.5,14,5.625,14,0,0,8.125,13,4.40625,16,3,6,0,0,0,0,0,0,0.875,4,1.09375,4,0,2,2.25,9,3.375,9,0,0,0.75,4,1.125,4,0,0,3.875,9,2.609375,9,0,2,22.9409375,25.015,9.1365625,34.12,9.105,9.105,0.0483125,0.773,0.090585938,0.773,0,0,7.94E-07,6.35E-06,1.39E-06,6.35E-06,0,0,143.0625,215,81.9140625,227,12,12,0.246153846,0.169230769,0.030769231,0.553846154,0,0.708320593,0.297097491,None
Sc2Y2Dy2Er2Yb2SiO5,0.84,523.15,7,0.423895624,0.343491541,0.315655622,0.312865004,0.312516383,36.375,62,24.375,70,8,8,48.0625,76,28.078125,87,11,87,86.3395015,157.0546,61.590211,173.054,15.9994,15.9994,1142.5625,1759.2,692.4921875,1814,54.8,54.8,7.75,13,5.9375,16,3,16,4.1875,4,1.5625,6,2,2,143.5625,126,52.546875,192,66,66,1.98125,2.22,0.91171875,3.44,1.22,3.44,2,0,0,2,2,2,1.375,4,1.71875,4,0,4,0.25,1,0.375,1,0,0,4.5,14,5.625,14,0,0,8.125,13,4.40625,16,3,6,0,0,0,0,0,0,0.875,4,1.09375,4,0,2,2.25,9,3.375,9,0,0,0.75,4,1.125,4,0,0,3.875,9,2.609375,9,0,2,22.9409375,25.015,9.1365625,34.12,9.105,9.105,0.0483125,0.773,0.090585938,0.773,0,0,7.94E-07,6.35E-06,1.39E-06,6.35E-06,0,0,143.0625,215,81.9140625,227,12,12,0.246153846,0.169230769,0.030769231,0.553846154,0,0.708320593,0.297097491,None
Sc2Y2Dy2Er2Yb2SiO5,0.76,573.15,7,0.423895624,0.343491541,0.315655622,0.312865004,0.312516383,36.375,62,24.375,70,8,8,48.0625,76,28.078125,87,11,87,86.3395015,157.0546,61.590211,173.054,15.9994,15.9994,1142.5625,1759.2,692.4921875,1814,54.8,54.8,7.75,13,5.9375,16,3,16,4.1875,4,1.5625,6,2,2,143.5625,126,52.546875,192,66,66,1.98125,2.22,0.91171875,3.44,1.22,3.44,2,0,0,2,2,2,1.375,4,1.71875,4,0,4,0.25,1,0.375,1,0,0,4.5,14,5.625,14,0,0,8.125,13,4.40625,16,3,6,0,0,0,0,0,0,0.875,4,1.09375,4,0,2,2.25,9,3.375,9,0,0,0.75,4,1.125,4,0,0,3.875,9,2.609375,9,0,2,22.9409375,25.015,9.1365625,34.12,9.105,9.105,0.0483125,0.773,0.090585938,0.773,0,0,7.94E-07,6.35E-06,1.39E-06,6.35E-06,0,0,143.0625,215,81.9140625,227,12,12,0.246153846,0.169230769,0.030769231,0.553846154,0,0.708320593,0.297097491,None
Hf0.2Zr0.2Ti0.2Ta0.2Nb0.2B2,24.8,298,6,0.683130051,0.667775931,0.666673333,0.666666714,0.666666667,19.86666667,68,19.82222222,73,5,5,63.13333333,29,11.82222222,72,43,72,46.63635067,170.13688,47.76713422,180.94788,10.811,10.811,2406.333333,1349,176.9333333,3290,1941,2348,10.13333333,9,3.822222222,13,4,13,3.066666667,4,1.422222222,6,2,2,112.2666667,91,37.68888889,175,84,84,1.844666667,0.74,0.260444444,2.04,1.3,2.04,1.933333333,1,0.124444444,2,1,2,0.666666667,1,0.444444444,1,0,1,0.866666667,4,1.155555556,4,0,0,1.866666667,14,3.235555556,14,0,0,5.333333333,16,3.511111111,19,3,3,0.066666667,1,0.124444444,1,0,0,3.333333333,5,2.222222222,5,0,5,2.466666667,8,3.288888889,8,0,0,0,0,0,0,0,0,5.866666667,3,1.155555556,8,5,5,11.34066667,16.0225,5.557555556,23.195,7.1725,7.1725,1.016,1.524,0.677333333,1.524,0,1.524,1.50E-06,2.25E-05,2.80E-06,2.25E-05,0,0,180,63,18.66666667,229,166,166,0.3625,0.125,0.1625,0.35,0,0.127942572,0.038503497,None
Hf0.2Zr0.2Ti0.2Ta0.2Mo0.2B2,15.2,298,6,0.683130051,0.667775931,0.666673333,0.666666714,0.666666667,19.93333333,68,19.91111111,73,5,5,63.33333333,29,11.55555556,72,43,72,46.83992533,170.13688,48.03856711,180.94788,10.811,10.811,2416.066667,1349,192.5066667,3290,1941,2348,10.2,9,3.733333333,13,4,13,3.066666667,4,1.422222222,6,2,2,111.6,91,36.8,175,84,84,1.882,0.86,0.247733333,2.16,1.3,2.04,1.933333333,1,0.124444444,2,1,2,0.666666667,1,0.444444444,1,0,1,0.933333333,5,1.244444444,5,0,0,1.866666667,14,3.235555556,14,0,0,5.4,16,3.573333333,19,3,3,0.066666667,1,0.124444444,1,0,0,3.333333333,5,2.222222222,5,0,5,2.4,8,3.2,8,0,0,0,0,0,0,0,0,5.8,3,1.066666667,8,5,5,11.17466667,16.0225,5.336222222,23.195,7.1725,7.1725,1.016,1.524,0.677333333,1.524,0,1.524,1.50E-06,2.25E-05,2.80E-06,2.25E-05,0,0,180,63,18.66666667,229,166,166,0.358024691,0.12345679,0.172839506,0.345679012,0,0.168812602,0.038873149,None
Hf0.2Zr0.2Ti0.2Ta0.2Cr0.2B2,12.6,298,6,0.683130051,0.667775931,0.666673333,0.666666714,0.666666667,18.73333333,68,18.31111111,73,5,5,63.26666667,29,11.64444444,72,43,72,43.90899867,170.13688,44.13066489,180.94788,10.811,10.811,2368.333333,1349,141.2444444,3290,1941,2348,10.2,9,3.733333333,13,4,13,3,4,1.333333333,6,2,2,110.6,91,35.46666667,175,84,84,1.848666667,0.74,0.255111111,2.04,1.3,2.04,1.933333333,1,0.124444444,2,1,2,0.666666667,1,0.444444444,1,0,1,0.933333333,5,1.244444444,5,0,0,1.866666667,14,3.235555556,14,0,0,5.4,16,3.573333333,19,3,3,0.066666667,1,0.124444444,1,0,0,3.333333333,5,2.222222222,5,0,5,2.4,8,3.2,8,0,0,0,0,0,0,0,0,5.8,3,1.066666667,8,5,5,10.87466667,16.0225,4.936222222,23.195,7.1725,7.1725,1.016,1.524,0.677333333,1.524,0,1.524,1.50E-06,2.25E-05,2.80E-06,2.25E-05,0,0,180,63,18.66666667,229,166,166,0.358024691,0.12345679,0.172839506,0.345679012,0,0.127942572,0.037677668,None
TiB2,96,298,2,0.745355992,0.693361274,0.670782206,0.667408235,0.666731742,10.66666667,17,7.555555556,22,5,5,62.33333333,29,12.88888889,72,43,72,23.163,37.056,16.46933333,47.867,10.811,10.811,2212.333333,407,180.8888889,2348,1941,2348,10,9,4,13,4,13,2.666666667,2,0.888888889,4,2,2,109.3333333,76,33.77777778,160,84,84,1.873333333,0.5,0.222222222,2.04,1.54,2.04,2,0,0,2,2,2,0.666666667,1,0.444444444,1,0,1,0.666666667,2,0.888888889,2,0,0,0,0,0,0,0,0,3.333333333,1,0.444444444,4,3,3,0,0,0,0,0,0,3.333333333,5,2.222222222,5,0,5,2.666666667,8,3.555555556,8,0,0,0,0,0,0,0,0,6,3,1.333333333,8,5,5,10.345,9.5175,4.23,16.69,7.1725,7.1725,1.016,1.524,0.677333333,1.524,0,1.524,7.51E-06,2.25E-05,1.00E-05,2.25E-05,0,0,175.3333333,28,12.44444444,194,166,166,0.6,0.2,0.2,0,0,0.060586937,0.026927528,None
CrB2,22.3,298,2,0.745355992,0.693361274,0.670782206,0.667408235,0.666731742,11.33333333,19,8.444444444,24,5,5,64.33333333,23,10.22222222,72,49,72,24.53936667,41.1851,18.30448889,51.9961,10.811,10.811,2292,168,74.66666667,2348,2180,2348,10.66666667,7,3.111111111,13,6,13,2.666666667,2,0.888888889,4,2,2,102.3333333,55,24.44444444,139,84,84,1.913333333,0.38,0.168888889,2.04,1.66,2.04,1.666666667,1,0.444444444,2,1,2,0.666666667,1,0.444444444,1,0,1,1.666666667,5,2.222222222,5,0,0,0,0,0,0,0,0,4,3,1.333333333,6,3,3,0.333333333,1,0.444444444,1,0,0,3.333333333,5,2.222222222,5,0,5,1.666666667,5,2.222222222,5,0,0,0,0,0,0,0,0,5.333333333,1,0.444444444,6,5,5,8.511666667,4.0175,1.785555556,11.19,7.1725,7.1725,1.016,1.524,0.677333333,1.524,0,1.524,0,0,0,0,0,0,187,63,28,229,166,166,0.416666667,0.166666667,0.416666667,0,0,0.035456166,0.015758296,None
HfB2,100,298,2,0.745355992,0.693361274,0.670782206,0.667408235,0.666731742,27.33333333,67,29.77777778,72,5,5,63,27,12,72,45,72,66.704,167.679,74.524,178.49,10.811,10.811,2400.666667,158,70.22222222,2506,2348,2348,10,9,4,13,4,13,3.333333333,4,1.777777778,6,2,2,114.3333333,91,40.44444444,175,84,84,1.793333333,0.74,0.328888889,2.04,1.3,2.04,2,0,0,2,2,2,0.666666667,1,0.444444444,1,0,1,0.666666667,2,0.888888889,2,0,0,4.666666667,14,6.222222222,14,0,0,8,15,6.666666667,18,3,3,0,0,0,0,0,0,3.333333333,5,2.222222222,5,0,5,2.666666667,8,3.555555556,8,0,0,0,0,0,0,0,0,6,3,1.333333333,8,5,5,12.18166667,15.0275,6.678888889,22.2,7.1725,7.1725,1.016,1.524,0.677333333,1.524,0,1.524,0,0,0,0,0,0,175.3333333,28,12.44444444,194,166,166,0.25,0.083333333,0.083333333,0.583333333,0,0.127942572,0.056863366,None
ZrB2,100,298,2,0.745355992,0.693361274,0.670782206,0.667408235,0.666731742,16.66666667,35,15.55555556,40,5,5,62.66666667,28,12.44444444,72,44,72,37.61533333,80.413,35.73911111,91.224,10.811,10.811,2274.666667,220,97.77777778,2348,2128,2348,10,9,4,13,4,13,3,3,1.333333333,5,2,2,114.3333333,91,40.44444444,175,84,84,1.803333333,0.71,0.315555556,2.04,1.33,2.04,2,0,0,2,2,2,0.666666667,1,0.444444444,1,0,1,0.666666667,2,0.888888889,2,0,0,0,0,0,0,0,0,3.333333333,1,0.444444444,4,3,3,0,0,0,0,0,0,3.333333333,5,2.222222222,5,0,5,2.666666667,8,3.555555556,8,0,0,0,0,0,0,0,0,6,3,1.333333333,8,5,5,12.51333333,16.0225,7.121111111,23.195,7.1725,7.1725,1.016,1.524,0.677333333,1.524,0,1.524,0,0,0,0,0,0,175.3333333,28,12.44444444,194,166,166,0.6,0.2,0.2,0,0,0.118407193,0.052625419,None
Dy0.2Ho0.2Er0.2Y0.2Yb0.23NbO7,0.724,298,7,0.78472936,0.775979621,0.775203041,0.775193933,0.775193799,17.84053156,62,15.25663808,70,8,8,76.09856035,75,16.90145681,87,12,87,40.02476567,157.0546,37.24862895,173.054,15.9994,15.9994,529.8959025,2695.2,736.5827946,2750,54.8,54.8,13.29900332,13,4.187591748,16,3,16,2.766334441,4,1.188115412,6,2,2,90.98671096,126,38.73908677,192,66,66,2.98469546,2.22,0.705898512,3.44,1.22,3.44,1.889258029,1,0.196956374,2,1,2,3.100775194,4,1.394146986,4,0,4,0.465116279,4,0.806613614,4,0,0,1.087486157,14,1.975057916,14,0,0,6.542635659,13,1.339892005,16,3,6,0.110741971,1,0.196956374,1,0,0,1.550387597,2,0.697073493,2,0,2,0.863787375,9,1.497996711,9,0,0,0.199335548,4,0.372181323,4,0,0,2.724252492,9,1.293731121,9,0,2,12.7073385,25.015,5.585020932,34.12,9.105,9.105,0,0,0,0,0,0,0,0,0,0,0,0,57.58028793,217,70.66711307,229,12,12,0.288761002,0.473933649,0.071090047,0.166215301,0,0.708320593,0.223284329,None
Yb3NbO7,1.18,298,3,0.698285977,0.653228741,0.638200714,0.63660489,0.636376938,27.90909091,62,25.33884298,70,8,8,70.27272727,48,21.2892562,87,39,87,65.82401636,157.0546,63.4131481,173.054,15.9994,15.9994,582.6909091,2695.2,671.861157,2750,54.8,54.8,11.45454545,13,5.785123967,16,3,16,3.363636364,4,1.73553719,6,2,2,107.9090909,121,53.33884298,187,66,66,2.678181818,2.18,0.969586777,3.44,1.26,3.44,1.909090909,1,0.165289256,2,1,2,2.545454545,4,1.851239669,4,0,4,0.363636364,4,0.661157025,4,0,0,3.818181818,14,5.553719008,14,0,0,8.636363636,11,4.016528926,16,5,6,0.090909091,1,0.165289256,1,0,0,1.272727273,2,0.925619835,2,0,2,0.545454545,6,0.991735537,6,0,0,0,0,0,0,0,0,1.909090909,7,1.041322314,7,0,2,16.75227273,25.015,9.732892562,34.12,9.105,9.105,0,0,0,0,0,0,0,0,0,0,0,0,89.81818182,217,99.04132231,229,12,12,0.221052632,0.294736842,0.042105263,0.442105263,1,0.695200166,0.308792857,None
Yb3NbO7,1.26,1273.15,3,0.698285977,0.653228741,0.638200714,0.63660489,0.636376938,27.90909091,62,25.33884298,70,8,8,70.27272727,48,21.2892562,87,39,87,65.82401636,157.0546,63.4131481,173.054,15.9994,15.9994,582.6909091,2695.2,671.861157,2750,54.8,54.8,11.45454545,13,5.785123967,16,3,16,3.363636364,4,1.73553719,6,2,2,107.9090909,121,53.33884298,187,66,66,2.678181818,2.18,0.969586777,3.44,1.26,3.44,1.909090909,1,0.165289256,2,1,2,2.545454545,4,1.851239669,4,0,4,0.363636364,4,0.661157025,4,0,0,3.818181818,14,5.553719008,14,0,0,8.636363636,11,4.016528926,16,5,6,0.090909091,1,0.165289256,1,0,0,1.272727273,2,0.925619835,2,0,2,0.545454545,6,0.991735537,6,0,0,0,0,0,0,0,0,1.909090909,7,1.041322314,7,0,2,16.75227273,25.015,9.732892562,34.12,9.105,9.105,0,0,0,0,0,0,0,0,0,0,0,0,89.81818182,217,99.04132231,229,12,12,0.221052632,0.294736842,0.042105263,0.442105263,1,0.695200166,0.308792857,None
Dy0.75Ho0.75Er0.75Y0.75Yb0.75NbO7,0.862,298,7,0.618486887,0.597539457,0.595760181,0.595744853,0.595744681,28.04255319,62,23.88048891,70,8,8,65.40425532,75,25.73110005,87,12,87,65.73523894,157.0546,59.25972299,173.054,15.9994,15.9994,783.2638298,2695.2,867.9569036,2750,54.8,54.8,10.91489362,13,6.058850158,16,3,16,3.468085106,4,1.749207786,6,2,2,113.9148936,126,57.09008601,192,66,66,2.579361702,2.22,1.025441376,3.44,1.22,3.44,1.914893617,1,0.155726573,2,1,2,2.382978723,4,1.926663649,4,0,4,0.404255319,4,0.68809416,4,0,0,3,14,4.468085106,14,0,0,7.70212766,13,3.088275238,16,3,6,0.085106383,1,0.155726573,1,0,0,1.191489362,2,0.963331824,2,0,2,1.085106383,9,1.846989588,9,0,0,0.574468085,4,0.928927116,4,0,0,2.936170213,9,1.60977818,9,0,2,17.12319149,25.015,9.55358986,34.12,9.105,9.105,0,0,0,0,0,0,0,0,0,0,0,0,90.53191489,217,93.56994115,229,12,12,0.248618785,0.309392265,0.052486188,0.389502762,0,0.708320593,0.327316216,None
Y0.5Yb0.5Er0.5Lu0.5Zr0.5Hf0.5O7,1.4,298,7,0.71063352,0.700509833,0.700001562,0.700000006,0.7,23.6,64,21.84,72,8,8,71.7,75,21.42,87,12,87,54.8945625,162.4906,54.4532275,178.49,15.9994,15.9994,599.91,2451.2,763.154,2506,54.8,54.8,12.2,13,5.32,16,3,16,3.1,4,1.54,6,2,2,101.35,124,49.49,190,66,66,2.789,2.22,0.9114,3.44,1.22,3.44,2,0,0,2,2,2,2.8,4,1.68,4,0,4,0.3,2,0.48,2,0,0,2.7,14,4.32,14,0,0,7.8,15,3.38,18,3,6,0,0,0,0,0,0,1.4,2,0.84,2,0,2,1.7,9,2.72,9,0,0,0.1,2,0.19,2,0,0,3.2,9,2.12,9,0,2,14.94,25.015,8.169,34.12,9.105,9.105,0,0,0,0,0,0,1.12E-04,0.0022471,2.13E-04,0.0022471,0,0,68.15,213,78.61,225,12,12,0.256410256,0.358974359,0.038461538,0.346153846,0,0.708320593,0.29058596,None
Yb2Zr2O7,1.97,298,3,0.686348585,0.646108515,0.636847546,0.636391892,0.636364098,25.09090909,62,21.75206612,70,8,8,70.45454545,48,21.05785124,87,39,87,58.23198182,157.0546,53.75055868,173.054,15.9994,15.9994,620.3272727,2073.2,719.7619835,2128,54.8,54.8,11.45454545,13,5.785123967,16,3,16,3.272727273,4,1.619834711,6,2,2,107.8181818,121,53.2231405,187,66,66,2.66,2.18,0.992727273,3.44,1.26,3.44,2,0,0,2,2,2,2.545454545,4,1.851239669,4,0,4,0.363636364,2,0.595041322,2,0,0,2.545454545,14,4.165289256,14,0,0,7.454545455,12,3.107438017,16,4,6,0,0,0,0,0,0,1.272727273,2,0.925619835,2,0,2,1.454545455,8,2.380165289,8,0,0,0,0,0,0,0,0,2.727272727,8,1.917355372,8,0,2,16.215,25.015,9.049090909,34.12,9.105,9.105,0,0,0,0,0,0,0,0,0,0,0,0,83.81818182,213,91.40495868,225,12,12,0.268292683,0.341463415,0.048780488,0.341463415,1,0.695200166,0.316327431,None
Y2SiO5,3.5,298,3,0.684653197,0.639653743,0.626314459,0.625147324,0.62500656,16.5,31,11.25,39,8,8,67.125,75,27.5625,87,12,87,35.736775,72.90645,26.5845375,88.90585,15.9994,15.9994,694.875,1744.2,800.09375,1799,54.8,54.8,12.5,13,4.75,16,3,16,2.875,3,1.09375,5,2,2,102.625,124,45.78125,190,66,66,2.6925,2.22,0.934375,3.44,1.22,3.44,2,0,0,2,2,2,2.75,4,1.5625,4,0,4,0.25,1,0.375,1,0,0,0,0,0,0,0,0,5,3,1.25,6,3,6,0,0,0,0,0,0,1.75,4,0.875,4,0,2,2.25,9,3.375,9,0,0,0,0,0,0,0,0,4,7,2.5,9,2,2,16.336875,23.26,9.03984375,32.365,9.105,9.105,0.096625,0.773,0.16909375,0.773,0,0,0,0,0,0,0,0,84.375,215,90.46875,227,12,12,0.4,0.55,0.05,0,1,0.708320593,0.298060395,None
Y2SiO5,2.6,500,3,0.684653197,0.639653743,0.626314459,0.625147324,0.62500656,16.5,31,11.25,39,8,8,67.125,75,27.5625,87,12,87,35.736775,72.90645,26.5845375,88.90585,15.9994,15.9994,694.875,1744.2,800.09375,1799,54.8,54.8,12.5,13,4.75,16,3,16,2.875,3,1.09375,5,2,2,102.625,124,45.78125,190,66,66,2.6925,2.22,0.934375,3.44,1.22,3.44,2,0,0,2,2,2,2.75,4,1.5625,4,0,4,0.25,1,0.375,1,0,0,0,0,0,0,0,0,5,3,1.25,6,3,6,0,0,0,0,0,0,1.75,4,0.875,4,0,2,2.25,9,3.375,9,0,0,0,0,0,0,0,0,4,7,2.5,9,2,2,16.336875,23.26,9.03984375,32.365,9.105,9.105,0.096625,0.773,0.16909375,0.773,0,0,0,0,0,0,0,0,84.375,215,90.46875,227,12,12,0.4,0.55,0.05,0,1,0.708320593,0.298060395,None
Y2SiO5,2.1,700,3,0.684653197,0.639653743,0.626314459,0.625147324,0.62500656,16.5,31,11.25,39,8,8,67.125,75,27.5625,87,12,87,35.736775,72.90645,26.5845375,88.90585,15.9994,15.9994,694.875,1744.2,800.09375,1799,54.8,54.8,12.5,13,4.75,16,3,16,2.875,3,1.09375,5,2,2,102.625,124,45.78125,190,66,66,2.6925,2.22,0.934375,3.44,1.22,3.44,2,0,0,2,2,2,2.75,4,1.5625,4,0,4,0.25,1,0.375,1,0,0,0,0,0,0,0,0,5,3,1.25,6,3,6,0,0,0,0,0,0,1.75,4,0.875,4,0,2,2.25,9,3.375,9,0,0,0,0,0,0,0,0,4,7,2.5,9,2,2,16.336875,23.26,9.03984375,32.365,9.105,9.105,0.096625,0.773,0.16909375,0.773,0,0,0,0,0,0,0,0,84.375,215,90.46875,227,12,12,0.4,0.55,0.05,0,1,0.708320593,0.298060395,None
Y2SiO5,1.9,900,3,0.684653197,0.639653743,0.626314459,0.625147324,0.62500656,16.5,31,11.25,39,8,8,67.125,75,27.5625,87,12,87,35.736775,72.90645,26.5845375,88.90585,15.9994,15.9994,694.875,1744.2,800.09375,1799,54.8,54.8,12.5,13,4.75,16,3,16,2.875,3,1.09375,5,2,2,102.625,124,45.78125,190,66,66,2.6925,2.22,0.934375,3.44,1.22,3.44,2,0,0,2,2,2,2.75,4,1.5625,4,0,4,0.25,1,0.375,1,0,0,0,0,0,0,0,0,5,3,1.25,6,3,6,0,0,0,0,0,0,1.75,4,0.875,4,0,2,2.25,9,3.375,9,0,0,0,0,0,0,0,0,4,7,2.5,9,2,2,16.336875,23.26,9.03984375,32.365,9.105,9.105,0.096625,0.773,0.16909375,0.773,0,0,0,0,0,0,0,0,84.375,215,90.46875,227,12,12,0.4,0.55,0.05,0,1,0.708320593,0.298060395,None
Y2SiO5,1.7,1100,3,0.684653197,0.639653743,0.626314459,0.625147324,0.62500656,16.5,31,11.25,39,8,8,67.125,75,27.5625,87,12,87,35.736775,72.90645,26.5845375,88.90585,15.9994,15.9994,694.875,1744.2,800.09375,1799,54.8,54.8,12.5,13,4.75,16,3,16,2.875,3,1.09375,5,2,2,102.625,124,45.78125,190,66,66,2.6925,2.22,0.934375,3.44,1.22,3.44,2,0,0,2,2,2,2.75,4,1.5625,4,0,4,0.25,1,0.375,1,0,0,0,0,0,0,0,0,5,3,1.25,6,3,6,0,0,0,0,0,0,1.75,4,0.875,4,0,2,2.25,9,3.375,9,0,0,0,0,0,0,0,0,4,7,2.5,9,2,2,16.336875,23.26,9.03984375,32.365,9.105,9.105,0.096625,0.773,0.16909375,0.773,0,0,0,0,0,0,0,0,84.375,215,90.46875,227,12,12,0.4,0.55,0.05,0,1,0.708320593,0.298060395,None
Y2SiO5,1.6,1300,3,0.684653197,0.639653743,0.626314459,0.625147324,0.62500656,16.5,31,11.25,39,8,8,67.125,75,27.5625,87,12,87,35.736775,72.90645,26.5845375,88.90585,15.9994,15.9994,694.875,1744.2,800.09375,1799,54.8,54.8,12.5,13,4.75,16,3,16,2.875,3,1.09375,5,2,2,102.625,124,45.78125,190,66,66,2.6925,2.22,0.934375,3.44,1.22,3.44,2,0,0,2,2,2,2.75,4,1.5625,4,0,4,0.25,1,0.375,1,0,0,0,0,0,0,0,0,5,3,1.25,6,3,6,0,0,0,0,0,0,1.75,4,0.875,4,0,2,2.25,9,3.375,9,0,0,0,0,0,0,0,0,4,7,2.5,9,2,2,16.336875,23.26,9.03984375,32.365,9.105,9.105,0.096625,0.773,0.16909375,0.773,0,0,0,0,0,0,0,0,84.375,215,90.46875,227,12,12,0.4,0.55,0.05,0,1,0.708320593,0.298060395,None
Ho2SiO5,1.9,298,3,0.684653197,0.639653743,0.626314459,0.625147324,0.62500656,23.5,59,21.75,67,8,8,72.375,54,19.6875,87,33,87,54.7428925,148.93092,55.09371375,164.93032,15.9994,15.9994,681.875,1692.2,783.84375,1747,54.8,54.8,12.5,13,4.75,16,3,16,3.125,4,1.4375,6,2,2,103.125,126,46.40625,192,66,66,2.695,2.21,0.93125,3.44,1.23,3.44,2,0,0,2,2,2,2.75,4,1.5625,4,0,4,0,0,0,0,0,0,2.75,11,4.125,11,0,0,7.5,9,2.75,13,4,6,0,0,0,0,0,0,1.75,4,0.875,4,0,2,0,0,0,0,0,0,0.75,3,1.125,3,0,0,2.5,2,0.625,4,2,2,15.92895833,21.62833333,8.529947917,30.73333333,9.105,9.105,0.096625,0.773,0.16909375,0.773,0,0,0,0,0,0,0,0,84.375,215,90.46875,227,12,12,0.266666667,0.366666667,0,0.366666667,1,0.705072289,0.296857073,None
Ho2SiO5,1.55,500,3,0.684653197,0.639653743,0.626314459,0.625147324,0.62500656,23.5,59,21.75,67,8,8,72.375,54,19.6875,87,33,87,54.7428925,148.93092,55.09371375,164.93032,15.9994,15.9994,681.875,1692.2,783.84375,1747,54.8,54.8,12.5,13,4.75,16,3,16,3.125,4,1.4375,6,2,2,103.125,126,46.40625,192,66,66,2.695,2.21,0.93125,3.44,1.23,3.44,2,0,0,2,2,2,2.75,4,1.5625,4,0,4,0,0,0,0,0,0,2.75,11,4.125,11,0,0,7.5,9,2.75,13,4,6,0,0,0,0,0,0,1.75,4,0.875,4,0,2,0,0,0,0,0,0,0.75,3,1.125,3,0,0,2.5,2,0.625,4,2,2,15.92895833,21.62833333,8.529947917,30.73333333,9.105,9.105,0.096625,0.773,0.16909375,0.773,0,0,0,0,0,0,0,0,84.375,215,90.46875,227,12,12,0.266666667,0.366666667,0,0.366666667,1,0.705072289,0.296857073,None
Ho2SiO5,1.45,700,3,0.684653197,0.639653743,0.626314459,0.625147324,0.62500656,23.5,59,21.75,67,8,8,72.375,54,19.6875,87,33,87,54.7428925,148.93092,55.09371375,164.93032,15.9994,15.9994,681.875,1692.2,783.84375,1747,54.8,54.8,12.5,13,4.75,16,3,16,3.125,4,1.4375,6,2,2,103.125,126,46.40625,192,66,66,2.695,2.21,0.93125,3.44,1.23,3.44,2,0,0,2,2,2,2.75,4,1.5625,4,0,4,0,0,0,0,0,0,2.75,11,4.125,11,0,0,7.5,9,2.75,13,4,6,0,0,0,0,0,0,1.75,4,0.875,4,0,2,0,0,0,0,0,0,0.75,3,1.125,3,0,0,2.5,2,0.625,4,2,2,15.92895833,21.62833333,8.529947917,30.73333333,9.105,9.105,0.096625,0.773,0.16909375,0.773,0,0,0,0,0,0,0,0,84.375,215,90.46875,227,12,12,0.266666667,0.366666667,0,0.366666667,1,0.705072289,0.296857073,None
Ho2SiO5,1.4,900,3,0.684653197,0.639653743,0.626314459,0.625147324,0.62500656,23.5,59,21.75,67,8,8,72.375,54,19.6875,87,33,87,54.7428925,148.93092,55.09371375,164.93032,15.9994,15.9994,681.875,1692.2,783.84375,1747,54.8,54.8,12.5,13,4.75,16,3,16,3.125,4,1.4375,6,2,2,103.125,126,46.40625,192,66,66,2.695,2.21,0.93125,3.44,1.23,3.44,2,0,0,2,2,2,2.75,4,1.5625,4,0,4,0,0,0,0,0,0,2.75,11,4.125,11,0,0,7.5,9,2.75,13,4,6,0,0,0,0,0,0,1.75,4,0.875,4,0,2,0,0,0,0,0,0,0.75,3,1.125,3,0,0,2.5,2,0.625,4,2,2,15.92895833,21.62833333,8.529947917,30.73333333,9.105,9.105,0.096625,0.773,0.16909375,0.773,0,0,0,0,0,0,0,0,84.375,215,90.46875,227,12,12,0.266666667,0.366666667,0,0.366666667,1,0.705072289,0.296857073,None
Ho2SiO5,1.35,1100,3,0.684653197,0.639653743,0.626314459,0.625147324,0.62500656,23.5,59,21.75,67,8,8,72.375,54,19.6875,87,33,87,54.7428925,148.93092,55.09371375,164.93032,15.9994,15.9994,681.875,1692.2,783.84375,1747,54.8,54.8,12.5,13,4.75,16,3,16,3.125,4,1.4375,6,2,2,103.125,126,46.40625,192,66,66,2.695,2.21,0.93125,3.44,1.23,3.44,2,0,0,2,2,2,2.75,4,1.5625,4,0,4,0,0,0,0,0,0,2.75,11,4.125,11,0,0,7.5,9,2.75,13,4,6,0,0,0,0,0,0,1.75,4,0.875,4,0,2,0,0,0,0,0,0,0.75,3,1.125,3,0,0,2.5,2,0.625,4,2,2,15.92895833,21.62833333,8.529947917,30.73333333,9.105,9.105,0.096625,0.773,0.16909375,0.773,0,0,0,0,0,0,0,0,84.375,215,90.46875,227,12,12,0.266666667,0.366666667,0,0.366666667,1,0.705072289,0.296857073,None
Ho2SiO5,1.35,1300,3,0.684653197,0.639653743,0.626314459,0.625147324,0.62500656,23.5,59,21.75,67,8,8,72.375,54,19.6875,87,33,87,54.7428925,148.93092,55.09371375,164.93032,15.9994,15.9994,681.875,1692.2,783.84375,1747,54.8,54.8,12.5,13,4.75,16,3,16,3.125,4,1.4375,6,2,2,103.125,126,46.40625,192,66,66,2.695,2.21,0.93125,3.44,1.23,3.44,2,0,0,2,2,2,2.75,4,1.5625,4,0,4,0,0,0,0,0,0,2.75,11,4.125,11,0,0,7.5,9,2.75,13,4,6,0,0,0,0,0,0,1.75,4,0.875,4,0,2,0,0,0,0,0,0,0.75,3,1.125,3,0,0,2.5,2,0.625,4,2,2,15.92895833,21.62833333,8.529947917,30.73333333,9.105,9.105,0.096625,0.773,0.16909375,0.773,0,0,0,0,0,0,0,0,84.375,215,90.46875,227,12,12,0.266666667,0.366666667,0,0.366666667,1,0.705072289,0.296857073,None
Er2SiO5,2.7,298,3,0.684653197,0.639653743,0.626314459,0.625147324,0.62500656,23.75,60,22.125,68,8,8,72.875,52,18.9375,87,35,87,55.3250625,151.2596,55.96696875,167.259,15.9994,15.9994,687.625,1715.2,791.03125,1770,54.8,54.8,12.5,13,4.75,16,3,16,3.125,4,1.4375,6,2,2,102.375,123,45.46875,189,66,66,2.6975,2.2,0.928125,3.44,1.24,3.44,2,0,0,2,2,2,2.75,4,1.5625,4,0,4,0,0,0,0,0,0,3,12,4.5,12,0,0,7.75,10,3.125,14,4,6,0,0,0,0,0,0,1.75,4,0.875,4,0,2,0,0,0,0,0,0,0.5,2,0.75,2,0,0,2.25,2,0.4375,4,2,2,15.891875,21.48,8.48359375,30.585,9.105,9.105,0.096625,0.773,0.16909375,0.773,0,0,0,0,0,0,0,0,84.375,215,90.46875,227,12,12,0.258064516,0.35483871,0,0.387096774,1,0.701802721,0.295649272,None
Er2SiO5,2.2,500,3,0.684653197,0.639653743,0.626314459,0.625147324,0.62500656,23.75,60,22.125,68,8,8,72.875,52,18.9375,87,35,87,55.3250625,151.2596,55.96696875,167.259,15.9994,15.9994,687.625,1715.2,791.03125,1770,54.8,54.8,12.5,13,4.75,16,3,16,3.125,4,1.4375,6,2,2,102.375,123,45.46875,189,66,66,2.6975,2.2,0.928125,3.44,1.24,3.44,2,0,0,2,2,2,2.75,4,1.5625,4,0,4,0,0,0,0,0,0,3,12,4.5,12,0,0,7.75,10,3.125,14,4,6,0,0,0,0,0,0,1.75,4,0.875,4,0,2,0,0,0,0,0,0,0.5,2,0.75,2,0,0,2.25,2,0.4375,4,2,2,15.891875,21.48,8.48359375,30.585,9.105,9.105,0.096625,0.773,0.16909375,0.773,0,0,0,0,0,0,0,0,84.375,215,90.46875,227,12,12,0.258064516,0.35483871,0,0.387096774,1,0.701802721,0.295649272,None
Er2SiO5,1.9,700,3,0.684653197,0.639653743,0.626314459,0.625147324,0.62500656,23.75,60,22.125,68,8,8,72.875,52,18.9375,87,35,87,55.3250625,151.2596,55.96696875,167.259,15.9994,15.9994,687.625,1715.2,791.03125,1770,54.8,54.8,12.5,13,4.75,16,3,16,3.125,4,1.4375,6,2,2,102.375,123,45.46875,189,66,66,2.6975,2.2,0.928125,3.44,1.24,3.44,2,0,0,2,2,2,2.75,4,1.5625,4,0,4,0,0,0,0,0,0,3,12,4.5,12,0,0,7.75,10,3.125,14,4,6,0,0,0,0,0,0,1.75,4,0.875,4,0,2,0,0,0,0,0,0,0.5,2,0.75,2,0,0,2.25,2,0.4375,4,2,2,15.891875,21.48,8.48359375,30.585,9.105,9.105,0.096625,0.773,0.16909375,0.773,0,0,0,0,0,0,0,0,84.375,215,90.46875,227,12,12,0.258064516,0.35483871,0,0.387096774,1,0.701802721,0.295649272,None
Er2SiO5,1.7,900,3,0.684653197,0.639653743,0.626314459,0.625147324,0.62500656,23.75,60,22.125,68,8,8,72.875,52,18.9375,87,35,87,55.3250625,151.2596,55.96696875,167.259,15.9994,15.9994,687.625,1715.2,791.03125,1770,54.8,54.8,12.5,13,4.75,16,3,16,3.125,4,1.4375,6,2,2,102.375,123,45.46875,189,66,66,2.6975,2.2,0.928125,3.44,1.24,3.44,2,0,0,2,2,2,2.75,4,1.5625,4,0,4,0,0,0,0,0,0,3,12,4.5,12,0,0,7.75,10,3.125,14,4,6,0,0,0,0,0,0,1.75,4,0.875,4,0,2,0,0,0,0,0,0,0.5,2,0.75,2,0,0,2.25,2,0.4375,4,2,2,15.891875,21.48,8.48359375,30.585,9.105,9.105,0.096625,0.773,0.16909375,0.773,0,0,0,0,0,0,0,0,84.375,215,90.46875,227,12,12,0.258064516,0.35483871,0,0.387096774,1,0.701802721,0.295649272,None
Er2SiO5,1.55,1100,3,0.684653197,0.639653743,0.626314459,0.625147324,0.62500656,23.75,60,22.125,68,8,8,72.875,52,18.9375,87,35,87,55.3250625,151.2596,55.96696875,167.259,15.9994,15.9994,687.625,1715.2,791.03125,1770,54.8,54.8,12.5,13,4.75,16,3,16,3.125,4,1.4375,6,2,2,102.375,123,45.46875,189,66,66,2.6975,2.2,0.928125,3.44,1.24,3.44,2,0,0,2,2,2,2.75,4,1.5625,4,0,4,0,0,0,0,0,0,3,12,4.5,12,0,0,7.75,10,3.125,14,4,6,0,0,0,0,0,0,1.75,4,0.875,4,0,2,0,0,0,0,0,0,0.5,2,0.75,2,0,0,2.25,2,0.4375,4,2,2,15.891875,21.48,8.48359375,30.585,9.105,9.105,0.096625,0.773,0.16909375,0.773,0,0,0,0,0,0,0,0,84.375,215,90.46875,227,12,12,0.258064516,0.35483871,0,0.387096774,1,0.701802721,0.295649272,None
Er2SiO5,0.14,1300,3,0.684653197,0.639653743,0.626314459,0.625147324,0.62500656,23.75,60,22.125,68,8,8,72.875,52,18.9375,87,35,87,55.3250625,151.2596,55.96696875,167.259,15.9994,15.9994,687.625,1715.2,791.03125,1770,54.8,54.8,12.5,13,4.75,16,3,16,3.125,4,1.4375,6,2,2,102.375,123,45.46875,189,66,66,2.6975,2.2,0.928125,3.44,1.24,3.44,2,0,0,2,2,2,2.75,4,1.5625,4,0,4,0,0,0,0,0,0,3,12,4.5,12,0,0,7.75,10,3.125,14,4,6,0,0,0,0,0,0,1.75,4,0.875,4,0,2,0,0,0,0,0,0,0.5,2,0.75,2,0,0,2.25,2,0.4375,4,2,2,15.891875,21.48,8.48359375,30.585,9.105,9.105,0.096625,0.773,0.16909375,0.773,0,0,0,0,0,0,0,0,84.375,215,90.46875,227,12,12,0.258064516,0.35483871,0,0.387096774,1,0.701802721,0.295649272,None
Yb2SiO5,2.2,298,3,0.684653197,0.639653743,0.626314459,0.625147324,0.62500656,24.25,62,22.875,70,8,8,73.875,48,17.4375,87,39,87,56.7738125,157.0546,58.14009375,173.054,15.9994,15.9994,518.125,1632.2,579.15625,1687,54.8,54.8,12.5,13,4.75,16,3,16,3.125,4,1.4375,6,2,2,101.875,121,44.84375,187,66,66,2.7025,2.18,0.921875,3.44,1.26,3.44,2,0,0,2,2,2,2.75,4,1.5625,4,0,4,0,0,0,0,0,0,3.5,14,5.25,14,0,0,8.25,12,3.875,16,4,6,0,0,0,0,0,0,1.75,4,0.875,4,0,2,0,0,0,0,0,0,0,0,0,0,0,0,1.75,4,0.875,4,0,2,16.775625,25.015,9.58828125,34.12,9.105,9.105,0.096625,0.773,0.16909375,0.773,0,0,0,0,0,0,0,0,92.125,215,100.15625,227,12,12,0.242424242,0.333333333,0,0.424242424,1,0.695200166,0.293220454,None
Yb2SiO5,2,500,3,0.684653197,0.639653743,0.626314459,0.625147324,0.62500656,24.25,62,22.875,70,8,8,73.875,48,17.4375,87,39,87,56.7738125,157.0546,58.14009375,173.054,15.9994,15.9994,518.125,1632.2,579.15625,1687,54.8,54.8,12.5,13,4.75,16,3,16,3.125,4,1.4375,6,2,2,101.875,121,44.84375,187,66,66,2.7025,2.18,0.921875,3.44,1.26,3.44,2,0,0,2,2,2,2.75,4,1.5625,4,0,4,0,0,0,0,0,0,3.5,14,5.25,14,0,0,8.25,12,3.875,16,4,6,0,0,0,0,0,0,1.75,4,0.875,4,0,2,0,0,0,0,0,0,0,0,0,0,0,0,1.75,4,0.875,4,0,2,16.775625,25.015,9.58828125,34.12,9.105,9.105,0.096625,0.773,0.16909375,0.773,0,0,0,0,0,0,0,0,92.125,215,100.15625,227,12,12,0.242424242,0.333333333,0,0.424242424,1,0.695200166,0.293220454,None
Yb2SiO5,1.8,700,3,0.684653197,0.639653743,0.626314459,0.625147324,0.62500656,24.25,62,22.875,70,8,8,73.875,48,17.4375,87,39,87,56.7738125,157.0546,58.14009375,173.054,15.9994,15.9994,518.125,1632.2,579.15625,1687,54.8,54.8,12.5,13,4.75,16,3,16,3.125,4,1.4375,6,2,2,101.875,121,44.84375,187,66,66,2.7025,2.18,0.921875,3.44,1.26,3.44,2,0,0,2,2,2,2.75,4,1.5625,4,0,4,0,0,0,0,0,0,3.5,14,5.25,14,0,0,8.25,12,3.875,16,4,6,0,0,0,0,0,0,1.75,4,0.875,4,0,2,0,0,0,0,0,0,0,0,0,0,0,0,1.75,4,0.875,4,0,2,16.775625,25.015,9.58828125,34.12,9.105,9.105,0.096625,0.773,0.16909375,0.773,0,0,0,0,0,0,0,0,92.125,215,100.15625,227,12,12,0.242424242,0.333333333,0,0.424242424,1,0.695200166,0.293220454,None
Yb2SiO5,1.6,900,3,0.684653197,0.639653743,0.626314459,0.625147324,0.62500656,24.25,62,22.875,70,8,8,73.875,48,17.4375,87,39,87,56.7738125,157.0546,58.14009375,173.054,15.9994,15.9994,518.125,1632.2,579.15625,1687,54.8,54.8,12.5,13,4.75,16,3,16,3.125,4,1.4375,6,2,2,101.875,121,44.84375,187,66,66,2.7025,2.18,0.921875,3.44,1.26,3.44,2,0,0,2,2,2,2.75,4,1.5625,4,0,4,0,0,0,0,0,0,3.5,14,5.25,14,0,0,8.25,12,3.875,16,4,6,0,0,0,0,0,0,1.75,4,0.875,4,0,2,0,0,0,0,0,0,0,0,0,0,0,0,1.75,4,0.875,4,0,2,16.775625,25.015,9.58828125,34.12,9.105,9.105,0.096625,0.773,0.16909375,0.773,0,0,0,0,0,0,0,0,92.125,215,100.15625,227,12,12,0.242424242,0.333333333,0,0.424242424,1,0.695200166,0.293220454,None
Yb2SiO5,1.4,1100,3,0.684653197,0.639653743,0.626314459,0.625147324,0.62500656,24.25,62,22.875,70,8,8,73.875,48,17.4375,87,39,87,56.7738125,157.0546,58.14009375,173.054,15.9994,15.9994,518.125,1632.2,579.15625,1687,54.8,54.8,12.5,13,4.75,16,3,16,3.125,4,1.4375,6,2,2,101.875,121,44.84375,187,66,66,2.7025,2.18,0.921875,3.44,1.26,3.44,2,0,0,2,2,2,2.75,4,1.5625,4,0,4,0,0,0,0,0,0,3.5,14,5.25,14,0,0,8.25,12,3.875,16,4,6,0,0,0,0,0,0,1.75,4,0.875,4,0,2,0,0,0,0,0,0,0,0,0,0,0,0,1.75,4,0.875,4,0,2,16.775625,25.015,9.58828125,34.12,9.105,9.105,0.096625,0.773,0.16909375,0.773,0,0,0,0,0,0,0,0,92.125,215,100.15625,227,12,12,0.242424242,0.333333333,0,0.424242424,1,0.695200166,0.293220454,None
Yb2SiO5,1.3,1300,3,0.684653197,0.639653743,0.626314459,0.625147324,0.62500656,24.25,62,22.875,70,8,8,73.875,48,17.4375,87,39,87,56.7738125,157.0546,58.14009375,173.054,15.9994,15.9994,518.125,1632.2,579.15625,1687,54.8,54.8,12.5,13,4.75,16,3,16,3.125,4,1.4375,6,2,2,101.875,121,44.84375,187,66,66,2.7025,2.18,0.921875,3.44,1.26,3.44,2,0,0,2,2,2,2.75,4,1.5625,4,0,4,0,0,0,0,0,0,3.5,14,5.25,14,0,0,8.25,12,3.875,16,4,6,0,0,0,0,0,0,1.75,4,0.875,4,0,2,0,0,0,0,0,0,0,0,0,0,0,0,1.75,4,0.875,4,0,2,16.775625,25.015,9.58828125,34.12,9.105,9.105,0.096625,0.773,0.16909375,0.773,0,0,0,0,0,0,0,0,92.125,215,100.15625,227,12,12,0.242424242,0.333333333,0,0.424242424,1,0.695200166,0.293220454,None
Y0.5Ho0.5Er0.5Yb0.5SiO5,2.1,298,6,0.649519053,0.627490066,0.625044994,0.625001179,0.625000006,22,62,19.5,70,8,8,71.5625,75,20.90625,87,12,87,50.64463563,157.0546,48.94632844,173.054,15.9994,15.9994,645.625,1744.2,738.53125,1799,54.8,54.8,12.5,13,4.75,16,3,16,3.0625,4,1.34375,6,2,2,102.5,126,45.625,192,66,66,2.696875,2.22,0.92890625,3.44,1.22,3.44,2,0,0,2,2,2,2.75,4,1.5625,4,0,4,0.0625,1,0.1171875,1,0,0,2.3125,14,3.7578125,14,0,0,7.125,13,2.703125,16,3,6,0,0,0,0,0,0,1.75,4,0.875,4,0,2,0.5625,9,1.0546875,9,0,0,0.3125,3,0.546875,3,0,0,2.625,9,1.1875,9,0,2,16.23333333,25.015,8.910416667,34.12,9.105,9.105,0.096625,0.773,0.16909375,0.773,0,0,0,0,0,0,0,0,86.3125,215,92.890625,227,12,12,0.280701754,0.385964912,0.00877193,0.324561404,1,0.708320593,0.295953633,None
Y0.5Ho0.5Er0.5Yb0.5SiO5,1.8,500,6,0.649519053,0.627490066,0.625044994,0.625001179,0.625000006,22,62,19.5,70,8,8,71.5625,75,20.90625,87,12,87,50.64463563,157.0546,48.94632844,173.054,15.9994,15.9994,645.625,1744.2,738.53125,1799,54.8,54.8,12.5,13,4.75,16,3,16,3.0625,4,1.34375,6,2,2,102.5,126,45.625,192,66,66,2.696875,2.22,0.92890625,3.44,1.22,3.44,2,0,0,2,2,2,2.75,4,1.5625,4,0,4,0.0625,1,0.1171875,1,0,0,2.3125,14,3.7578125,14,0,0,7.125,13,2.703125,16,3,6,0,0,0,0,0,0,1.75,4,0.875,4,0,2,0.5625,9,1.0546875,9,0,0,0.3125,3,0.546875,3,0,0,2.625,9,1.1875,9,0,2,16.23333333,25.015,8.910416667,34.12,9.105,9.105,0.096625,0.773,0.16909375,0.773,0,0,0,0,0,0,0,0,86.3125,215,92.890625,227,12,12,0.280701754,0.385964912,0.00877193,0.324561404,1,0.708320593,0.295953633,None
Y0.5Ho0.5Er0.5Yb0.5SiO5,1.7,700,6,0.649519053,0.627490066,0.625044994,0.625001179,0.625000006,22,62,19.5,70,8,8,71.5625,75,20.90625,87,12,87,50.64463563,157.0546,48.94632844,173.054,15.9994,15.9994,645.625,1744.2,738.53125,1799,54.8,54.8,12.5,13,4.75,16,3,16,3.0625,4,1.34375,6,2,2,102.5,126,45.625,192,66,66,2.696875,2.22,0.92890625,3.44,1.22,3.44,2,0,0,2,2,2,2.75,4,1.5625,4,0,4,0.0625,1,0.1171875,1,0,0,2.3125,14,3.7578125,14,0,0,7.125,13,2.703125,16,3,6,0,0,0,0,0,0,1.75,4,0.875,4,0,2,0.5625,9,1.0546875,9,0,0,0.3125,3,0.546875,3,0,0,2.625,9,1.1875,9,0,2,16.23333333,25.015,8.910416667,34.12,9.105,9.105,0.096625,0.773,0.16909375,0.773,0,0,0,0,0,0,0,0,86.3125,215,92.890625,227,12,12,0.280701754,0.385964912,0.00877193,0.324561404,1,0.708320593,0.295953633,None
Y0.5Ho0.5Er0.5Yb0.5SiO5,1.65,900,6,0.649519053,0.627490066,0.625044994,0.625001179,0.625000006,22,62,19.5,70,8,8,71.5625,75,20.90625,87,12,87,50.64463563,157.0546,48.94632844,173.054,15.9994,15.9994,645.625,1744.2,738.53125,1799,54.8,54.8,12.5,13,4.75,16,3,16,3.0625,4,1.34375,6,2,2,102.5,126,45.625,192,66,66,2.696875,2.22,0.92890625,3.44,1.22,3.44,2,0,0,2,2,2,2.75,4,1.5625,4,0,4,0.0625,1,0.1171875,1,0,0,2.3125,14,3.7578125,14,0,0,7.125,13,2.703125,16,3,6,0,0,0,0,0,0,1.75,4,0.875,4,0,2,0.5625,9,1.0546875,9,0,0,0.3125,3,0.546875,3,0,0,2.625,9,1.1875,9,0,2,16.23333333,25.015,8.910416667,34.12,9.105,9.105,0.096625,0.773,0.16909375,0.773,0,0,0,0,0,0,0,0,86.3125,215,92.890625,227,12,12,0.280701754,0.385964912,0.00877193,0.324561404,1,0.708320593,0.295953633,None
Y0.5Ho0.5Er0.5Yb0.5SiO5,1.8,1100,6,0.649519053,0.627490066,0.625044994,0.625001179,0.625000006,22,62,19.5,70,8,8,71.5625,75,20.90625,87,12,87,50.64463563,157.0546,48.94632844,173.054,15.9994,15.9994,645.625,1744.2,738.53125,1799,54.8,54.8,12.5,13,4.75,16,3,16,3.0625,4,1.34375,6,2,2,102.5,126,45.625,192,66,66,2.696875,2.22,0.92890625,3.44,1.22,3.44,2,0,0,2,2,2,2.75,4,1.5625,4,0,4,0.0625,1,0.1171875,1,0,0,2.3125,14,3.7578125,14,0,0,7.125,13,2.703125,16,3,6,0,0,0,0,0,0,1.75,4,0.875,4,0,2,0.5625,9,1.0546875,9,0,0,0.3125,3,0.546875,3,0,0,2.625,9,1.1875,9,0,2,16.23333333,25.015,8.910416667,34.12,9.105,9.105,0.096625,0.773,0.16909375,0.773,0,0,0,0,0,0,0,0,86.3125,215,92.890625,227,12,12,0.280701754,0.385964912,0.00877193,0.324561404,1,0.708320593,0.295953633,None
Y0.5Ho0.5Er0.5Yb0.5SiO5,2.3,1300,6,0.649519053,0.627490066,0.625044994,0.625001179,0.625000006,22,62,19.5,70,8,8,71.5625,75,20.90625,87,12,87,50.64463563,157.0546,48.94632844,173.054,15.9994,15.9994,645.625,1744.2,738.53125,1799,54.8,54.8,12.5,13,4.75,16,3,16,3.0625,4,1.34375,6,2,2,102.5,126,45.625,192,66,66,2.696875,2.22,0.92890625,3.44,1.22,3.44,2,0,0,2,2,2,2.75,4,1.5625,4,0,4,0.0625,1,0.1171875,1,0,0,2.3125,14,3.7578125,14,0,0,7.125,13,2.703125,16,3,6,0,0,0,0,0,0,1.75,4,0.875,4,0,2,0.5625,9,1.0546875,9,0,0,0.3125,3,0.546875,3,0,0,2.625,9,1.1875,9,0,2,16.23333333,25.015,8.910416667,34.12,9.105,9.105,0.096625,0.773,0.16909375,0.773,0,0,0,0,0,0,0,0,86.3125,215,92.890625,227,12,12,0.280701754,0.385964912,0.00877193,0.324561404,1,0.708320593,0.295953633,None
Zr0.92O1.84Y0.16O0.24,2.9,88,3,0.721518987,0.676785384,0.660441841,0.658538831,0.658246709,18.88607595,32,14.33103669,40,8,8,70.6835443,75,21.47989104,87,12,87,41.59169873,75.2246,33.69112745,91.224,15.9994,15.9994,746.7037975,2073.2,910.8606954,2128,54.8,54.8,11.84810127,13,5.465790739,16,3,16,3.025316456,3,1.349783689,5,2,2,104.0126582,124,50.04198045,190,66,66,2.713291139,2.22,0.956680019,3.44,1.22,3.44,2,0,0,2,2,2,2.632911392,4,1.799711585,4,0,4,0.632911392,2,0.833199808,2,0,0,0,0,0,0,0,0,5.265822785,3,0.966511777,6,3,6,0,0,0,0,0,0,1.316455696,2,0.899855792,2,0,2,2.784810127,9,3.666079154,9,0,0,0,0,0,0,0,0,4.101265823,7,2.766223362,9,2,2,14.38487342,23.26,6.950719436,32.365,9.105,9.105,0,0,0,0,0,0,0,0,0,0,0,0,74.20253165,182,81.8868771,194,12,12,0.379807692,0.5,0.120192308,0,1,0.708320593,0.304645587,None
Zr0.92O1.84Y0.16O0.24,2.85,120,3,0.721518987,0.676785384,0.660441841,0.658538831,0.658246709,18.88607595,32,14.33103669,40,8,8,70.6835443,75,21.47989104,87,12,87,41.59169873,75.2246,33.69112745,91.224,15.9994,15.9994,746.7037975,2073.2,910.8606954,2128,54.8,54.8,11.84810127,13,5.465790739,16,3,16,3.025316456,3,1.349783689,5,2,2,104.0126582,124,50.04198045,190,66,66,2.713291139,2.22,0.956680019,3.44,1.22,3.44,2,0,0,2,2,2,2.632911392,4,1.799711585,4,0,4,0.632911392,2,0.833199808,2,0,0,0,0,0,0,0,0,5.265822785,3,0.966511777,6,3,6,0,0,0,0,0,0,1.316455696,2,0.899855792,2,0,2,2.784810127,9,3.666079154,9,0,0,0,0,0,0,0,0,4.101265823,7,2.766223362,9,2,2,14.38487342,23.26,6.950719436,32.365,9.105,9.105,0,0,0,0,0,0,0,0,0,0,0,0,74.20253165,182,81.8868771,194,12,12,0.379807692,0.5,0.120192308,0,1,0.708320593,0.304645587,None
Zr0.92O1.84Y0.16O0.24,2.8,190,3,0.721518987,0.676785384,0.660441841,0.658538831,0.658246709,18.88607595,32,14.33103669,40,8,8,70.6835443,75,21.47989104,87,12,87,41.59169873,75.2246,33.69112745,91.224,15.9994,15.9994,746.7037975,2073.2,910.8606954,2128,54.8,54.8,11.84810127,13,5.465790739,16,3,16,3.025316456,3,1.349783689,5,2,2,104.0126582,124,50.04198045,190,66,66,2.713291139,2.22,0.956680019,3.44,1.22,3.44,2,0,0,2,2,2,2.632911392,4,1.799711585,4,0,4,0.632911392,2,0.833199808,2,0,0,0,0,0,0,0,0,5.265822785,3,0.966511777,6,3,6,0,0,0,0,0,0,1.316455696,2,0.899855792,2,0,2,2.784810127,9,3.666079154,9,0,0,0,0,0,0,0,0,4.101265823,7,2.766223362,9,2,2,14.38487342,23.26,6.950719436,32.365,9.105,9.105,0,0,0,0,0,0,0,0,0,0,0,0,74.20253165,182,81.8868771,194,12,12,0.379807692,0.5,0.120192308,0,1,0.708320593,0.304645587,None
Zr0.92O1.84Y0.16O0.24,2.73,220,3,0.721518987,0.676785384,0.660441841,0.658538831,0.658246709,18.88607595,32,14.33103669,40,8,8,70.6835443,75,21.47989104,87,12,87,41.59169873,75.2246,33.69112745,91.224,15.9994,15.9994,746.7037975,2073.2,910.8606954,2128,54.8,54.8,11.84810127,13,5.465790739,16,3,16,3.025316456,3,1.349783689,5,2,2,104.0126582,124,50.04198045,190,66,66,2.713291139,2.22,0.956680019,3.44,1.22,3.44,2,0,0,2,2,2,2.632911392,4,1.799711585,4,0,4,0.632911392,2,0.833199808,2,0,0,0,0,0,0,0,0,5.265822785,3,0.966511777,6,3,6,0,0,0,0,0,0,1.316455696,2,0.899855792,2,0,2,2.784810127,9,3.666079154,9,0,0,0,0,0,0,0,0,4.101265823,7,2.766223362,9,2,2,14.38487342,23.26,6.950719436,32.365,9.105,9.105,0,0,0,0,0,0,0,0,0,0,0,0,74.20253165,182,81.8868771,194,12,12,0.379807692,0.5,0.120192308,0,1,0.708320593,0.304645587,None
Zr0.92O1.84Y0.16O0.24,2.6,300,3,0.721518987,0.676785384,0.660441841,0.658538831,0.658246709,18.88607595,32,14.33103669,40,8,8,70.6835443,75,21.47989104,87,12,87,41.59169873,75.2246,33.69112745,91.224,15.9994,15.9994,746.7037975,2073.2,910.8606954,2128,54.8,54.8,11.84810127,13,5.465790739,16,3,16,3.025316456,3,1.349783689,5,2,2,104.0126582,124,50.04198045,190,66,66,2.713291139,2.22,0.956680019,3.44,1.22,3.44,2,0,0,2,2,2,2.632911392,4,1.799711585,4,0,4,0.632911392,2,0.833199808,2,0,0,0,0,0,0,0,0,5.265822785,3,0.966511777,6,3,6,0,0,0,0,0,0,1.316455696,2,0.899855792,2,0,2,2.784810127,9,3.666079154,9,0,0,0,0,0,0,0,0,4.101265823,7,2.766223362,9,2,2,14.38487342,23.26,6.950719436,32.365,9.105,9.105,0,0,0,0,0,0,0,0,0,0,0,0,74.20253165,182,81.8868771,194,12,12,0.379807692,0.5,0.120192308,0,1,0.708320593,0.304645587,None
Zr0.92O1.84Y0.16O0.24,2.55,370,3,0.721518987,0.676785384,0.660441841,0.658538831,0.658246709,18.88607595,32,14.33103669,40,8,8,70.6835443,75,21.47989104,87,12,87,41.59169873,75.2246,33.69112745,91.224,15.9994,15.9994,746.7037975,2073.2,910.8606954,2128,54.8,54.8,11.84810127,13,5.465790739,16,3,16,3.025316456,3,1.349783689,5,2,2,104.0126582,124,50.04198045,190,66,66,2.713291139,2.22,0.956680019,3.44,1.22,3.44,2,0,0,2,2,2,2.632911392,4,1.799711585,4,0,4,0.632911392,2,0.833199808,2,0,0,0,0,0,0,0,0,5.265822785,3,0.966511777,6,3,6,0,0,0,0,0,0,1.316455696,2,0.899855792,2,0,2,2.784810127,9,3.666079154,9,0,0,0,0,0,0,0,0,4.101265823,7,2.766223362,9,2,2,14.38487342,23.26,6.950719436,32.365,9.105,9.105,0,0,0,0,0,0,0,0,0,0,0,0,74.20253165,182,81.8868771,194,12,12,0.379807692,0.5,0.120192308,0,1,0.708320593,0.304645587,None
Zr0.92O1.84Y0.16O0.24,2.5,420,3,0.721518987,0.676785384,0.660441841,0.658538831,0.658246709,18.88607595,32,14.33103669,40,8,8,70.6835443,75,21.47989104,87,12,87,41.59169873,75.2246,33.69112745,91.224,15.9994,15.9994,746.7037975,2073.2,910.8606954,2128,54.8,54.8,11.84810127,13,5.465790739,16,3,16,3.025316456,3,1.349783689,5,2,2,104.0126582,124,50.04198045,190,66,66,2.713291139,2.22,0.956680019,3.44,1.22,3.44,2,0,0,2,2,2,2.632911392,4,1.799711585,4,0,4,0.632911392,2,0.833199808,2,0,0,0,0,0,0,0,0,5.265822785,3,0.966511777,6,3,6,0,0,0,0,0,0,1.316455696,2,0.899855792,2,0,2,2.784810127,9,3.666079154,9,0,0,0,0,0,0,0,0,4.101265823,7,2.766223362,9,2,2,14.38487342,23.26,6.950719436,32.365,9.105,9.105,0,0,0,0,0,0,0,0,0,0,0,0,74.20253165,182,81.8868771,194,12,12,0.379807692,0.5,0.120192308,0,1,0.708320593,0.304645587,None
Zr0.92O1.84Y0.16O0.24,2.5,530,3,0.721518987,0.676785384,0.660441841,0.658538831,0.658246709,18.88607595,32,14.33103669,40,8,8,70.6835443,75,21.47989104,87,12,87,41.59169873,75.2246,33.69112745,91.224,15.9994,15.9994,746.7037975,2073.2,910.8606954,2128,54.8,54.8,11.84810127,13,5.465790739,16,3,16,3.025316456,3,1.349783689,5,2,2,104.0126582,124,50.04198045,190,66,66,2.713291139,2.22,0.956680019,3.44,1.22,3.44,2,0,0,2,2,2,2.632911392,4,1.799711585,4,0,4,0.632911392,2,0.833199808,2,0,0,0,0,0,0,0,0,5.265822785,3,0.966511777,6,3,6,0,0,0,0,0,0,1.316455696,2,0.899855792,2,0,2,2.784810127,9,3.666079154,9,0,0,0,0,0,0,0,0,4.101265823,7,2.766223362,9,2,2,14.38487342,23.26,6.950719436,32.365,9.105,9.105,0,0,0,0,0,0,0,0,0,0,0,0,74.20253165,182,81.8868771,194,12,12,0.379807692,0.5,0.120192308,0,1,0.708320593,0.304645587,None
Zr0.92O1.84Y0.16O0.24,2.5,600,3,0.721518987,0.676785384,0.660441841,0.658538831,0.658246709,18.88607595,32,14.33103669,40,8,8,70.6835443,75,21.47989104,87,12,87,41.59169873,75.2246,33.69112745,91.224,15.9994,15.9994,746.7037975,2073.2,910.8606954,2128,54.8,54.8,11.84810127,13,5.465790739,16,3,16,3.025316456,3,1.349783689,5,2,2,104.0126582,124,50.04198045,190,66,66,2.713291139,2.22,0.956680019,3.44,1.22,3.44,2,0,0,2,2,2,2.632911392,4,1.799711585,4,0,4,0.632911392,2,0.833199808,2,0,0,0,0,0,0,0,0,5.265822785,3,0.966511777,6,3,6,0,0,0,0,0,0,1.316455696,2,0.899855792,2,0,2,2.784810127,9,3.666079154,9,0,0,0,0,0,0,0,0,4.101265823,7,2.766223362,9,2,2,14.38487342,23.26,6.950719436,32.365,9.105,9.105,0,0,0,0,0,0,0,0,0,0,0,0,74.20253165,182,81.8868771,194,12,12,0.379807692,0.5,0.120192308,0,1,0.708320593,0.304645587,None
Zr0.92O1.84Y0.16O0.24,2.48,670,3,0.721518987,0.676785384,0.660441841,0.658538831,0.658246709,18.88607595,32,14.33103669,40,8,8,70.6835443,75,21.47989104,87,12,87,41.59169873,75.2246,33.69112745,91.224,15.9994,15.9994,746.7037975,2073.2,910.8606954,2128,54.8,54.8,11.84810127,13,5.465790739,16,3,16,3.025316456,3,1.349783689,5,2,2,104.0126582,124,50.04198045,190,66,66,2.713291139,2.22,0.956680019,3.44,1.22,3.44,2,0,0,2,2,2,2.632911392,4,1.799711585,4,0,4,0.632911392,2,0.833199808,2,0,0,0,0,0,0,0,0,5.265822785,3,0.966511777,6,3,6,0,0,0,0,0,0,1.316455696,2,0.899855792,2,0,2,2.784810127,9,3.666079154,9,0,0,0,0,0,0,0,0,4.101265823,7,2.766223362,9,2,2,14.38487342,23.26,6.950719436,32.365,9.105,9.105,0,0,0,0,0,0,0,0,0,0,0,0,74.20253165,182,81.8868771,194,12,12,0.379807692,0.5,0.120192308,0,1,0.708320593,0.304645587,None
Zr0.92O1.84Y0.16O0.24,2.5,820,3,0.721518987,0.676785384,0.660441841,0.658538831,0.658246709,18.88607595,32,14.33103669,40,8,8,70.6835443,75,21.47989104,87,12,87,41.59169873,75.2246,33.69112745,91.224,15.9994,15.9994,746.7037975,2073.2,910.8606954,2128,54.8,54.8,11.84810127,13,5.465790739,16,3,16,3.025316456,3,1.349783689,5,2,2,104.0126582,124,50.04198045,190,66,66,2.713291139,2.22,0.956680019,3.44,1.22,3.44,2,0,0,2,2,2,2.632911392,4,1.799711585,4,0,4,0.632911392,2,0.833199808,2,0,0,0,0,0,0,0,0,5.265822785,3,0.966511777,6,3,6,0,0,0,0,0,0,1.316455696,2,0.899855792,2,0,2,2.784810127,9,3.666079154,9,0,0,0,0,0,0,0,0,4.101265823,7,2.766223362,9,2,2,14.38487342,23.26,6.950719436,32.365,9.105,9.105,0,0,0,0,0,0,0,0,0,0,0,0,74.20253165,182,81.8868771,194,12,12,0.379807692,0.5,0.120192308,0,1,0.708320593,0.304645587,None
Zr0.92O1.84Y0.16O0.24,2.52,900,3,0.721518987,0.676785384,0.660441841,0.658538831,0.658246709,18.88607595,32,14.33103669,40,8,8,70.6835443,75,21.47989104,87,12,87,41.59169873,75.2246,33.69112745,91.224,15.9994,15.9994,746.7037975,2073.2,910.8606954,2128,54.8,54.8,11.84810127,13,5.465790739,16,3,16,3.025316456,3,1.349783689,5,2,2,104.0126582,124,50.04198045,190,66,66,2.713291139,2.22,0.956680019,3.44,1.22,3.44,2,0,0,2,2,2,2.632911392,4,1.799711585,4,0,4,0.632911392,2,0.833199808,2,0,0,0,0,0,0,0,0,5.265822785,3,0.966511777,6,3,6,0,0,0,0,0,0,1.316455696,2,0.899855792,2,0,2,2.784810127,9,3.666079154,9,0,0,0,0,0,0,0,0,4.101265823,7,2.766223362,9,2,2,14.38487342,23.26,6.950719436,32.365,9.105,9.105,0,0,0,0,0,0,0,0,0,0,0,0,74.20253165,182,81.8868771,194,12,12,0.379807692,0.5,0.120192308,0,1,0.708320593,0.304645587,None
Zr0.92O1.84Y0.16O0.24,2.51,970,3,0.721518987,0.676785384,0.660441841,0.658538831,0.658246709,18.88607595,32,14.33103669,40,8,8,70.6835443,75,21.47989104,87,12,87,41.59169873,75.2246,33.69112745,91.224,15.9994,15.9994,746.7037975,2073.2,910.8606954,2128,54.8,54.8,11.84810127,13,5.465790739,16,3,16,3.025316456,3,1.349783689,5,2,2,104.0126582,124,50.04198045,190,66,66,2.713291139,2.22,0.956680019,3.44,1.22,3.44,2,0,0,2,2,2,2.632911392,4,1.799711585,4,0,4,0.632911392,2,0.833199808,2,0,0,0,0,0,0,0,0,5.265822785,3,0.966511777,6,3,6,0,0,0,0,0,0,1.316455696,2,0.899855792,2,0,2,2.784810127,9,3.666079154,9,0,0,0,0,0,0,0,0,4.101265823,7,2.766223362,9,2,2,14.38487342,23.26,6.950719436,32.365,9.105,9.105,0,0,0,0,0,0,0,0,0,0,0,0,74.20253165,182,81.8868771,194,12,12,0.379807692,0.5,0.120192308,0,1,0.708320593,0.304645587,None
Zn0.1Ca0.1Sr0.4Ba0.4ZrO3,1.4,10,6,0.643117408,0.60825624,0.600503106,0.600039313,0.600001016,21.32,48,16.0368,56,8,8,63.88,80,27.9488,87,7,87,47.94936,121.3276,38.6548064,137.327,15.9994,15.9994,658.6336,2073.2,724.60032,2128,54.8,54.8,11,14,6.04,16,2,16,3.24,4,1.488,6,2,2,113.36,149,56.832,215,66,66,2.5302,2.55,1.09176,3.44,0.89,3.44,2,0,0,2,2,2,2.4,4,1.92,4,0,4,0.6,10,0.936,10,0,0,0,0,0,0,0,0,5,10,1.48,12,2,6,0,0,0,0,0,0,1.2,2,0.96,2,0,2,1.6,8,2.56,8,0,0,0,0,0,0,0,0,2.8,8,2.08,8,0,2,20.5622,54.485,14.012728,63.59,9.105,9.105,0,0,0,0,0,0,0,0,0,0,0,0,90.7,217,94.44,229,12,12,0.4,0.48,0.12,0,1,0.803211356,0.349653444,None
Zn0.1Ca0.1Sr0.4Ba0.4ZrO3,1.55,100,6,0.643117408,0.60825624,0.600503106,0.600039313,0.600001016,21.32,48,16.0368,56,8,8,63.88,80,27.9488,87,7,87,47.94936,121.3276,38.6548064,137.327,15.9994,15.9994,658.6336,2073.2,724.60032,2128,54.8,54.8,11,14,6.04,16,2,16,3.24,4,1.488,6,2,2,113.36,149,56.832,215,66,66,2.5302,2.55,1.09176,3.44,0.89,3.44,2,0,0,2,2,2,2.4,4,1.92,4,0,4,0.6,10,0.936,10,0,0,0,0,0,0,0,0,5,10,1.48,12,2,6,0,0,0,0,0,0,1.2,2,0.96,2,0,2,1.6,8,2.56,8,0,0,0,0,0,0,0,0,2.8,8,2.08,8,0,2,20.5622,54.485,14.012728,63.59,9.105,9.105,0,0,0,0,0,0,0,0,0,0,0,0,90.7,217,94.44,229,12,12,0.4,0.48,0.12,0,1,0.803211356,0.349653444,None
Zn0.1Ca0.1Sr0.4Ba0.4ZrO3,1.5,200,6,0.643117408,0.60825624,0.600503106,0.600039313,0.600001016,21.32,48,16.0368,56,8,8,63.88,80,27.9488,87,7,87,47.94936,121.3276,38.6548064,137.327,15.9994,15.9994,658.6336,2073.2,724.60032,2128,54.8,54.8,11,14,6.04,16,2,16,3.24,4,1.488,6,2,2,113.36,149,56.832,215,66,66,2.5302,2.55,1.09176,3.44,0.89,3.44,2,0,0,2,2,2,2.4,4,1.92,4,0,4,0.6,10,0.936,10,0,0,0,0,0,0,0,0,5,10,1.48,12,2,6,0,0,0,0,0,0,1.2,2,0.96,2,0,2,1.6,8,2.56,8,0,0,0,0,0,0,0,0,2.8,8,2.08,8,0,2,20.5622,54.485,14.012728,63.59,9.105,9.105,0,0,0,0,0,0,0,0,0,0,0,0,90.7,217,94.44,229,12,12,0.4,0.48,0.12,0,1,0.803211356,0.349653444,None
Zn0.1Ca0.1Sr0.4Ba0.4ZrO3,1.6,300,6,0.643117408,0.60825624,0.600503106,0.600039313,0.600001016,21.32,48,16.0368,56,8,8,63.88,80,27.9488,87,7,87,47.94936,121.3276,38.6548064,137.327,15.9994,15.9994,658.6336,2073.2,724.60032,2128,54.8,54.8,11,14,6.04,16,2,16,3.24,4,1.488,6,2,2,113.36,149,56.832,215,66,66,2.5302,2.55,1.09176,3.44,0.89,3.44,2,0,0,2,2,2,2.4,4,1.92,4,0,4,0.6,10,0.936,10,0,0,0,0,0,0,0,0,5,10,1.48,12,2,6,0,0,0,0,0,0,1.2,2,0.96,2,0,2,1.6,8,2.56,8,0,0,0,0,0,0,0,0,2.8,8,2.08,8,0,2,20.5622,54.485,14.012728,63.59,9.105,9.105,0,0,0,0,0,0,0,0,0,0,0,0,90.7,217,94.44,229,12,12,0.4,0.48,0.12,0,1,0.803211356,0.349653444,None
Zn0.1Ca0.1Sr0.4Ba0.4ZrO3,1.65,400,6,0.643117408,0.60825624,0.600503106,0.600039313,0.600001016,21.32,48,16.0368,56,8,8,63.88,80,27.9488,87,7,87,47.94936,121.3276,38.6548064,137.327,15.9994,15.9994,658.6336,2073.2,724.60032,2128,54.8,54.8,11,14,6.04,16,2,16,3.24,4,1.488,6,2,2,113.36,149,56.832,215,66,66,2.5302,2.55,1.09176,3.44,0.89,3.44,2,0,0,2,2,2,2.4,4,1.92,4,0,4,0.6,10,0.936,10,0,0,0,0,0,0,0,0,5,10,1.48,12,2,6,0,0,0,0,0,0,1.2,2,0.96,2,0,2,1.6,8,2.56,8,0,0,0,0,0,0,0,0,2.8,8,2.08,8,0,2,20.5622,54.485,14.012728,63.59,9.105,9.105,0,0,0,0,0,0,0,0,0,0,0,0,90.7,217,94.44,229,12,12,0.4,0.48,0.12,0,1,0.803211356,0.349653444,None
Zn0.1Ca0.1Sr0.4Ba0.4ZrO3,1.7,500,6,0.643117408,0.60825624,0.600503106,0.600039313,0.600001016,21.32,48,16.0368,56,8,8,63.88,80,27.9488,87,7,87,47.94936,121.3276,38.6548064,137.327,15.9994,15.9994,658.6336,2073.2,724.60032,2128,54.8,54.8,11,14,6.04,16,2,16,3.24,4,1.488,6,2,2,113.36,149,56.832,215,66,66,2.5302,2.55,1.09176,3.44,0.89,3.44,2,0,0,2,2,2,2.4,4,1.92,4,0,4,0.6,10,0.936,10,0,0,0,0,0,0,0,0,5,10,1.48,12,2,6,0,0,0,0,0,0,1.2,2,0.96,2,0,2,1.6,8,2.56,8,0,0,0,0,0,0,0,0,2.8,8,2.08,8,0,2,20.5622,54.485,14.012728,63.59,9.105,9.105,0,0,0,0,0,0,0,0,0,0,0,0,90.7,217,94.44,229,12,12,0.4,0.48,0.12,0,1,0.803211356,0.349653444,None
Zn0.1Ca0.1Sr0.4Ba0.4ZrO3,1.76,600,6,0.643117408,0.60825624,0.600503106,0.600039313,0.600001016,21.32,48,16.0368,56,8,8,63.88,80,27.9488,87,7,87,47.94936,121.3276,38.6548064,137.327,15.9994,15.9994,658.6336,2073.2,724.60032,2128,54.8,54.8,11,14,6.04,16,2,16,3.24,4,1.488,6,2,2,113.36,149,56.832,215,66,66,2.5302,2.55,1.09176,3.44,0.89,3.44,2,0,0,2,2,2,2.4,4,1.92,4,0,4,0.6,10,0.936,10,0,0,0,0,0,0,0,0,5,10,1.48,12,2,6,0,0,0,0,0,0,1.2,2,0.96,2,0,2,1.6,8,2.56,8,0,0,0,0,0,0,0,0,2.8,8,2.08,8,0,2,20.5622,54.485,14.012728,63.59,9.105,9.105,0,0,0,0,0,0,0,0,0,0,0,0,90.7,217,94.44,229,12,12,0.4,0.48,0.12,0,1,0.803211356,0.349653444,None
Zn0.1Ca0.1Sr0.4Ba0.4ZrO3,1.8,700,6,0.643117408,0.60825624,0.600503106,0.600039313,0.600001016,21.32,48,16.0368,56,8,8,63.88,80,27.9488,87,7,87,47.94936,121.3276,38.6548064,137.327,15.9994,15.9994,658.6336,2073.2,724.60032,2128,54.8,54.8,11,14,6.04,16,2,16,3.24,4,1.488,6,2,2,113.36,149,56.832,215,66,66,2.5302,2.55,1.09176,3.44,0.89,3.44,2,0,0,2,2,2,2.4,4,1.92,4,0,4,0.6,10,0.936,10,0,0,0,0,0,0,0,0,5,10,1.48,12,2,6,0,0,0,0,0,0,1.2,2,0.96,2,0,2,1.6,8,2.56,8,0,0,0,0,0,0,0,0,2.8,8,2.08,8,0,2,20.5622,54.485,14.012728,63.59,9.105,9.105,0,0,0,0,0,0,0,0,0,0,0,0,90.7,217,94.44,229,12,12,0.4,0.48,0.12,0,1,0.803211356,0.349653444,None
Zn0.1Ca0.1Sr0.4Ba0.4ZrO3,1.9,800,6,0.643117408,0.60825624,0.600503106,0.600039313,0.600001016,21.32,48,16.0368,56,8,8,63.88,80,27.9488,87,7,87,47.94936,121.3276,38.6548064,137.327,15.9994,15.9994,658.6336,2073.2,724.60032,2128,54.8,54.8,11,14,6.04,16,2,16,3.24,4,1.488,6,2,2,113.36,149,56.832,215,66,66,2.5302,2.55,1.09176,3.44,0.89,3.44,2,0,0,2,2,2,2.4,4,1.92,4,0,4,0.6,10,0.936,10,0,0,0,0,0,0,0,0,5,10,1.48,12,2,6,0,0,0,0,0,0,1.2,2,0.96,2,0,2,1.6,8,2.56,8,0,0,0,0,0,0,0,0,2.8,8,2.08,8,0,2,20.5622,54.485,14.012728,63.59,9.105,9.105,0,0,0,0,0,0,0,0,0,0,0,0,90.7,217,94.44,229,12,12,0.4,0.48,0.12,0,1,0.803211356,0.349653444,None
Zn0.1Ca0.1Sr0.4Ba0.4ZrO3,1.85,900,6,0.643117408,0.60825624,0.600503106,0.600039313,0.600001016,21.32,48,16.0368,56,8,8,63.88,80,27.9488,87,7,87,47.94936,121.3276,38.6548064,137.327,15.9994,15.9994,658.6336,2073.2,724.60032,2128,54.8,54.8,11,14,6.04,16,2,16,3.24,4,1.488,6,2,2,113.36,149,56.832,215,66,66,2.5302,2.55,1.09176,3.44,0.89,3.44,2,0,0,2,2,2,2.4,4,1.92,4,0,4,0.6,10,0.936,10,0,0,0,0,0,0,0,0,5,10,1.48,12,2,6,0,0,0,0,0,0,1.2,2,0.96,2,0,2,1.6,8,2.56,8,0,0,0,0,0,0,0,0,2.8,8,2.08,8,0,2,20.5622,54.485,14.012728,63.59,9.105,9.105,0,0,0,0,0,0,0,0,0,0,0,0,90.7,217,94.44,229,12,12,0.4,0.48,0.12,0,1,0.803211356,0.349653444,None
Zn0.1Ca0.1Sr0.4Ba0.4ZrO3,1.9,1000,6,0.643117408,0.60825624,0.600503106,0.600039313,0.600001016,21.32,48,16.0368,56,8,8,63.88,80,27.9488,87,7,87,47.94936,121.3276,38.6548064,137.327,15.9994,15.9994,658.6336,2073.2,724.60032,2128,54.8,54.8,11,14,6.04,16,2,16,3.24,4,1.488,6,2,2,113.36,149,56.832,215,66,66,2.5302,2.55,1.09176,3.44,0.89,3.44,2,0,0,2,2,2,2.4,4,1.92,4,0,4,0.6,10,0.936,10,0,0,0,0,0,0,0,0,5,10,1.48,12,2,6,0,0,0,0,0,0,1.2,2,0.96,2,0,2,1.6,8,2.56,8,0,0,0,0,0,0,0,0,2.8,8,2.08,8,0,2,20.5622,54.485,14.012728,63.59,9.105,9.105,0,0,0,0,0,0,0,0,0,0,0,0,90.7,217,94.44,229,12,12,0.4,0.48,0.12,0,1,0.803211356,0.349653444,None
BaZrO3,5.8,10,3,0.663324958,0.614463365,0.600984419,0.600078355,0.600002032,24,48,19.2,56,8,8,62.8,78,29.04,87,9,87,55.30984,121.3276,47.172528,137.327,15.9994,15.9994,658.48,2073.2,724.416,2128,54.8,54.8,10.8,14,6.24,16,2,16,3.4,4,1.68,6,2,2,117.6,149,61.92,215,66,66,2.508,2.55,1.1184,3.44,0.89,3.44,2,0,0,2,2,2,2.4,4,1.92,4,0,4,0.4,2,0.64,2,0,0,0,0,0,0,0,0,4.8,4,1.44,6,2,6,0,0,0,0,0,0,1.2,2,0.96,2,0,2,1.6,8,2.56,8,0,0,0,0,0,0,0,0,2.8,8,2.08,8,0,2,22.82,54.485,16.458,63.59,9.105,9.105,0,0,0,0,0,0,0,0,0,0,0,0,91.8,217,95.76,229,12,12,0.416666667,0.5,0.083333333,0,1,0.803211356,0.357695264,None
BaZrO3,4.5,100,3,0.663324958,0.614463365,0.600984419,0.600078355,0.600002032,24,48,19.2,56,8,8,62.8,78,29.04,87,9,87,55.30984,121.3276,47.172528,137.327,15.9994,15.9994,658.48,2073.2,724.416,2128,54.8,54.8,10.8,14,6.24,16,2,16,3.4,4,1.68,6,2,2,117.6,149,61.92,215,66,66,2.508,2.55,1.1184,3.44,0.89,3.44,2,0,0,2,2,2,2.4,4,1.92,4,0,4,0.4,2,0.64,2,0,0,0,0,0,0,0,0,4.8,4,1.44,6,2,6,0,0,0,0,0,0,1.2,2,0.96,2,0,2,1.6,8,2.56,8,0,0,0,0,0,0,0,0,2.8,8,2.08,8,0,2,22.82,54.485,16.458,63.59,9.105,9.105,0,0,0,0,0,0,0,0,0,0,0,0,91.8,217,95.76,229,12,12,0.416666667,0.5,0.083333333,0,1,0.803211356,0.357695264,None
BaZrO3,3.6,200,3,0.663324958,0.614463365,0.600984419,0.600078355,0.600002032,24,48,19.2,56,8,8,62.8,78,29.04,87,9,87,55.30984,121.3276,47.172528,137.327,15.9994,15.9994,658.48,2073.2,724.416,2128,54.8,54.8,10.8,14,6.24,16,2,16,3.4,4,1.68,6,2,2,117.6,149,61.92,215,66,66,2.508,2.55,1.1184,3.44,0.89,3.44,2,0,0,2,2,2,2.4,4,1.92,4,0,4,0.4,2,0.64,2,0,0,0,0,0,0,0,0,4.8,4,1.44,6,2,6,0,0,0,0,0,0,1.2,2,0.96,2,0,2,1.6,8,2.56,8,0,0,0,0,0,0,0,0,2.8,8,2.08,8,0,2,22.82,54.485,16.458,63.59,9.105,9.105,0,0,0,0,0,0,0,0,0,0,0,0,91.8,217,95.76,229,12,12,0.416666667,0.5,0.083333333,0,1,0.803211356,0.357695264,None
BaZrO3,3.2,300,3,0.663324958,0.614463365,0.600984419,0.600078355,0.600002032,24,48,19.2,56,8,8,62.8,78,29.04,87,9,87,55.30984,121.3276,47.172528,137.327,15.9994,15.9994,658.48,2073.2,724.416,2128,54.8,54.8,10.8,14,6.24,16,2,16,3.4,4,1.68,6,2,2,117.6,149,61.92,215,66,66,2.508,2.55,1.1184,3.44,0.89,3.44,2,0,0,2,2,2,2.4,4,1.92,4,0,4,0.4,2,0.64,2,0,0,0,0,0,0,0,0,4.8,4,1.44,6,2,6,0,0,0,0,0,0,1.2,2,0.96,2,0,2,1.6,8,2.56,8,0,0,0,0,0,0,0,0,2.8,8,2.08,8,0,2,22.82,54.485,16.458,63.59,9.105,9.105,0,0,0,0,0,0,0,0,0,0,0,0,91.8,217,95.76,229,12,12,0.416666667,0.5,0.083333333,0,1,0.803211356,0.357695264,None
BaZrO3,3,400,3,0.663324958,0.614463365,0.600984419,0.600078355,0.600002032,24,48,19.2,56,8,8,62.8,78,29.04,87,9,87,55.30984,121.3276,47.172528,137.327,15.9994,15.9994,658.48,2073.2,724.416,2128,54.8,54.8,10.8,14,6.24,16,2,16,3.4,4,1.68,6,2,2,117.6,149,61.92,215,66,66,2.508,2.55,1.1184,3.44,0.89,3.44,2,0,0,2,2,2,2.4,4,1.92,4,0,4,0.4,2,0.64,2,0,0,0,0,0,0,0,0,4.8,4,1.44,6,2,6,0,0,0,0,0,0,1.2,2,0.96,2,0,2,1.6,8,2.56,8,0,0,0,0,0,0,0,0,2.8,8,2.08,8,0,2,22.82,54.485,16.458,63.59,9.105,9.105,0,0,0,0,0,0,0,0,0,0,0,0,91.8,217,95.76,229,12,12,0.416666667,0.5,0.083333333,0,1,0.803211356,0.357695264,None
BaZrO3,2.9,500,3,0.663324958,0.614463365,0.600984419,0.600078355,0.600002032,24,48,19.2,56,8,8,62.8,78,29.04,87,9,87,55.30984,121.3276,47.172528,137.327,15.9994,15.9994,658.48,2073.2,724.416,2128,54.8,54.8,10.8,14,6.24,16,2,16,3.4,4,1.68,6,2,2,117.6,149,61.92,215,66,66,2.508,2.55,1.1184,3.44,0.89,3.44,2,0,0,2,2,2,2.4,4,1.92,4,0,4,0.4,2,0.64,2,0,0,0,0,0,0,0,0,4.8,4,1.44,6,2,6,0,0,0,0,0,0,1.2,2,0.96,2,0,2,1.6,8,2.56,8,0,0,0,0,0,0,0,0,2.8,8,2.08,8,0,2,22.82,54.485,16.458,63.59,9.105,9.105,0,0,0,0,0,0,0,0,0,0,0,0,91.8,217,95.76,229,12,12,0.416666667,0.5,0.083333333,0,1,0.803211356,0.357695264,None
BaZrO3,2.9,600,3,0.663324958,0.614463365,0.600984419,0.600078355,0.600002032,24,48,19.2,56,8,8,62.8,78,29.04,87,9,87,55.30984,121.3276,47.172528,137.327,15.9994,15.9994,658.48,2073.2,724.416,2128,54.8,54.8,10.8,14,6.24,16,2,16,3.4,4,1.68,6,2,2,117.6,149,61.92,215,66,66,2.508,2.55,1.1184,3.44,0.89,3.44,2,0,0,2,2,2,2.4,4,1.92,4,0,4,0.4,2,0.64,2,0,0,0,0,0,0,0,0,4.8,4,1.44,6,2,6,0,0,0,0,0,0,1.2,2,0.96,2,0,2,1.6,8,2.56,8,0,0,0,0,0,0,0,0,2.8,8,2.08,8,0,2,22.82,54.485,16.458,63.59,9.105,9.105,0,0,0,0,0,0,0,0,0,0,0,0,91.8,217,95.76,229,12,12,0.416666667,0.5,0.083333333,0,1,0.803211356,0.357695264,None
BaZrO3,2.9,700,3,0.663324958,0.614463365,0.600984419,0.600078355,0.600002032,24,48,19.2,56,8,8,62.8,78,29.04,87,9,87,55.30984,121.3276,47.172528,137.327,15.9994,15.9994,658.48,2073.2,724.416,2128,54.8,54.8,10.8,14,6.24,16,2,16,3.4,4,1.68,6,2,2,117.6,149,61.92,215,66,66,2.508,2.55,1.1184,3.44,0.89,3.44,2,0,0,2,2,2,2.4,4,1.92,4,0,4,0.4,2,0.64,2,0,0,0,0,0,0,0,0,4.8,4,1.44,6,2,6,0,0,0,0,0,0,1.2,2,0.96,2,0,2,1.6,8,2.56,8,0,0,0,0,0,0,0,0,2.8,8,2.08,8,0,2,22.82,54.485,16.458,63.59,9.105,9.105,0,0,0,0,0,0,0,0,0,0,0,0,91.8,217,95.76,229,12,12,0.416666667,0.5,0.083333333,0,1,0.803211356,0.357695264,None
BaZrO3,2.9,800,3,0.663324958,0.614463365,0.600984419,0.600078355,0.600002032,24,48,19.2,56,8,8,62.8,78,29.04,87,9,87,55.30984,121.3276,47.172528,137.327,15.9994,15.9994,658.48,2073.2,724.416,2128,54.8,54.8,10.8,14,6.24,16,2,16,3.4,4,1.68,6,2,2,117.6,149,61.92,215,66,66,2.508,2.55,1.1184,3.44,0.89,3.44,2,0,0,2,2,2,2.4,4,1.92,4,0,4,0.4,2,0.64,2,0,0,0,0,0,0,0,0,4.8,4,1.44,6,2,6,0,0,0,0,0,0,1.2,2,0.96,2,0,2,1.6,8,2.56,8,0,0,0,0,0,0,0,0,2.8,8,2.08,8,0,2,22.82,54.485,16.458,63.59,9.105,9.105,0,0,0,0,0,0,0,0,0,0,0,0,91.8,217,95.76,229,12,12,0.416666667,0.5,0.083333333,0,1,0.803211356,0.357695264,None
BaZrO3,2.9,900,3,0.663324958,0.614463365,0.600984419,0.600078355,0.600002032,24,48,19.2,56,8,8,62.8,78,29.04,87,9,87,55.30984,121.3276,47.172528,137.327,15.9994,15.9994,658.48,2073.2,724.416,2128,54.8,54.8,10.8,14,6.24,16,2,16,3.4,4,1.68,6,2,2,117.6,149,61.92,215,66,66,2.508,2.55,1.1184,3.44,0.89,3.44,2,0,0,2,2,2,2.4,4,1.92,4,0,4,0.4,2,0.64,2,0,0,0,0,0,0,0,0,4.8,4,1.44,6,2,6,0,0,0,0,0,0,1.2,2,0.96,2,0,2,1.6,8,2.56,8,0,0,0,0,0,0,0,0,2.8,8,2.08,8,0,2,22.82,54.485,16.458,63.59,9.105,9.105,0,0,0,0,0,0,0,0,0,0,0,0,91.8,217,95.76,229,12,12,0.416666667,0.5,0.083333333,0,1,0.803211356,0.357695264,None
BaZrO3,2.9,1000,3,0.663324958,0.614463365,0.600984419,0.600078355,0.600002032,24,48,19.2,56,8,8,62.8,78,29.04,87,9,87,55.30984,121.3276,47.172528,137.327,15.9994,15.9994,658.48,2073.2,724.416,2128,54.8,54.8,10.8,14,6.24,16,2,16,3.4,4,1.68,6,2,2,117.6,149,61.92,215,66,66,2.508,2.55,1.1184,3.44,0.89,3.44,2,0,0,2,2,2,2.4,4,1.92,4,0,4,0.4,2,0.64,2,0,0,0,0,0,0,0,0,4.8,4,1.44,6,2,6,0,0,0,0,0,0,1.2,2,0.96,2,0,2,1.6,8,2.56,8,0,0,0,0,0,0,0,0,2.8,8,2.08,8,0,2,22.82,54.485,16.458,63.59,9.105,9.105,0,0,0,0,0,0,0,0,0,0,0,0,91.8,217,95.76,229,12,12,0.416666667,0.5,0.083333333,0,1,0.803211356,0.357695264,None
BaZrO3,2.9,1100,3,0.663324958,0.614463365,0.600984419,0.600078355,0.600002032,24,48,19.2,56,8,8,62.8,78,29.04,87,9,87,55.30984,121.3276,47.172528,137.327,15.9994,15.9994,658.48,2073.2,724.416,2128,54.8,54.8,10.8,14,6.24,16,2,16,3.4,4,1.68,6,2,2,117.6,149,61.92,215,66,66,2.508,2.55,1.1184,3.44,0.89,3.44,2,0,0,2,2,2,2.4,4,1.92,4,0,4,0.4,2,0.64,2,0,0,0,0,0,0,0,0,4.8,4,1.44,6,2,6,0,0,0,0,0,0,1.2,2,0.96,2,0,2,1.6,8,2.56,8,0,0,0,0,0,0,0,0,2.8,8,2.08,8,0,2,22.82,54.485,16.458,63.59,9.105,9.105,0,0,0,0,0,0,0,0,0,0,0,0,91.8,217,95.76,229,12,12,0.416666667,0.5,0.083333333,0,1,0.803211356,0.357695264,None
BaZrO3,2.9,1200,3,0.663324958,0.614463365,0.600984419,0.600078355,0.600002032,24,48,19.2,56,8,8,62.8,78,29.04,87,9,87,55.30984,121.3276,47.172528,137.327,15.9994,15.9994,658.48,2073.2,724.416,2128,54.8,54.8,10.8,14,6.24,16,2,16,3.4,4,1.68,6,2,2,117.6,149,61.92,215,66,66,2.508,2.55,1.1184,3.44,0.89,3.44,2,0,0,2,2,2,2.4,4,1.92,4,0,4,0.4,2,0.64,2,0,0,0,0,0,0,0,0,4.8,4,1.44,6,2,6,0,0,0,0,0,0,1.2,2,0.96,2,0,2,1.6,8,2.56,8,0,0,0,0,0,0,0,0,2.8,8,2.08,8,0,2,22.82,54.485,16.458,63.59,9.105,9.105,0,0,0,0,0,0,0,0,0,0,0,0,91.8,217,95.76,229,12,12,0.416666667,0.5,0.083333333,0,1,0.803211356,0.357695264,None
SrZrO3,3.2,320,3,0.663324958,0.614463365,0.600984419,0.600078355,0.600002032,20.4,32,14.88,40,8,8,62.6,79,29.28,87,8,87,45.36844,75.2246,35.242848,91.224,15.9994,15.9994,668.48,2073.2,736.416,2128,54.8,54.8,10.8,14,6.24,16,2,16,3.2,3,1.44,5,2,2,113.6,129,57.12,195,66,66,2.52,2.49,1.104,3.44,0.95,3.44,2,0,0,2,2,2,2.4,4,1.92,4,0,4,0.4,2,0.64,2,0,0,0,0,0,0,0,0,4.8,4,1.44,6,2,6,0,0,0,0,0,0,1.2,2,0.96,2,0,2,1.6,8,2.56,8,0,0,0,0,0,0,0,0,2.8,8,2.08,8,0,2,20.948,45.125,14.2116,54.23,9.105,9.105,0,0,0,0,0,0,0,0,0,0,0,0,91,213,94.8,225,12,12,0.416666667,0.5,0.083333333,0,1,0.787757332,0.353043001,None
SrZrO3,3,400,3,0.663324958,0.614463365,0.600984419,0.600078355,0.600002032,20.4,32,14.88,40,8,8,62.6,79,29.28,87,8,87,45.36844,75.2246,35.242848,91.224,15.9994,15.9994,668.48,2073.2,736.416,2128,54.8,54.8,10.8,14,6.24,16,2,16,3.2,3,1.44,5,2,2,113.6,129,57.12,195,66,66,2.52,2.49,1.104,3.44,0.95,3.44,2,0,0,2,2,2,2.4,4,1.92,4,0,4,0.4,2,0.64,2,0,0,0,0,0,0,0,0,4.8,4,1.44,6,2,6,0,0,0,0,0,0,1.2,2,0.96,2,0,2,1.6,8,2.56,8,0,0,0,0,0,0,0,0,2.8,8,2.08,8,0,2,20.948,45.125,14.2116,54.23,9.105,9.105,0,0,0,0,0,0,0,0,0,0,0,0,91,213,94.8,225,12,12,0.416666667,0.5,0.083333333,0,1,0.787757332,0.353043001,None
SrZrO3,2.7,480,3,0.663324958,0.614463365,0.600984419,0.600078355,0.600002032,20.4,32,14.88,40,8,8,62.6,79,29.28,87,8,87,45.36844,75.2246,35.242848,91.224,15.9994,15.9994,668.48,2073.2,736.416,2128,54.8,54.8,10.8,14,6.24,16,2,16,3.2,3,1.44,5,2,2,113.6,129,57.12,195,66,66,2.52,2.49,1.104,3.44,0.95,3.44,2,0,0,2,2,2,2.4,4,1.92,4,0,4,0.4,2,0.64,2,0,0,0,0,0,0,0,0,4.8,4,1.44,6,2,6,0,0,0,0,0,0,1.2,2,0.96,2,0,2,1.6,8,2.56,8,0,0,0,0,0,0,0,0,2.8,8,2.08,8,0,2,20.948,45.125,14.2116,54.23,9.105,9.105,0,0,0,0,0,0,0,0,0,0,0,0,91,213,94.8,225,12,12,0.416666667,0.5,0.083333333,0,1,0.787757332,0.353043001,None
SrZrO3,2.5,570,3,0.663324958,0.614463365,0.600984419,0.600078355,0.600002032,20.4,32,14.88,40,8,8,62.6,79,29.28,87,8,87,45.36844,75.2246,35.242848,91.224,15.9994,15.9994,668.48,2073.2,736.416,2128,54.8,54.8,10.8,14,6.24,16,2,16,3.2,3,1.44,5,2,2,113.6,129,57.12,195,66,66,2.52,2.49,1.104,3.44,0.95,3.44,2,0,0,2,2,2,2.4,4,1.92,4,0,4,0.4,2,0.64,2,0,0,0,0,0,0,0,0,4.8,4,1.44,6,2,6,0,0,0,0,0,0,1.2,2,0.96,2,0,2,1.6,8,2.56,8,0,0,0,0,0,0,0,0,2.8,8,2.08,8,0,2,20.948,45.125,14.2116,54.23,9.105,9.105,0,0,0,0,0,0,0,0,0,0,0,0,91,213,94.8,225,12,12,0.416666667,0.5,0.083333333,0,1,0.787757332,0.353043001,None
SrZrO3,2.3,700,3,0.663324958,0.614463365,0.600984419,0.600078355,0.600002032,20.4,32,14.88,40,8,8,62.6,79,29.28,87,8,87,45.36844,75.2246,35.242848,91.224,15.9994,15.9994,668.48,2073.2,736.416,2128,54.8,54.8,10.8,14,6.24,16,2,16,3.2,3,1.44,5,2,2,113.6,129,57.12,195,66,66,2.52,2.49,1.104,3.44,0.95,3.44,2,0,0,2,2,2,2.4,4,1.92,4,0,4,0.4,2,0.64,2,0,0,0,0,0,0,0,0,4.8,4,1.44,6,2,6,0,0,0,0,0,0,1.2,2,0.96,2,0,2,1.6,8,2.56,8,0,0,0,0,0,0,0,0,2.8,8,2.08,8,0,2,20.948,45.125,14.2116,54.23,9.105,9.105,0,0,0,0,0,0,0,0,0,0,0,0,91,213,94.8,225,12,12,0.416666667,0.5,0.083333333,0,1,0.787757332,0.353043001,None
SrZrO3,2.2,790,3,0.663324958,0.614463365,0.600984419,0.600078355,0.600002032,20.4,32,14.88,40,8,8,62.6,79,29.28,87,8,87,45.36844,75.2246,35.242848,91.224,15.9994,15.9994,668.48,2073.2,736.416,2128,54.8,54.8,10.8,14,6.24,16,2,16,3.2,3,1.44,5,2,2,113.6,129,57.12,195,66,66,2.52,2.49,1.104,3.44,0.95,3.44,2,0,0,2,2,2,2.4,4,1.92,4,0,4,0.4,2,0.64,2,0,0,0,0,0,0,0,0,4.8,4,1.44,6,2,6,0,0,0,0,0,0,1.2,2,0.96,2,0,2,1.6,8,2.56,8,0,0,0,0,0,0,0,0,2.8,8,2.08,8,0,2,20.948,45.125,14.2116,54.23,9.105,9.105,0,0,0,0,0,0,0,0,0,0,0,0,91,213,94.8,225,12,12,0.416666667,0.5,0.083333333,0,1,0.787757332,0.353043001,None
SrZrO3,2.1,900,3,0.663324958,0.614463365,0.600984419,0.600078355,0.600002032,20.4,32,14.88,40,8,8,62.6,79,29.28,87,8,87,45.36844,75.2246,35.242848,91.224,15.9994,15.9994,668.48,2073.2,736.416,2128,54.8,54.8,10.8,14,6.24,16,2,16,3.2,3,1.44,5,2,2,113.6,129,57.12,195,66,66,2.52,2.49,1.104,3.44,0.95,3.44,2,0,0,2,2,2,2.4,4,1.92,4,0,4,0.4,2,0.64,2,0,0,0,0,0,0,0,0,4.8,4,1.44,6,2,6,0,0,0,0,0,0,1.2,2,0.96,2,0,2,1.6,8,2.56,8,0,0,0,0,0,0,0,0,2.8,8,2.08,8,0,2,20.948,45.125,14.2116,54.23,9.105,9.105,0,0,0,0,0,0,0,0,0,0,0,0,91,213,94.8,225,12,12,0.416666667,0.5,0.083333333,0,1,0.787757332,0.353043001,None
SrZrO3,2.3,1000,3,0.663324958,0.614463365,0.600984419,0.600078355,0.600002032,20.4,32,14.88,40,8,8,62.6,79,29.28,87,8,87,45.36844,75.2246,35.242848,91.224,15.9994,15.9994,668.48,2073.2,736.416,2128,54.8,54.8,10.8,14,6.24,16,2,16,3.2,3,1.44,5,2,2,113.6,129,57.12,195,66,66,2.52,2.49,1.104,3.44,0.95,3.44,2,0,0,2,2,2,2.4,4,1.92,4,0,4,0.4,2,0.64,2,0,0,0,0,0,0,0,0,4.8,4,1.44,6,2,6,0,0,0,0,0,0,1.2,2,0.96,2,0,2,1.6,8,2.56,8,0,0,0,0,0,0,0,0,2.8,8,2.08,8,0,2,20.948,45.125,14.2116,54.23,9.105,9.105,0,0,0,0,0,0,0,0,0,0,0,0,91,213,94.8,225,12,12,0.416666667,0.5,0.083333333,0,1,0.787757332,0.353043001,None
CaZrO3,2.3,300,3,0.663324958,0.614463365,0.600984419,0.600078355,0.600002032,16.8,32,10.56,40,8,8,62.4,80,29.52,87,7,87,35.86004,75.2246,23.832768,91.224,15.9994,15.9994,681.48,2073.2,752.016,2128,54.8,54.8,10.8,14,6.24,16,2,16,3,3,1.2,5,2,2,109.8,110,52.56,176,66,66,2.53,2.44,1.092,3.44,1,3.44,2,0,0,2,2,2,2.4,4,1.92,4,0,4,0.4,2,0.64,2,0,0,0,0,0,0,0,0,4.8,4,1.44,6,2,6,0,0,0,0,0,0,1.2,2,0.96,2,0,2,1.6,8,2.56,8,0,0,0,0,0,0,0,0,2.8,8,2.08,8,0,2,17.656,28.665,10.2612,37.77,9.105,9.105,0,0,0,0,0,0,0,0,0,0,0,0,91,213,94.8,225,12,12,0.416666667,0.5,0.083333333,0,1,0.77426646,0.349117317,None
CaZrO3,2.1,400,3,0.663324958,0.614463365,0.600984419,0.600078355,0.600002032,16.8,32,10.56,40,8,8,62.4,80,29.52,87,7,87,35.86004,75.2246,23.832768,91.224,15.9994,15.9994,681.48,2073.2,752.016,2128,54.8,54.8,10.8,14,6.24,16,2,16,3,3,1.2,5,2,2,109.8,110,52.56,176,66,66,2.53,2.44,1.092,3.44,1,3.44,2,0,0,2,2,2,2.4,4,1.92,4,0,4,0.4,2,0.64,2,0,0,0,0,0,0,0,0,4.8,4,1.44,6,2,6,0,0,0,0,0,0,1.2,2,0.96,2,0,2,1.6,8,2.56,8,0,0,0,0,0,0,0,0,2.8,8,2.08,8,0,2,17.656,28.665,10.2612,37.77,9.105,9.105,0,0,0,0,0,0,0,0,0,0,0,0,91,213,94.8,225,12,12,0.416666667,0.5,0.083333333,0,1,0.77426646,0.349117317,None
CaZrO3,2.05,500,3,0.663324958,0.614463365,0.600984419,0.600078355,0.600002032,16.8,32,10.56,40,8,8,62.4,80,29.52,87,7,87,35.86004,75.2246,23.832768,91.224,15.9994,15.9994,681.48,2073.2,752.016,2128,54.8,54.8,10.8,14,6.24,16,2,16,3,3,1.2,5,2,2,109.8,110,52.56,176,66,66,2.53,2.44,1.092,3.44,1,3.44,2,0,0,2,2,2,2.4,4,1.92,4,0,4,0.4,2,0.64,2,0,0,0,0,0,0,0,0,4.8,4,1.44,6,2,6,0,0,0,0,0,0,1.2,2,0.96,2,0,2,1.6,8,2.56,8,0,0,0,0,0,0,0,0,2.8,8,2.08,8,0,2,17.656,28.665,10.2612,37.77,9.105,9.105,0,0,0,0,0,0,0,0,0,0,0,0,91,213,94.8,225,12,12,0.416666667,0.5,0.083333333,0,1,0.77426646,0.349117317,None
CaZrO3,2,580,3,0.663324958,0.614463365,0.600984419,0.600078355,0.600002032,16.8,32,10.56,40,8,8,62.4,80,29.52,87,7,87,35.86004,75.2246,23.832768,91.224,15.9994,15.9994,681.48,2073.2,752.016,2128,54.8,54.8,10.8,14,6.24,16,2,16,3,3,1.2,5,2,2,109.8,110,52.56,176,66,66,2.53,2.44,1.092,3.44,1,3.44,2,0,0,2,2,2,2.4,4,1.92,4,0,4,0.4,2,0.64,2,0,0,0,0,0,0,0,0,4.8,4,1.44,6,2,6,0,0,0,0,0,0,1.2,2,0.96,2,0,2,1.6,8,2.56,8,0,0,0,0,0,0,0,0,2.8,8,2.08,8,0,2,17.656,28.665,10.2612,37.77,9.105,9.105,0,0,0,0,0,0,0,0,0,0,0,0,91,213,94.8,225,12,12,0.416666667,0.5,0.083333333,0,1,0.77426646,0.349117317,None
CaZrO3,2,680,3,0.663324958,0.614463365,0.600984419,0.600078355,0.600002032,16.8,32,10.56,40,8,8,62.4,80,29.52,87,7,87,35.86004,75.2246,23.832768,91.224,15.9994,15.9994,681.48,2073.2,752.016,2128,54.8,54.8,10.8,14,6.24,16,2,16,3,3,1.2,5,2,2,109.8,110,52.56,176,66,66,2.53,2.44,1.092,3.44,1,3.44,2,0,0,2,2,2,2.4,4,1.92,4,0,4,0.4,2,0.64,2,0,0,0,0,0,0,0,0,4.8,4,1.44,6,2,6,0,0,0,0,0,0,1.2,2,0.96,2,0,2,1.6,8,2.56,8,0,0,0,0,0,0,0,0,2.8,8,2.08,8,0,2,17.656,28.665,10.2612,37.77,9.105,9.105,0,0,0,0,0,0,0,0,0,0,0,0,91,213,94.8,225,12,12,0.416666667,0.5,0.083333333,0,1,0.77426646,0.349117317,None
CaZrO3,2.1,780,3,0.663324958,0.614463365,0.600984419,0.600078355,0.600002032,16.8,32,10.56,40,8,8,62.4,80,29.52,87,7,87,35.86004,75.2246,23.832768,91.224,15.9994,15.9994,681.48,2073.2,752.016,2128,54.8,54.8,10.8,14,6.24,16,2,16,3,3,1.2,5,2,2,109.8,110,52.56,176,66,66,2.53,2.44,1.092,3.44,1,3.44,2,0,0,2,2,2,2.4,4,1.92,4,0,4,0.4,2,0.64,2,0,0,0,0,0,0,0,0,4.8,4,1.44,6,2,6,0,0,0,0,0,0,1.2,2,0.96,2,0,2,1.6,8,2.56,8,0,0,0,0,0,0,0,0,2.8,8,2.08,8,0,2,17.656,28.665,10.2612,37.77,9.105,9.105,0,0,0,0,0,0,0,0,0,0,0,0,91,213,94.8,225,12,12,0.416666667,0.5,0.083333333,0,1,0.77426646,0.349117317,None
CaZrO3,2.15,880,3,0.663324958,0.614463365,0.600984419,0.600078355,0.600002032,16.8,32,10.56,40,8,8,62.4,80,29.52,87,7,87,35.86004,75.2246,23.832768,91.224,15.9994,15.9994,681.48,2073.2,752.016,2128,54.8,54.8,10.8,14,6.24,16,2,16,3,3,1.2,5,2,2,109.8,110,52.56,176,66,66,2.53,2.44,1.092,3.44,1,3.44,2,0,0,2,2,2,2.4,4,1.92,4,0,4,0.4,2,0.64,2,0,0,0,0,0,0,0,0,4.8,4,1.44,6,2,6,0,0,0,0,0,0,1.2,2,0.96,2,0,2,1.6,8,2.56,8,0,0,0,0,0,0,0,0,2.8,8,2.08,8,0,2,17.656,28.665,10.2612,37.77,9.105,9.105,0,0,0,0,0,0,0,0,0,0,0,0,91,213,94.8,225,12,12,0.416666667,0.5,0.083333333,0,1,0.77426646,0.349117317,None
CaZrO3,2.2,990,3,0.663324958,0.614463365,0.600984419,0.600078355,0.600002032,16.8,32,10.56,40,8,8,62.4,80,29.52,87,7,87,35.86004,75.2246,23.832768,91.224,15.9994,15.9994,681.48,2073.2,752.016,2128,54.8,54.8,10.8,14,6.24,16,2,16,3,3,1.2,5,2,2,109.8,110,52.56,176,66,66,2.53,2.44,1.092,3.44,1,3.44,2,0,0,2,2,2,2.4,4,1.92,4,0,4,0.4,2,0.64,2,0,0,0,0,0,0,0,0,4.8,4,1.44,6,2,6,0,0,0,0,0,0,1.2,2,0.96,2,0,2,1.6,8,2.56,8,0,0,0,0,0,0,0,0,2.8,8,2.08,8,0,2,17.656,28.665,10.2612,37.77,9.105,9.105,0,0,0,0,0,0,0,0,0,0,0,0,91,213,94.8,225,12,12,0.416666667,0.5,0.083333333,0,1,0.77426646,0.349117317,None
Zr0.93O1.86Y0.14O0.21,3,5,3,0.724086451,0.678653769,0.661631798,0.659583081,0.659257754,18.85987261,32,14.31843077,40,8,8,70.92038217,75,21.20051523,87,12,87,41.5299035,75.2246,33.6612371,91.224,15.9994,15.9994,746.6038217,2073.2,912.1235101,2128,54.8,54.8,11.86624204,13,5.450241389,16,3,16,3.022292994,3,1.347864011,5,2,2,103.8121019,124,49.85417258,190,66,66,2.716082803,2.22,0.954464076,3.44,1.22,3.44,2,0,2.22E-16,2,2,2,2.636942675,4,1.797152014,4,0,4,0.636942675,2,0.839790661,2,0,0,0,0,0,0,0,0,5.27388535,3,0.957361353,6,3,6,0,0,0,0,0,0,1.318471338,2,0.898576007,2,0,2,2.770700637,9,3.653089375,9,0,0,0,0,0,0,0,0,4.089171975,7,2.754513368,9,2,2,14.31522293,23.26,6.869529596,32.365,9.105,9.105,0,0,0,0,0,0,0,0,0,0,0,0,74.01910828,182,81.77041665,194,12,12,0.379227053,0.5,0.120772947,0,1,0.708320593,0.303916361,None
Zr0.93O1.86Y0.14O0.21,2.8,100,3,0.724086451,0.678653769,0.661631798,0.659583081,0.659257754,18.85987261,32,14.31843077,40,8,8,70.92038217,75,21.20051523,87,12,87,41.5299035,75.2246,33.6612371,91.224,15.9994,15.9994,746.6038217,2073.2,912.1235101,2128,54.8,54.8,11.86624204,13,5.450241389,16,3,16,3.022292994,3,1.347864011,5,2,2,103.8121019,124,49.85417258,190,66,66,2.716082803,2.22,0.954464076,3.44,1.22,3.44,2,0,2.22E-16,2,2,2,2.636942675,4,1.797152014,4,0,4,0.636942675,2,0.839790661,2,0,0,0,0,0,0,0,0,5.27388535,3,0.957361353,6,3,6,0,0,0,0,0,0,1.318471338,2,0.898576007,2,0,2,2.770700637,9,3.653089375,9,0,0,0,0,0,0,0,0,4.089171975,7,2.754513368,9,2,2,14.31522293,23.26,6.869529596,32.365,9.105,9.105,0,0,0,0,0,0,0,0,0,0,0,0,74.01910828,182,81.77041665,194,12,12,0.379227053,0.5,0.120772947,0,1,0.708320593,0.303916361,None
Zr0.93O1.86Y0.14O0.21,2.75,140,3,0.724086451,0.678653769,0.661631798,0.659583081,0.659257754,18.85987261,32,14.31843077,40,8,8,70.92038217,75,21.20051523,87,12,87,41.5299035,75.2246,33.6612371,91.224,15.9994,15.9994,746.6038217,2073.2,912.1235101,2128,54.8,54.8,11.86624204,13,5.450241389,16,3,16,3.022292994,3,1.347864011,5,2,2,103.8121019,124,49.85417258,190,66,66,2.716082803,2.22,0.954464076,3.44,1.22,3.44,2,0,2.22E-16,2,2,2,2.636942675,4,1.797152014,4,0,4,0.636942675,2,0.839790661,2,0,0,0,0,0,0,0,0,5.27388535,3,0.957361353,6,3,6,0,0,0,0,0,0,1.318471338,2,0.898576007,2,0,2,2.770700637,9,3.653089375,9,0,0,0,0,0,0,0,0,4.089171975,7,2.754513368,9,2,2,14.31522293,23.26,6.869529596,32.365,9.105,9.105,0,0,0,0,0,0,0,0,0,0,0,0,74.01910828,182,81.77041665,194,12,12,0.379227053,0.5,0.120772947,0,1,0.708320593,0.303916361,None
Zr0.93O1.86Y0.14O0.21,2.7,200,3,0.724086451,0.678653769,0.661631798,0.659583081,0.659257754,18.85987261,32,14.31843077,40,8,8,70.92038217,75,21.20051523,87,12,87,41.5299035,75.2246,33.6612371,91.224,15.9994,15.9994,746.6038217,2073.2,912.1235101,2128,54.8,54.8,11.86624204,13,5.450241389,16,3,16,3.022292994,3,1.347864011,5,2,2,103.8121019,124,49.85417258,190,66,66,2.716082803,2.22,0.954464076,3.44,1.22,3.44,2,0,2.22E-16,2,2,2,2.636942675,4,1.797152014,4,0,4,0.636942675,2,0.839790661,2,0,0,0,0,0,0,0,0,5.27388535,3,0.957361353,6,3,6,0,0,0,0,0,0,1.318471338,2,0.898576007,2,0,2,2.770700637,9,3.653089375,9,0,0,0,0,0,0,0,0,4.089171975,7,2.754513368,9,2,2,14.31522293,23.26,6.869529596,32.365,9.105,9.105,0,0,0,0,0,0,0,0,0,0,0,0,74.01910828,182,81.77041665,194,12,12,0.379227053,0.5,0.120772947,0,1,0.708320593,0.303916361,None
Zr0.93O1.86Y0.14O0.21,2.65,250,3,0.724086451,0.678653769,0.661631798,0.659583081,0.659257754,18.85987261,32,14.31843077,40,8,8,70.92038217,75,21.20051523,87,12,87,41.5299035,75.2246,33.6612371,91.224,15.9994,15.9994,746.6038217,2073.2,912.1235101,2128,54.8,54.8,11.86624204,13,5.450241389,16,3,16,3.022292994,3,1.347864011,5,2,2,103.8121019,124,49.85417258,190,66,66,2.716082803,2.22,0.954464076,3.44,1.22,3.44,2,0,2.22E-16,2,2,2,2.636942675,4,1.797152014,4,0,4,0.636942675,2,0.839790661,2,0,0,0,0,0,0,0,0,5.27388535,3,0.957361353,6,3,6,0,0,0,0,0,0,1.318471338,2,0.898576007,2,0,2,2.770700637,9,3.653089375,9,0,0,0,0,0,0,0,0,4.089171975,7,2.754513368,9,2,2,14.31522293,23.26,6.869529596,32.365,9.105,9.105,0,0,0,0,0,0,0,0,0,0,0,0,74.01910828,182,81.77041665,194,12,12,0.379227053,0.5,0.120772947,0,1,0.708320593,0.303916361,None
Zr0.93O1.86Y0.14O0.21,2.6,300,3,0.724086451,0.678653769,0.661631798,0.659583081,0.659257754,18.85987261,32,14.31843077,40,8,8,70.92038217,75,21.20051523,87,12,87,41.5299035,75.2246,33.6612371,91.224,15.9994,15.9994,746.6038217,2073.2,912.1235101,2128,54.8,54.8,11.86624204,13,5.450241389,16,3,16,3.022292994,3,1.347864011,5,2,2,103.8121019,124,49.85417258,190,66,66,2.716082803,2.22,0.954464076,3.44,1.22,3.44,2,0,2.22E-16,2,2,2,2.636942675,4,1.797152014,4,0,4,0.636942675,2,0.839790661,2,0,0,0,0,0,0,0,0,5.27388535,3,0.957361353,6,3,6,0,0,0,0,0,0,1.318471338,2,0.898576007,2,0,2,2.770700637,9,3.653089375,9,0,0,0,0,0,0,0,0,4.089171975,7,2.754513368,9,2,2,14.31522293,23.26,6.869529596,32.365,9.105,9.105,0,0,0,0,0,0,0,0,0,0,0,0,74.01910828,182,81.77041665,194,12,12,0.379227053,0.5,0.120772947,0,1,0.708320593,0.303916361,None
Zr0.93O1.86Y0.14O0.21,2.5,400,3,0.724086451,0.678653769,0.661631798,0.659583081,0.659257754,18.85987261,32,14.31843077,40,8,8,70.92038217,75,21.20051523,87,12,87,41.5299035,75.2246,33.6612371,91.224,15.9994,15.9994,746.6038217,2073.2,912.1235101,2128,54.8,54.8,11.86624204,13,5.450241389,16,3,16,3.022292994,3,1.347864011,5,2,2,103.8121019,124,49.85417258,190,66,66,2.716082803,2.22,0.954464076,3.44,1.22,3.44,2,0,2.22E-16,2,2,2,2.636942675,4,1.797152014,4,0,4,0.636942675,2,0.839790661,2,0,0,0,0,0,0,0,0,5.27388535,3,0.957361353,6,3,6,0,0,0,0,0,0,1.318471338,2,0.898576007,2,0,2,2.770700637,9,3.653089375,9,0,0,0,0,0,0,0,0,4.089171975,7,2.754513368,9,2,2,14.31522293,23.26,6.869529596,32.365,9.105,9.105,0,0,0,0,0,0,0,0,0,0,0,0,74.01910828,182,81.77041665,194,12,12,0.379227053,0.5,0.120772947,0,1,0.708320593,0.303916361,None
Zr0.93O1.86Y0.14O0.21,2.4,500,3,0.724086451,0.678653769,0.661631798,0.659583081,0.659257754,18.85987261,32,14.31843077,40,8,8,70.92038217,75,21.20051523,87,12,87,41.5299035,75.2246,33.6612371,91.224,15.9994,15.9994,746.6038217,2073.2,912.1235101,2128,54.8,54.8,11.86624204,13,5.450241389,16,3,16,3.022292994,3,1.347864011,5,2,2,103.8121019,124,49.85417258,190,66,66,2.716082803,2.22,0.954464076,3.44,1.22,3.44,2,0,2.22E-16,2,2,2,2.636942675,4,1.797152014,4,0,4,0.636942675,2,0.839790661,2,0,0,0,0,0,0,0,0,5.27388535,3,0.957361353,6,3,6,0,0,0,0,0,0,1.318471338,2,0.898576007,2,0,2,2.770700637,9,3.653089375,9,0,0,0,0,0,0,0,0,4.089171975,7,2.754513368,9,2,2,14.31522293,23.26,6.869529596,32.365,9.105,9.105,0,0,0,0,0,0,0,0,0,0,0,0,74.01910828,182,81.77041665,194,12,12,0.379227053,0.5,0.120772947,0,1,0.708320593,0.303916361,None
Zr0.93O1.86Y0.14O0.21,2.35,600,3,0.724086451,0.678653769,0.661631798,0.659583081,0.659257754,18.85987261,32,14.31843077,40,8,8,70.92038217,75,21.20051523,87,12,87,41.5299035,75.2246,33.6612371,91.224,15.9994,15.9994,746.6038217,2073.2,912.1235101,2128,54.8,54.8,11.86624204,13,5.450241389,16,3,16,3.022292994,3,1.347864011,5,2,2,103.8121019,124,49.85417258,190,66,66,2.716082803,2.22,0.954464076,3.44,1.22,3.44,2,0,2.22E-16,2,2,2,2.636942675,4,1.797152014,4,0,4,0.636942675,2,0.839790661,2,0,0,0,0,0,0,0,0,5.27388535,3,0.957361353,6,3,6,0,0,0,0,0,0,1.318471338,2,0.898576007,2,0,2,2.770700637,9,3.653089375,9,0,0,0,0,0,0,0,0,4.089171975,7,2.754513368,9,2,2,14.31522293,23.26,6.869529596,32.365,9.105,9.105,0,0,0,0,0,0,0,0,0,0,0,0,74.01910828,182,81.77041665,194,12,12,0.379227053,0.5,0.120772947,0,1,0.708320593,0.303916361,None
Zr0.93O1.86Y0.14O0.21,2.4,700,3,0.724086451,0.678653769,0.661631798,0.659583081,0.659257754,18.85987261,32,14.31843077,40,8,8,70.92038217,75,21.20051523,87,12,87,41.5299035,75.2246,33.6612371,91.224,15.9994,15.9994,746.6038217,2073.2,912.1235101,2128,54.8,54.8,11.86624204,13,5.450241389,16,3,16,3.022292994,3,1.347864011,5,2,2,103.8121019,124,49.85417258,190,66,66,2.716082803,2.22,0.954464076,3.44,1.22,3.44,2,0,2.22E-16,2,2,2,2.636942675,4,1.797152014,4,0,4,0.636942675,2,0.839790661,2,0,0,0,0,0,0,0,0,5.27388535,3,0.957361353,6,3,6,0,0,0,0,0,0,1.318471338,2,0.898576007,2,0,2,2.770700637,9,3.653089375,9,0,0,0,0,0,0,0,0,4.089171975,7,2.754513368,9,2,2,14.31522293,23.26,6.869529596,32.365,9.105,9.105,0,0,0,0,0,0,0,0,0,0,0,0,74.01910828,182,81.77041665,194,12,12,0.379227053,0.5,0.120772947,0,1,0.708320593,0.303916361,None
LaPO4,3.61,77,3,0.707106781,0.673540003,0.66692688,0.666678292,0.666666794,17.33333333,49,13.22222222,57,8,8,74,74,20.33333333,87,13,87,38.979472,122.90607,33.308666,138.90547,15.9994,15.9994,288.25,1138.2,311.2666667,1193,54.8,54.8,13.66666667,13,3.555555556,16,3,16,2.833333333,4,1.111111111,6,2,2,96.33333333,141,40.44444444,207,66,66,2.841666667,2.34,0.797777778,3.44,1.1,3.44,2,0,0,2,2,2,3.166666667,4,1.111111111,4,0,4,0.166666667,1,0.277777778,1,0,0,0,0,0,0,0,0,5.333333333,3,0.888888889,6,3,6,0,0,0,0,0,0,1.833333333,3,0.611111111,3,0,2,1.5,9,2.5,9,0,0,0,0,0,0,0,0,3.333333333,7,1.888888889,9,2,2,15.98128968,27.7925,9.168386243,36.8975,9.105,9.105,0.270833333,1.625,0.451388889,1.625,0,0,0,0,0,0,0,0,40.66666667,192,51.11111111,194,2,12,0.375,0.59375,0.03125,0,1,0.745613369,0.25182737,None
LaPO4,2.46,392,3,0.707106781,0.673540003,0.66692688,0.666678292,0.666666794,17.33333333,49,13.22222222,57,8,8,74,74,20.33333333,87,13,87,38.979472,122.90607,33.308666,138.90547,15.9994,15.9994,288.25,1138.2,311.2666667,1193,54.8,54.8,13.66666667,13,3.555555556,16,3,16,2.833333333,4,1.111111111,6,2,2,96.33333333,141,40.44444444,207,66,66,2.841666667,2.34,0.797777778,3.44,1.1,3.44,2,0,0,2,2,2,3.166666667,4,1.111111111,4,0,4,0.166666667,1,0.277777778,1,0,0,0,0,0,0,0,0,5.333333333,3,0.888888889,6,3,6,0,0,0,0,0,0,1.833333333,3,0.611111111,3,0,2,1.5,9,2.5,9,0,0,0,0,0,0,0,0,3.333333333,7,1.888888889,9,2,2,15.98128968,27.7925,9.168386243,36.8975,9.105,9.105,0.270833333,1.625,0.451388889,1.625,0,0,0,0,0,0,0,0,40.66666667,192,51.11111111,194,2,12,0.375,0.59375,0.03125,0,1,0.745613369,0.25182737,None
LaPO4,1.88,752,3,0.707106781,0.673540003,0.66692688,0.666678292,0.666666794,17.33333333,49,13.22222222,57,8,8,74,74,20.33333333,87,13,87,38.979472,122.90607,33.308666,138.90547,15.9994,15.9994,288.25,1138.2,311.2666667,1193,54.8,54.8,13.66666667,13,3.555555556,16,3,16,2.833333333,4,1.111111111,6,2,2,96.33333333,141,40.44444444,207,66,66,2.841666667,2.34,0.797777778,3.44,1.1,3.44,2,0,0,2,2,2,3.166666667,4,1.111111111,4,0,4,0.166666667,1,0.277777778,1,0,0,0,0,0,0,0,0,5.333333333,3,0.888888889,6,3,6,0,0,0,0,0,0,1.833333333,3,0.611111111,3,0,2,1.5,9,2.5,9,0,0,0,0,0,0,0,0,3.333333333,7,1.888888889,9,2,2,15.98128968,27.7925,9.168386243,36.8975,9.105,9.105,0.270833333,1.625,0.451388889,1.625,0,0,0,0,0,0,0,0,40.66666667,192,51.11111111,194,2,12,0.375,0.59375,0.03125,0,1,0.745613369,0.25182737,None
LaPO4,1.56,1112,3,0.707106781,0.673540003,0.66692688,0.666678292,0.666666794,17.33333333,49,13.22222222,57,8,8,74,74,20.33333333,87,13,87,38.979472,122.90607,33.308666,138.90547,15.9994,15.9994,288.25,1138.2,311.2666667,1193,54.8,54.8,13.66666667,13,3.555555556,16,3,16,2.833333333,4,1.111111111,6,2,2,96.33333333,141,40.44444444,207,66,66,2.841666667,2.34,0.797777778,3.44,1.1,3.44,2,0,0,2,2,2,3.166666667,4,1.111111111,4,0,4,0.166666667,1,0.277777778,1,0,0,0,0,0,0,0,0,5.333333333,3,0.888888889,6,3,6,0,0,0,0,0,0,1.833333333,3,0.611111111,3,0,2,1.5,9,2.5,9,0,0,0,0,0,0,0,0,3.333333333,7,1.888888889,9,2,2,15.98128968,27.7925,9.168386243,36.8975,9.105,9.105,0.270833333,1.625,0.451388889,1.625,0,0,0,0,0,0,0,0,40.66666667,192,51.11111111,194,2,12,0.375,0.59375,0.03125,0,1,0.745613369,0.25182737,None
LaPO4,1.36,1472,3,0.707106781,0.673540003,0.66692688,0.666678292,0.666666794,17.33333333,49,13.22222222,57,8,8,74,74,20.33333333,87,13,87,38.979472,122.90607,33.308666,138.90547,15.9994,15.9994,288.25,1138.2,311.2666667,1193,54.8,54.8,13.66666667,13,3.555555556,16,3,16,2.833333333,4,1.111111111,6,2,2,96.33333333,141,40.44444444,207,66,66,2.841666667,2.34,0.797777778,3.44,1.1,3.44,2,0,0,2,2,2,3.166666667,4,1.111111111,4,0,4,0.166666667,1,0.277777778,1,0,0,0,0,0,0,0,0,5.333333333,3,0.888888889,6,3,6,0,0,0,0,0,0,1.833333333,3,0.611111111,3,0,2,1.5,9,2.5,9,0,0,0,0,0,0,0,0,3.333333333,7,1.888888889,9,2,2,15.98128968,27.7925,9.168386243,36.8975,9.105,9.105,0.270833333,1.625,0.451388889,1.625,0,0,0,0,0,0,0,0,40.66666667,192,51.11111111,194,2,12,0.375,0.59375,0.03125,0,1,0.745613369,0.25182737,None
LaPO4,1.3,1832,3,0.707106781,0.673540003,0.66692688,0.666678292,0.666666794,17.33333333,49,13.22222222,57,8,8,74,74,20.33333333,87,13,87,38.979472,122.90607,33.308666,138.90547,15.9994,15.9994,288.25,1138.2,311.2666667,1193,54.8,54.8,13.66666667,13,3.555555556,16,3,16,2.833333333,4,1.111111111,6,2,2,96.33333333,141,40.44444444,207,66,66,2.841666667,2.34,0.797777778,3.44,1.1,3.44,2,0,0,2,2,2,3.166666667,4,1.111111111,4,0,4,0.166666667,1,0.277777778,1,0,0,0,0,0,0,0,0,5.333333333,3,0.888888889,6,3,6,0,0,0,0,0,0,1.833333333,3,0.611111111,3,0,2,1.5,9,2.5,9,0,0,0,0,0,0,0,0,3.333333333,7,1.888888889,9,2,2,15.98128968,27.7925,9.168386243,36.8975,9.105,9.105,0.270833333,1.625,0.451388889,1.625,0,0,0,0,0,0,0,0,40.66666667,192,51.11111111,194,2,12,0.375,0.59375,0.03125,0,1,0.745613369,0.25182737,None
CePO4,3.14,77,3,0.707106781,0.673540003,0.66692688,0.666678292,0.666666794,17.5,50,13.5,58,8,8,74.33333333,72,19.77777778,87,15,87,39.181227,124.1166,33.64492433,140.116,15.9994,15.9994,267.9166667,1016.2,284.1555556,1071,54.8,54.8,13.66666667,13,3.555555556,16,3,16,2.833333333,4,1.111111111,6,2,2,95.83333333,138,39.77777778,204,66,66,2.845,2.32,0.793333333,3.44,1.12,3.44,2,0,0,2,2,2,3.166666667,4,1.111111111,4,0,4,0.166666667,1,0.277777778,1,0,0,0.166666667,1,0.277777778,1,0,0,5.5,2,0.666666667,6,4,6,0,0,0,0,0,0,1.833333333,3,0.611111111,3,0,2,1.5,9,2.5,9,0,0,2.166666667,13,3.611111111,13,0,0,5.5,20,5.5,22,2,2,16.03837302,28.135,9.244497354,37.24,9.105,9.105,0.270833333,1.625,0.451388889,1.625,0,0,0,0,0,0,0,0,40.66666667,192,51.11111111,194,2,12,0.363636364,0.575757576,0.03030303,0.03030303,1,0.739616569,0.250046516,None
CePO4,2.31,392,3,0.707106781,0.673540003,0.66692688,0.666678292,0.666666794,17.5,50,13.5,58,8,8,74.33333333,72,19.77777778,87,15,87,39.181227,124.1166,33.64492433,140.116,15.9994,15.9994,267.9166667,1016.2,284.1555556,1071,54.8,54.8,13.66666667,13,3.555555556,16,3,16,2.833333333,4,1.111111111,6,2,2,95.83333333,138,39.77777778,204,66,66,2.845,2.32,0.793333333,3.44,1.12,3.44,2,0,0,2,2,2,3.166666667,4,1.111111111,4,0,4,0.166666667,1,0.277777778,1,0,0,0.166666667,1,0.277777778,1,0,0,5.5,2,0.666666667,6,4,6,0,0,0,0,0,0,1.833333333,3,0.611111111,3,0,2,1.5,9,2.5,9,0,0,2.166666667,13,3.611111111,13,0,0,5.5,20,5.5,22,2,2,16.03837302,28.135,9.244497354,37.24,9.105,9.105,0.270833333,1.625,0.451388889,1.625,0,0,0,0,0,0,0,0,40.66666667,192,51.11111111,194,2,12,0.363636364,0.575757576,0.03030303,0.03030303,1,0.739616569,0.250046516,None
CePO4,1.84,752,3,0.707106781,0.673540003,0.66692688,0.666678292,0.666666794,17.5,50,13.5,58,8,8,74.33333333,72,19.77777778,87,15,87,39.181227,124.1166,33.64492433,140.116,15.9994,15.9994,267.9166667,1016.2,284.1555556,1071,54.8,54.8,13.66666667,13,3.555555556,16,3,16,2.833333333,4,1.111111111,6,2,2,95.83333333,138,39.77777778,204,66,66,2.845,2.32,0.793333333,3.44,1.12,3.44,2,0,0,2,2,2,3.166666667,4,1.111111111,4,0,4,0.166666667,1,0.277777778,1,0,0,0.166666667,1,0.277777778,1,0,0,5.5,2,0.666666667,6,4,6,0,0,0,0,0,0,1.833333333,3,0.611111111,3,0,2,1.5,9,2.5,9,0,0,2.166666667,13,3.611111111,13,0,0,5.5,20,5.5,22,2,2,16.03837302,28.135,9.244497354,37.24,9.105,9.105,0.270833333,1.625,0.451388889,1.625,0,0,0,0,0,0,0,0,40.66666667,192,51.11111111,194,2,12,0.363636364,0.575757576,0.03030303,0.03030303,1,0.739616569,0.250046516,None
CePO4,1.59,1112,3,0.707106781,0.673540003,0.66692688,0.666678292,0.666666794,17.5,50,13.5,58,8,8,74.33333333,72,19.77777778,87,15,87,39.181227,124.1166,33.64492433,140.116,15.9994,15.9994,267.9166667,1016.2,284.1555556,1071,54.8,54.8,13.66666667,13,3.555555556,16,3,16,2.833333333,4,1.111111111,6,2,2,95.83333333,138,39.77777778,204,66,66,2.845,2.32,0.793333333,3.44,1.12,3.44,2,0,0,2,2,2,3.166666667,4,1.111111111,4,0,4,0.166666667,1,0.277777778,1,0,0,0.166666667,1,0.277777778,1,0,0,5.5,2,0.666666667,6,4,6,0,0,0,0,0,0,1.833333333,3,0.611111111,3,0,2,1.5,9,2.5,9,0,0,2.166666667,13,3.611111111,13,0,0,5.5,20,5.5,22,2,2,16.03837302,28.135,9.244497354,37.24,9.105,9.105,0.270833333,1.625,0.451388889,1.625,0,0,0,0,0,0,0,0,40.66666667,192,51.11111111,194,2,12,0.363636364,0.575757576,0.03030303,0.03030303,1,0.739616569,0.250046516,None
CePO4,1.52,1472,3,0.707106781,0.673540003,0.66692688,0.666678292,0.666666794,17.5,50,13.5,58,8,8,74.33333333,72,19.77777778,87,15,87,39.181227,124.1166,33.64492433,140.116,15.9994,15.9994,267.9166667,1016.2,284.1555556,1071,54.8,54.8,13.66666667,13,3.555555556,16,3,16,2.833333333,4,1.111111111,6,2,2,95.83333333,138,39.77777778,204,66,66,2.845,2.32,0.793333333,3.44,1.12,3.44,2,0,0,2,2,2,3.166666667,4,1.111111111,4,0,4,0.166666667,1,0.277777778,1,0,0,0.166666667,1,0.277777778,1,0,0,5.5,2,0.666666667,6,4,6,0,0,0,0,0,0,1.833333333,3,0.611111111,3,0,2,1.5,9,2.5,9,0,0,2.166666667,13,3.611111111,13,0,0,5.5,20,5.5,22,2,2,16.03837302,28.135,9.244497354,37.24,9.105,9.105,0.270833333,1.625,0.451388889,1.625,0,0,0,0,0,0,0,0,40.66666667,192,51.11111111,194,2,12,0.363636364,0.575757576,0.03030303,0.03030303,1,0.739616569,0.250046516,None
CePO4,1.35,1832,3,0.707106781,0.673540003,0.66692688,0.666678292,0.666666794,17.5,50,13.5,58,8,8,74.33333333,72,19.77777778,87,15,87,39.181227,124.1166,33.64492433,140.116,15.9994,15.9994,267.9166667,1016.2,284.1555556,1071,54.8,54.8,13.66666667,13,3.555555556,16,3,16,2.833333333,4,1.111111111,6,2,2,95.83333333,138,39.77777778,204,66,66,2.845,2.32,0.793333333,3.44,1.12,3.44,2,0,0,2,2,2,3.166666667,4,1.111111111,4,0,4,0.166666667,1,0.277777778,1,0,0,0.166666667,1,0.277777778,1,0,0,5.5,2,0.666666667,6,4,6,0,0,0,0,0,0,1.833333333,3,0.611111111,3,0,2,1.5,9,2.5,9,0,0,2.166666667,13,3.611111111,13,0,0,5.5,20,5.5,22,2,2,16.03837302,28.135,9.244497354,37.24,9.105,9.105,0.270833333,1.625,0.451388889,1.625,0,0,0,0,0,0,0,0,40.66666667,192,51.11111111,194,2,12,0.363636364,0.575757576,0.03030303,0.03030303,1,0.739616569,0.250046516,None
NdPO4,3.05,77,3,0.707106781,0.673540003,0.66692688,0.666678292,0.666666794,17.83333333,52,14.05555556,60,8,8,75,68,18.66666667,87,19,87,39.86889367,128.2426,34.79103544,144.242,15.9994,15.9994,305.0833333,1239.2,333.7111111,1294,54.8,54.8,13.66666667,13,3.555555556,16,3,16,2.833333333,4,1.111111111,6,2,2,95.33333333,135,39.11111111,201,66,66,2.848333333,2.3,0.788888889,3.44,1.14,3.44,2,0,0,2,2,2,3.166666667,4,1.111111111,4,0,4,0,0,0,0,0,0,0.666666667,4,1.111111111,4,0,0,5.833333333,1,0.277777778,6,5,6,0,0,0,0,0,0,1.833333333,3,0.611111111,3,0,2,0,0,0,0,0,0,1.666666667,10,2.777777778,10,0,0,3.5,8,2.166666667,10,2,2,15.63337302,25.705,8.704497354,34.81,9.105,9.105,0.270833333,1.625,0.451388889,1.625,0,0,0,0,0,0,0,0,40.66666667,192,51.11111111,194,2,12,0.342857143,0.542857143,0,0.114285714,1,0.733531702,0.24824966,None
NdPO4,2.38,392,3,0.707106781,0.673540003,0.66692688,0.666678292,0.666666794,17.83333333,52,14.05555556,60,8,8,75,68,18.66666667,87,19,87,39.86889367,128.2426,34.79103544,144.242,15.9994,15.9994,305.0833333,1239.2,333.7111111,1294,54.8,54.8,13.66666667,13,3.555555556,16,3,16,2.833333333,4,1.111111111,6,2,2,95.33333333,135,39.11111111,201,66,66,2.848333333,2.3,0.788888889,3.44,1.14,3.44,2,0,0,2,2,2,3.166666667,4,1.111111111,4,0,4,0,0,0,0,0,0,0.666666667,4,1.111111111,4,0,0,5.833333333,1,0.277777778,6,5,6,0,0,0,0,0,0,1.833333333,3,0.611111111,3,0,2,0,0,0,0,0,0,1.666666667,10,2.777777778,10,0,0,3.5,8,2.166666667,10,2,2,15.63337302,25.705,8.704497354,34.81,9.105,9.105,0.270833333,1.625,0.451388889,1.625,0,0,0,0,0,0,0,0,40.66666667,192,51.11111111,194,2,12,0.342857143,0.542857143,0,0.114285714,1,0.733531702,0.24824966,None
NdPO4,1.89,752,3,0.707106781,0.673540003,0.66692688,0.666678292,0.666666794,17.83333333,52,14.05555556,60,8,8,75,68,18.66666667,87,19,87,39.86889367,128.2426,34.79103544,144.242,15.9994,15.9994,305.0833333,1239.2,333.7111111,1294,54.8,54.8,13.66666667,13,3.555555556,16,3,16,2.833333333,4,1.111111111,6,2,2,95.33333333,135,39.11111111,201,66,66,2.848333333,2.3,0.788888889,3.44,1.14,3.44,2,0,0,2,2,2,3.166666667,4,1.111111111,4,0,4,0,0,0,0,0,0,0.666666667,4,1.111111111,4,0,0,5.833333333,1,0.277777778,6,5,6,0,0,0,0,0,0,1.833333333,3,0.611111111,3,0,2,0,0,0,0,0,0,1.666666667,10,2.777777778,10,0,0,3.5,8,2.166666667,10,2,2,15.63337302,25.705,8.704497354,34.81,9.105,9.105,0.270833333,1.625,0.451388889,1.625,0,0,0,0,0,0,0,0,40.66666667,192,51.11111111,194,2,12,0.342857143,0.542857143,0,0.114285714,1,0.733531702,0.24824966,None
NdPO4,1.66,1112,3,0.707106781,0.673540003,0.66692688,0.666678292,0.666666794,17.83333333,52,14.05555556,60,8,8,75,68,18.66666667,87,19,87,39.86889367,128.2426,34.79103544,144.242,15.9994,15.9994,305.0833333,1239.2,333.7111111,1294,54.8,54.8,13.66666667,13,3.555555556,16,3,16,2.833333333,4,1.111111111,6,2,2,95.33333333,135,39.11111111,201,66,66,2.848333333,2.3,0.788888889,3.44,1.14,3.44,2,0,0,2,2,2,3.166666667,4,1.111111111,4,0,4,0,0,0,0,0,0,0.666666667,4,1.111111111,4,0,0,5.833333333,1,0.277777778,6,5,6,0,0,0,0,0,0,1.833333333,3,0.611111111,3,0,2,0,0,0,0,0,0,1.666666667,10,2.777777778,10,0,0,3.5,8,2.166666667,10,2,2,15.63337302,25.705,8.704497354,34.81,9.105,9.105,0.270833333,1.625,0.451388889,1.625,0,0,0,0,0,0,0,0,40.66666667,192,51.11111111,194,2,12,0.342857143,0.542857143,0,0.114285714,1,0.733531702,0.24824966,None
NdPO4,1.6,1472,3,0.707106781,0.673540003,0.66692688,0.666678292,0.666666794,17.83333333,52,14.05555556,60,8,8,75,68,18.66666667,87,19,87,39.86889367,128.2426,34.79103544,144.242,15.9994,15.9994,305.0833333,1239.2,333.7111111,1294,54.8,54.8,13.66666667,13,3.555555556,16,3,16,2.833333333,4,1.111111111,6,2,2,95.33333333,135,39.11111111,201,66,66,2.848333333,2.3,0.788888889,3.44,1.14,3.44,2,0,0,2,2,2,3.166666667,4,1.111111111,4,0,4,0,0,0,0,0,0,0.666666667,4,1.111111111,4,0,0,5.833333333,1,0.277777778,6,5,6,0,0,0,0,0,0,1.833333333,3,0.611111111,3,0,2,0,0,0,0,0,0,1.666666667,10,2.777777778,10,0,0,3.5,8,2.166666667,10,2,2,15.63337302,25.705,8.704497354,34.81,9.105,9.105,0.270833333,1.625,0.451388889,1.625,0,0,0,0,0,0,0,0,40.66666667,192,51.11111111,194,2,12,0.342857143,0.542857143,0,0.114285714,1,0.733531702,0.24824966,None
NdPO4,1.59,1832,3,0.707106781,0.673540003,0.66692688,0.666678292,0.666666794,17.83333333,52,14.05555556,60,8,8,75,68,18.66666667,87,19,87,39.86889367,128.2426,34.79103544,144.242,15.9994,15.9994,305.0833333,1239.2,333.7111111,1294,54.8,54.8,13.66666667,13,3.555555556,16,3,16,2.833333333,4,1.111111111,6,2,2,95.33333333,135,39.11111111,201,66,66,2.848333333,2.3,0.788888889,3.44,1.14,3.44,2,0,0,2,2,2,3.166666667,4,1.111111111,4,0,4,0,0,0,0,0,0,0.666666667,4,1.111111111,4,0,0,5.833333333,1,0.277777778,6,5,6,0,0,0,0,0,0,1.833333333,3,0.611111111,3,0,2,0,0,0,0,0,0,1.666666667,10,2.777777778,10,0,0,3.5,8,2.166666667,10,2,2,15.63337302,25.705,8.704497354,34.81,9.105,9.105,0.270833333,1.625,0.451388889,1.625,0,0,0,0,0,0,0,0,40.66666667,192,51.11111111,194,2,12,0.342857143,0.542857143,0,0.114285714,1,0.733531702,0.24824966,None
SmPO4,2.87,77,3,0.707106781,0.673540003,0.66692688,0.666678292,0.666666794,18.16666667,54,14.61111111,62,8,8,75.66666667,64,17.55555556,87,23,87,40.88856033,134.3606,36.49047989,150.36,15.9994,15.9994,313.5833333,1290.2,345.0444444,1345,54.8,54.8,13.66666667,13,3.555555556,16,3,16,2.833333333,4,1.111111111,6,2,2,94.83333333,132,38.44444444,198,66,66,2.853333333,2.27,0.782222222,3.44,1.17,3.44,2,0,0,2,2,2,3.166666667,4,1.111111111,4,0,4,0,0,0,0,0,0,1,6,1.666666667,6,0,0,6.166666667,3,0.611111111,8,5,6,0,0,0,0,0,0,1.833333333,3,0.611111111,3,0,2,0,0,0,0,0,0,1.333333333,8,2.222222222,8,0,0,3.166666667,6,1.611111111,8,2,2,15.37003968,24.125,8.353386243,33.23,9.105,9.105,0.270833333,1.625,0.451388889,1.625,0,0,0,0,0,0,0,0,36,164,43.33333333,166,2,12,0.324324324,0.513513514,0,0.162162162,1,0.724240177,0.245525047,None
SmPO4,2.16,392,3,0.707106781,0.673540003,0.66692688,0.666678292,0.666666794,18.16666667,54,14.61111111,62,8,8,75.66666667,64,17.55555556,87,23,87,40.88856033,134.3606,36.49047989,150.36,15.9994,15.9994,313.5833333,1290.2,345.0444444,1345,54.8,54.8,13.66666667,13,3.555555556,16,3,16,2.833333333,4,1.111111111,6,2,2,94.83333333,132,38.44444444,198,66,66,2.853333333,2.27,0.782222222,3.44,1.17,3.44,2,0,0,2,2,2,3.166666667,4,1.111111111,4,0,4,0,0,0,0,0,0,1,6,1.666666667,6,0,0,6.166666667,3,0.611111111,8,5,6,0,0,0,0,0,0,1.833333333,3,0.611111111,3,0,2,0,0,0,0,0,0,1.333333333,8,2.222222222,8,0,0,3.166666667,6,1.611111111,8,2,2,15.37003968,24.125,8.353386243,33.23,9.105,9.105,0.270833333,1.625,0.451388889,1.625,0,0,0,0,0,0,0,0,36,164,43.33333333,166,2,12,0.324324324,0.513513514,0,0.162162162,1,0.724240177,0.245525047,None
SmPO4,1.72,752,3,0.707106781,0.673540003,0.66692688,0.666678292,0.666666794,18.16666667,54,14.61111111,62,8,8,75.66666667,64,17.55555556,87,23,87,40.88856033,134.3606,36.49047989,150.36,15.9994,15.9994,313.5833333,1290.2,345.0444444,1345,54.8,54.8,13.66666667,13,3.555555556,16,3,16,2.833333333,4,1.111111111,6,2,2,94.83333333,132,38.44444444,198,66,66,2.853333333,2.27,0.782222222,3.44,1.17,3.44,2,0,0,2,2,2,3.166666667,4,1.111111111,4,0,4,0,0,0,0,0,0,1,6,1.666666667,6,0,0,6.166666667,3,0.611111111,8,5,6,0,0,0,0,0,0,1.833333333,3,0.611111111,3,0,2,0,0,0,0,0,0,1.333333333,8,2.222222222,8,0,0,3.166666667,6,1.611111111,8,2,2,15.37003968,24.125,8.353386243,33.23,9.105,9.105,0.270833333,1.625,0.451388889,1.625,0,0,0,0,0,0,0,0,36,164,43.33333333,166,2,12,0.324324324,0.513513514,0,0.162162162,1,0.724240177,0.245525047,None
SmPO4,1.54,1112,3,0.707106781,0.673540003,0.66692688,0.666678292,0.666666794,18.16666667,54,14.61111111,62,8,8,75.66666667,64,17.55555556,87,23,87,40.88856033,134.3606,36.49047989,150.36,15.9994,15.9994,313.5833333,1290.2,345.0444444,1345,54.8,54.8,13.66666667,13,3.555555556,16,3,16,2.833333333,4,1.111111111,6,2,2,94.83333333,132,38.44444444,198,66,66,2.853333333,2.27,0.782222222,3.44,1.17,3.44,2,0,0,2,2,2,3.166666667,4,1.111111111,4,0,4,0,0,0,0,0,0,1,6,1.666666667,6,0,0,6.166666667,3,0.611111111,8,5,6,0,0,0,0,0,0,1.833333333,3,0.611111111,3,0,2,0,0,0,0,0,0,1.333333333,8,2.222222222,8,0,0,3.166666667,6,1.611111111,8,2,2,15.37003968,24.125,8.353386243,33.23,9.105,9.105,0.270833333,1.625,0.451388889,1.625,0,0,0,0,0,0,0,0,36,164,43.33333333,166,2,12,0.324324324,0.513513514,0,0.162162162,1,0.724240177,0.245525047,None
SmPO4,1.47,1472,3,0.707106781,0.673540003,0.66692688,0.666678292,0.666666794,18.16666667,54,14.61111111,62,8,8,75.66666667,64,17.55555556,87,23,87,40.88856033,134.3606,36.49047989,150.36,15.9994,15.9994,313.5833333,1290.2,345.0444444,1345,54.8,54.8,13.66666667,13,3.555555556,16,3,16,2.833333333,4,1.111111111,6,2,2,94.83333333,132,38.44444444,198,66,66,2.853333333,2.27,0.782222222,3.44,1.17,3.44,2,0,0,2,2,2,3.166666667,4,1.111111111,4,0,4,0,0,0,0,0,0,1,6,1.666666667,6,0,0,6.166666667,3,0.611111111,8,5,6,0,0,0,0,0,0,1.833333333,3,0.611111111,3,0,2,0,0,0,0,0,0,1.333333333,8,2.222222222,8,0,0,3.166666667,6,1.611111111,8,2,2,15.37003968,24.125,8.353386243,33.23,9.105,9.105,0.270833333,1.625,0.451388889,1.625,0,0,0,0,0,0,0,0,36,164,43.33333333,166,2,12,0.324324324,0.513513514,0,0.162162162,1,0.724240177,0.245525047,None
SmPO4,1.49,1832,3,0.707106781,0.673540003,0.66692688,0.666678292,0.666666794,18.16666667,54,14.61111111,62,8,8,75.66666667,64,17.55555556,87,23,87,40.88856033,134.3606,36.49047989,150.36,15.9994,15.9994,313.5833333,1290.2,345.0444444,1345,54.8,54.8,13.66666667,13,3.555555556,16,3,16,2.833333333,4,1.111111111,6,2,2,94.83333333,132,38.44444444,198,66,66,2.853333333,2.27,0.782222222,3.44,1.17,3.44,2,0,0,2,2,2,3.166666667,4,1.111111111,4,0,4,0,0,0,0,0,0,1,6,1.666666667,6,0,0,6.166666667,3,0.611111111,8,5,6,0,0,0,0,0,0,1.833333333,3,0.611111111,3,0,2,0,0,0,0,0,0,1.333333333,8,2.222222222,8,0,0,3.166666667,6,1.611111111,8,2,2,15.37003968,24.125,8.353386243,33.23,9.105,9.105,0.270833333,1.625,0.451388889,1.625,0,0,0,0,0,0,0,0,36,164,43.33333333,166,2,12,0.324324324,0.513513514,0,0.162162162,1,0.724240177,0.245525047,None
EuPO4,2.99,77,3,0.707106781,0.673540003,0.66692688,0.666678292,0.666666794,18.33333333,55,14.88888889,63,8,8,76,62,17,87,25,87,41.15589367,135.9646,36.93603544,151.964,15.9994,15.9994,271.9166667,1040.2,289.4888889,1095,54.8,54.8,13.66666667,13,3.555555556,16,3,16,2.833333333,4,1.111111111,6,2,2,94.83333333,132,38.44444444,198,66,66,2.855833333,2.255,0.778888889,3.44,1.185,3.44,2,0,0,2,2,2,3.166666667,4,1.111111111,4,0,4,0,0,0,0,0,0,1.166666667,7,1.944444444,7,0,0,6.333333333,4,0.888888889,9,5,6,0,0,0,0,0,0,1.833333333,3,0.611111111,3,0,2,0,0,0,0,0,0,1.166666667,7,1.944444444,7,0,0,3,5,1.333333333,7,2,2,15.90837302,27.355,9.071164021,36.46,9.105,9.105,0.270833333,1.625,0.451388889,1.625,0,0,0,0,0,0,0,0,46.5,227,60.83333333,229,2,12,0.315789474,0.5,0,0.184210526,1,0.719520951,0.244149837,None
EuPO4,2.14,392,3,0.707106781,0.673540003,0.66692688,0.666678292,0.666666794,18.33333333,55,14.88888889,63,8,8,76,62,17,87,25,87,41.15589367,135.9646,36.93603544,151.964,15.9994,15.9994,271.9166667,1040.2,289.4888889,1095,54.8,54.8,13.66666667,13,3.555555556,16,3,16,2.833333333,4,1.111111111,6,2,2,94.83333333,132,38.44444444,198,66,66,2.855833333,2.255,0.778888889,3.44,1.185,3.44,2,0,0,2,2,2,3.166666667,4,1.111111111,4,0,4,0,0,0,0,0,0,1.166666667,7,1.944444444,7,0,0,6.333333333,4,0.888888889,9,5,6,0,0,0,0,0,0,1.833333333,3,0.611111111,3,0,2,0,0,0,0,0,0,1.166666667,7,1.944444444,7,0,0,3,5,1.333333333,7,2,2,15.90837302,27.355,9.071164021,36.46,9.105,9.105,0.270833333,1.625,0.451388889,1.625,0,0,0,0,0,0,0,0,46.5,227,60.83333333,229,2,12,0.315789474,0.5,0,0.184210526,1,0.719520951,0.244149837,None
EuPO4,1.73,752,3,0.707106781,0.673540003,0.66692688,0.666678292,0.666666794,18.33333333,55,14.88888889,63,8,8,76,62,17,87,25,87,41.15589367,135.9646,36.93603544,151.964,15.9994,15.9994,271.9166667,1040.2,289.4888889,1095,54.8,54.8,13.66666667,13,3.555555556,16,3,16,2.833333333,4,1.111111111,6,2,2,94.83333333,132,38.44444444,198,66,66,2.855833333,2.255,0.778888889,3.44,1.185,3.44,2,0,0,2,2,2,3.166666667,4,1.111111111,4,0,4,0,0,0,0,0,0,1.166666667,7,1.944444444,7,0,0,6.333333333,4,0.888888889,9,5,6,0,0,0,0,0,0,1.833333333,3,0.611111111,3,0,2,0,0,0,0,0,0,1.166666667,7,1.944444444,7,0,0,3,5,1.333333333,7,2,2,15.90837302,27.355,9.071164021,36.46,9.105,9.105,0.270833333,1.625,0.451388889,1.625,0,0,0,0,0,0,0,0,46.5,227,60.83333333,229,2,12,0.315789474,0.5,0,0.184210526,1,0.719520951,0.244149837,None
EuPO4,1.57,1112,3,0.707106781,0.673540003,0.66692688,0.666678292,0.666666794,18.33333333,55,14.88888889,63,8,8,76,62,17,87,25,87,41.15589367,135.9646,36.93603544,151.964,15.9994,15.9994,271.9166667,1040.2,289.4888889,1095,54.8,54.8,13.66666667,13,3.555555556,16,3,16,2.833333333,4,1.111111111,6,2,2,94.83333333,132,38.44444444,198,66,66,2.855833333,2.255,0.778888889,3.44,1.185,3.44,2,0,0,2,2,2,3.166666667,4,1.111111111,4,0,4,0,0,0,0,0,0,1.166666667,7,1.944444444,7,0,0,6.333333333,4,0.888888889,9,5,6,0,0,0,0,0,0,1.833333333,3,0.611111111,3,0,2,0,0,0,0,0,0,1.166666667,7,1.944444444,7,0,0,3,5,1.333333333,7,2,2,15.90837302,27.355,9.071164021,36.46,9.105,9.105,0.270833333,1.625,0.451388889,1.625,0,0,0,0,0,0,0,0,46.5,227,60.83333333,229,2,12,0.315789474,0.5,0,0.184210526,1,0.719520951,0.244149837,None
EuPO4,1.6,1472,3,0.707106781,0.673540003,0.66692688,0.666678292,0.666666794,18.33333333,55,14.88888889,63,8,8,76,62,17,87,25,87,41.15589367,135.9646,36.93603544,151.964,15.9994,15.9994,271.9166667,1040.2,289.4888889,1095,54.8,54.8,13.66666667,13,3.555555556,16,3,16,2.833333333,4,1.111111111,6,2,2,94.83333333,132,38.44444444,198,66,66,2.855833333,2.255,0.778888889,3.44,1.185,3.44,2,0,0,2,2,2,3.166666667,4,1.111111111,4,0,4,0,0,0,0,0,0,1.166666667,7,1.944444444,7,0,0,6.333333333,4,0.888888889,9,5,6,0,0,0,0,0,0,1.833333333,3,0.611111111,3,0,2,0,0,0,0,0,0,1.166666667,7,1.944444444,7,0,0,3,5,1.333333333,7,2,2,15.90837302,27.355,9.071164021,36.46,9.105,9.105,0.270833333,1.625,0.451388889,1.625,0,0,0,0,0,0,0,0,46.5,227,60.83333333,229,2,12,0.315789474,0.5,0,0.184210526,1,0.719520951,0.244149837,None
EuPO4,1.69,1832,3,0.707106781,0.673540003,0.66692688,0.666678292,0.666666794,18.33333333,55,14.88888889,63,8,8,76,62,17,87,25,87,41.15589367,135.9646,36.93603544,151.964,15.9994,15.9994,271.9166667,1040.2,289.4888889,1095,54.8,54.8,13.66666667,13,3.555555556,16,3,16,2.833333333,4,1.111111111,6,2,2,94.83333333,132,38.44444444,198,66,66,2.855833333,2.255,0.778888889,3.44,1.185,3.44,2,0,0,2,2,2,3.166666667,4,1.111111111,4,0,4,0,0,0,0,0,0,1.166666667,7,1.944444444,7,0,0,6.333333333,4,0.888888889,9,5,6,0,0,0,0,0,0,1.833333333,3,0.611111111,3,0,2,0,0,0,0,0,0,1.166666667,7,1.944444444,7,0,0,3,5,1.333333333,7,2,2,15.90837302,27.355,9.071164021,36.46,9.105,9.105,0.270833333,1.625,0.451388889,1.625,0,0,0,0,0,0,0,0,46.5,227,60.83333333,229,2,12,0.315789474,0.5,0,0.184210526,1,0.719520951,0.244149837,None
GdPO4,3.22,77,3,0.707106781,0.673540003,0.66692688,0.666678292,0.666666794,18.5,56,15.16666667,64,8,8,76.33333333,60,16.44444444,87,27,87,42.03689367,141.2506,38.40436878,157.25,15.9994,15.9994,353.75,1531.2,410.75,1586,54.8,54.8,13.66666667,13,3.555555556,16,3,16,2.833333333,4,1.111111111,6,2,2,94.5,130,38,196,66,66,2.858333333,2.24,0.775555556,3.44,1.2,3.44,2,0,0,2,2,2,3.166666667,4,1.111111111,4,0,4,0.166666667,1,0.277777778,1,0,0,1.166666667,7,1.944444444,7,0,0,6.5,5,1.166666667,10,5,6,0,0,0,0,0,0,1.833333333,3,0.611111111,3,0,2,1.5,9,2.5,9,0,0,1.166666667,7,1.944444444,7,0,0,4.5,14,3.833333333,16,2,2,15.17337302,22.945,8.091164021,32.05,9.105,9.105,0.270833333,1.625,0.451388889,1.625,0,0,0,0,0,0,0,0,40.66666667,192,51.11111111,194,2,12,0.307692308,0.487179487,0.025641026,0.179487179,1,0.714753055,0.242766215,None
GdPO4,2.36,392,3,0.707106781,0.673540003,0.66692688,0.666678292,0.666666794,18.5,56,15.16666667,64,8,8,76.33333333,60,16.44444444,87,27,87,42.03689367,141.2506,38.40436878,157.25,15.9994,15.9994,353.75,1531.2,410.75,1586,54.8,54.8,13.66666667,13,3.555555556,16,3,16,2.833333333,4,1.111111111,6,2,2,94.5,130,38,196,66,66,2.858333333,2.24,0.775555556,3.44,1.2,3.44,2,0,0,2,2,2,3.166666667,4,1.111111111,4,0,4,0.166666667,1,0.277777778,1,0,0,1.166666667,7,1.944444444,7,0,0,6.5,5,1.166666667,10,5,6,0,0,0,0,0,0,1.833333333,3,0.611111111,3,0,2,1.5,9,2.5,9,0,0,1.166666667,7,1.944444444,7,0,0,4.5,14,3.833333333,16,2,2,15.17337302,22.945,8.091164021,32.05,9.105,9.105,0.270833333,1.625,0.451388889,1.625,0,0,0,0,0,0,0,0,40.66666667,192,51.11111111,194,2,12,0.307692308,0.487179487,0.025641026,0.179487179,1,0.714753055,0.242766215,None
GdPO4,1.86,752,3,0.707106781,0.673540003,0.66692688,0.666678292,0.666666794,18.5,56,15.16666667,64,8,8,76.33333333,60,16.44444444,87,27,87,42.03689367,141.2506,38.40436878,157.25,15.9994,15.9994,353.75,1531.2,410.75,1586,54.8,54.8,13.66666667,13,3.555555556,16,3,16,2.833333333,4,1.111111111,6,2,2,94.5,130,38,196,66,66,2.858333333,2.24,0.775555556,3.44,1.2,3.44,2,0,0,2,2,2,3.166666667,4,1.111111111,4,0,4,0.166666667,1,0.277777778,1,0,0,1.166666667,7,1.944444444,7,0,0,6.5,5,1.166666667,10,5,6,0,0,0,0,0,0,1.833333333,3,0.611111111,3,0,2,1.5,9,2.5,9,0,0,1.166666667,7,1.944444444,7,0,0,4.5,14,3.833333333,16,2,2,15.17337302,22.945,8.091164021,32.05,9.105,9.105,0.270833333,1.625,0.451388889,1.625,0,0,0,0,0,0,0,0,40.66666667,192,51.11111111,194,2,12,0.307692308,0.487179487,0.025641026,0.179487179,1,0.714753055,0.242766215,None
GdPO4,1.66,1112,3,0.707106781,0.673540003,0.66692688,0.666678292,0.666666794,18.5,56,15.16666667,64,8,8,76.33333333,60,16.44444444,87,27,87,42.03689367,141.2506,38.40436878,157.25,15.9994,15.9994,353.75,1531.2,410.75,1586,54.8,54.8,13.66666667,13,3.555555556,16,3,16,2.833333333,4,1.111111111,6,2,2,94.5,130,38,196,66,66,2.858333333,2.24,0.775555556,3.44,1.2,3.44,2,0,0,2,2,2,3.166666667,4,1.111111111,4,0,4,0.166666667,1,0.277777778,1,0,0,1.166666667,7,1.944444444,7,0,0,6.5,5,1.166666667,10,5,6,0,0,0,0,0,0,1.833333333,3,0.611111111,3,0,2,1.5,9,2.5,9,0,0,1.166666667,7,1.944444444,7,0,0,4.5,14,3.833333333,16,2,2,15.17337302,22.945,8.091164021,32.05,9.105,9.105,0.270833333,1.625,0.451388889,1.625,0,0,0,0,0,0,0,0,40.66666667,192,51.11111111,194,2,12,0.307692308,0.487179487,0.025641026,0.179487179,1,0.714753055,0.242766215,None
GdPO4,1.68,1472,3,0.707106781,0.673540003,0.66692688,0.666678292,0.666666794,18.5,56,15.16666667,64,8,8,76.33333333,60,16.44444444,87,27,87,42.03689367,141.2506,38.40436878,157.25,15.9994,15.9994,353.75,1531.2,410.75,1586,54.8,54.8,13.66666667,13,3.555555556,16,3,16,2.833333333,4,1.111111111,6,2,2,94.5,130,38,196,66,66,2.858333333,2.24,0.775555556,3.44,1.2,3.44,2,0,0,2,2,2,3.166666667,4,1.111111111,4,0,4,0.166666667,1,0.277777778,1,0,0,1.166666667,7,1.944444444,7,0,0,6.5,5,1.166666667,10,5,6,0,0,0,0,0,0,1.833333333,3,0.611111111,3,0,2,1.5,9,2.5,9,0,0,1.166666667,7,1.944444444,7,0,0,4.5,14,3.833333333,16,2,2,15.17337302,22.945,8.091164021,32.05,9.105,9.105,0.270833333,1.625,0.451388889,1.625,0,0,0,0,0,0,0,0,40.66666667,192,51.11111111,194,2,12,0.307692308,0.487179487,0.025641026,0.179487179,1,0.714753055,0.242766215,None
GdPO4,1.93,1832,3,0.707106781,0.673540003,0.66692688,0.666678292,0.666666794,18.5,56,15.16666667,64,8,8,76.33333333,60,16.44444444,87,27,87,42.03689367,141.2506,38.40436878,157.25,15.9994,15.9994,353.75,1531.2,410.75,1586,54.8,54.8,13.66666667,13,3.555555556,16,3,16,2.833333333,4,1.111111111,6,2,2,94.5,130,38,196,66,66,2.858333333,2.24,0.775555556,3.44,1.2,3.44,2,0,0,2,2,2,3.166666667,4,1.111111111,4,0,4,0.166666667,1,0.277777778,1,0,0,1.166666667,7,1.944444444,7,0,0,6.5,5,1.166666667,10,5,6,0,0,0,0,0,0,1.833333333,3,0.611111111,3,0,2,1.5,9,2.5,9,0,0,1.166666667,7,1.944444444,7,0,0,4.5,14,3.833333333,16,2,2,15.17337302,22.945,8.091164021,32.05,9.105,9.105,0.270833333,1.625,0.451388889,1.625,0,0,0,0,0,0,0,0,40.66666667,192,51.11111111,194,2,12,0.307692308,0.487179487,0.025641026,0.179487179,1,0.714753055,0.242766215,None
GdTaO4,3.6,380,3,0.707106781,0.673540003,0.66692688,0.666678292,0.666666794,28.16666667,65,26.88888889,73,8,8,70.5,60,22,87,27,87,67.03258,164.94848,68.04424,180.94788,15.9994,15.9994,849.2,3235.2,1059.2,3290,54.8,54.8,12,13,5.333333333,16,3,16,3.333333333,4,1.777777778,6,2,2,105,130,52,196,66,66,2.743333333,2.24,0.928888889,3.44,1.2,3.44,2,0,0,2,2,2,2.666666667,4,1.777777778,4,0,4,0.666666667,3,0.888888889,3,0,0,3.5,14,4.666666667,14,0,0,8.833333333,13,3.777777778,19,6,6,0,0,0,0,0,0,1.333333333,2,0.888888889,2,0,2,2.666666667,9,3.555555556,9,0,0,1.166666667,7,1.944444444,7,0,0,5.166666667,14,4.222222222,16,2,2,14.43166667,22.945,7.102222222,32.05,9.105,9.105,0,0,0,0,0,0,0,0,0,0,0,0,78.5,217,88.66666667,229,12,12,0.226415094,0.301886792,0.075471698,0.396226415,1,0.714753055,0.295564182,None
GdTaO4,3.1,480,3,0.707106781,0.673540003,0.66692688,0.666678292,0.666666794,28.16666667,65,26.88888889,73,8,8,70.5,60,22,87,27,87,67.03258,164.94848,68.04424,180.94788,15.9994,15.9994,849.2,3235.2,1059.2,3290,54.8,54.8,12,13,5.333333333,16,3,16,3.333333333,4,1.777777778,6,2,2,105,130,52,196,66,66,2.743333333,2.24,0.928888889,3.44,1.2,3.44,2,0,0,2,2,2,2.666666667,4,1.777777778,4,0,4,0.666666667,3,0.888888889,3,0,0,3.5,14,4.666666667,14,0,0,8.833333333,13,3.777777778,19,6,6,0,0,0,0,0,0,1.333333333,2,0.888888889,2,0,2,2.666666667,9,3.555555556,9,0,0,1.166666667,7,1.944444444,7,0,0,5.166666667,14,4.222222222,16,2,2,14.43166667,22.945,7.102222222,32.05,9.105,9.105,0,0,0,0,0,0,0,0,0,0,0,0,78.5,217,88.66666667,229,12,12,0.226415094,0.301886792,0.075471698,0.396226415,1,0.714753055,0.295564182,None
GdTaO4,2.6,580,3,0.707106781,0.673540003,0.66692688,0.666678292,0.666666794,28.16666667,65,26.88888889,73,8,8,70.5,60,22,87,27,87,67.03258,164.94848,68.04424,180.94788,15.9994,15.9994,849.2,3235.2,1059.2,3290,54.8,54.8,12,13,5.333333333,16,3,16,3.333333333,4,1.777777778,6,2,2,105,130,52,196,66,66,2.743333333,2.24,0.928888889,3.44,1.2,3.44,2,0,0,2,2,2,2.666666667,4,1.777777778,4,0,4,0.666666667,3,0.888888889,3,0,0,3.5,14,4.666666667,14,0,0,8.833333333,13,3.777777778,19,6,6,0,0,0,0,0,0,1.333333333,2,0.888888889,2,0,2,2.666666667,9,3.555555556,9,0,0,1.166666667,7,1.944444444,7,0,0,5.166666667,14,4.222222222,16,2,2,14.43166667,22.945,7.102222222,32.05,9.105,9.105,0,0,0,0,0,0,0,0,0,0,0,0,78.5,217,88.66666667,229,12,12,0.226415094,0.301886792,0.075471698,0.396226415,1,0.714753055,0.295564182,None
GdTaO4,2.4,680,3,0.707106781,0.673540003,0.66692688,0.666678292,0.666666794,28.16666667,65,26.88888889,73,8,8,70.5,60,22,87,27,87,67.03258,164.94848,68.04424,180.94788,15.9994,15.9994,849.2,3235.2,1059.2,3290,54.8,54.8,12,13,5.333333333,16,3,16,3.333333333,4,1.777777778,6,2,2,105,130,52,196,66,66,2.743333333,2.24,0.928888889,3.44,1.2,3.44,2,0,0,2,2,2,2.666666667,4,1.777777778,4,0,4,0.666666667,3,0.888888889,3,0,0,3.5,14,4.666666667,14,0,0,8.833333333,13,3.777777778,19,6,6,0,0,0,0,0,0,1.333333333,2,0.888888889,2,0,2,2.666666667,9,3.555555556,9,0,0,1.166666667,7,1.944444444,7,0,0,5.166666667,14,4.222222222,16,2,2,14.43166667,22.945,7.102222222,32.05,9.105,9.105,0,0,0,0,0,0,0,0,0,0,0,0,78.5,217,88.66666667,229,12,12,0.226415094,0.301886792,0.075471698,0.396226415,1,0.714753055,0.295564182,None
GdTaO4,2.2,780,3,0.707106781,0.673540003,0.66692688,0.666678292,0.666666794,28.16666667,65,26.88888889,73,8,8,70.5,60,22,87,27,87,67.03258,164.94848,68.04424,180.94788,15.9994,15.9994,849.2,3235.2,1059.2,3290,54.8,54.8,12,13,5.333333333,16,3,16,3.333333333,4,1.777777778,6,2,2,105,130,52,196,66,66,2.743333333,2.24,0.928888889,3.44,1.2,3.44,2,0,0,2,2,2,2.666666667,4,1.777777778,4,0,4,0.666666667,3,0.888888889,3,0,0,3.5,14,4.666666667,14,0,0,8.833333333,13,3.777777778,19,6,6,0,0,0,0,0,0,1.333333333,2,0.888888889,2,0,2,2.666666667,9,3.555555556,9,0,0,1.166666667,7,1.944444444,7,0,0,5.166666667,14,4.222222222,16,2,2,14.43166667,22.945,7.102222222,32.05,9.105,9.105,0,0,0,0,0,0,0,0,0,0,0,0,78.5,217,88.66666667,229,12,12,0.226415094,0.301886792,0.075471698,0.396226415,1,0.714753055,0.295564182,None
GdTaO4,2,880,3,0.707106781,0.673540003,0.66692688,0.666678292,0.666666794,28.16666667,65,26.88888889,73,8,8,70.5,60,22,87,27,87,67.03258,164.94848,68.04424,180.94788,15.9994,15.9994,849.2,3235.2,1059.2,3290,54.8,54.8,12,13,5.333333333,16,3,16,3.333333333,4,1.777777778,6,2,2,105,130,52,196,66,66,2.743333333,2.24,0.928888889,3.44,1.2,3.44,2,0,0,2,2,2,2.666666667,4,1.777777778,4,0,4,0.666666667,3,0.888888889,3,0,0,3.5,14,4.666666667,14,0,0,8.833333333,13,3.777777778,19,6,6,0,0,0,0,0,0,1.333333333,2,0.888888889,2,0,2,2.666666667,9,3.555555556,9,0,0,1.166666667,7,1.944444444,7,0,0,5.166666667,14,4.222222222,16,2,2,14.43166667,22.945,7.102222222,32.05,9.105,9.105,0,0,0,0,0,0,0,0,0,0,0,0,78.5,217,88.66666667,229,12,12,0.226415094,0.301886792,0.075471698,0.396226415,1,0.714753055,0.295564182,None
GdTaO4,1.9,980,3,0.707106781,0.673540003,0.66692688,0.666678292,0.666666794,28.16666667,65,26.88888889,73,8,8,70.5,60,22,87,27,87,67.03258,164.94848,68.04424,180.94788,15.9994,15.9994,849.2,3235.2,1059.2,3290,54.8,54.8,12,13,5.333333333,16,3,16,3.333333333,4,1.777777778,6,2,2,105,130,52,196,66,66,2.743333333,2.24,0.928888889,3.44,1.2,3.44,2,0,0,2,2,2,2.666666667,4,1.777777778,4,0,4,0.666666667,3,0.888888889,3,0,0,3.5,14,4.666666667,14,0,0,8.833333333,13,3.777777778,19,6,6,0,0,0,0,0,0,1.333333333,2,0.888888889,2,0,2,2.666666667,9,3.555555556,9,0,0,1.166666667,7,1.944444444,7,0,0,5.166666667,14,4.222222222,16,2,2,14.43166667,22.945,7.102222222,32.05,9.105,9.105,0,0,0,0,0,0,0,0,0,0,0,0,78.5,217,88.66666667,229,12,12,0.226415094,0.301886792,0.075471698,0.396226415,1,0.714753055,0.295564182,None
GdTaO4,1.8,1080,3,0.707106781,0.673540003,0.66692688,0.666678292,0.666666794,28.16666667,65,26.88888889,73,8,8,70.5,60,22,87,27,87,67.03258,164.94848,68.04424,180.94788,15.9994,15.9994,849.2,3235.2,1059.2,3290,54.8,54.8,12,13,5.333333333,16,3,16,3.333333333,4,1.777777778,6,2,2,105,130,52,196,66,66,2.743333333,2.24,0.928888889,3.44,1.2,3.44,2,0,0,2,2,2,2.666666667,4,1.777777778,4,0,4,0.666666667,3,0.888888889,3,0,0,3.5,14,4.666666667,14,0,0,8.833333333,13,3.777777778,19,6,6,0,0,0,0,0,0,1.333333333,2,0.888888889,2,0,2,2.666666667,9,3.555555556,9,0,0,1.166666667,7,1.944444444,7,0,0,5.166666667,14,4.222222222,16,2,2,14.43166667,22.945,7.102222222,32.05,9.105,9.105,0,0,0,0,0,0,0,0,0,0,0,0,78.5,217,88.66666667,229,12,12,0.226415094,0.301886792,0.075471698,0.396226415,1,0.714753055,0.295564182,None
Dy3NbO7,1,300,3,0.698285977,0.653228741,0.638200714,0.63660489,0.636376938,26.81818182,58,23.95041322,66,8,8,68.09090909,56,24.0661157,87,31,87,62.94565273,146.5006,59.7497762,162.5,15.9994,15.9994,744.4181818,2695.2,877.6958678,2750,54.8,54.8,11.45454545,13,5.785123967,16,3,16,3.363636364,4,1.73553719,6,2,2,109.2727273,126,55.07438017,192,66,66,2.667272727,2.22,0.983471074,3.44,1.22,3.44,1.909090909,1,0.165289256,2,1,2,2.545454545,4,1.851239669,4,0,4,0.363636364,4,0.661157025,4,0,0,2.727272727,10,3.966942149,10,0,0,7.545454545,7,2.429752066,12,5,6,0.090909091,1,0.165289256,1,0,0,1.272727273,2,0.925619835,2,0,2,0.545454545,6,0.991735537,6,0,0,1.090909091,4,1.58677686,4,0,0,3,5,1.272727273,7,2,2,15.96681818,22.135,8.73322314,31.24,9.105,9.105,0,0,0,0,0,0,0,0,0,0,0,0,81.36363636,217,88.28099174,229,12,12,0.253012048,0.337349398,0.048192771,0.361445783,1,0.708320593,0.313692664,None
Dy3NbO7,1.15,380,3,0.698285977,0.653228741,0.638200714,0.63660489,0.636376938,26.81818182,58,23.95041322,66,8,8,68.09090909,56,24.0661157,87,31,87,62.94565273,146.5006,59.7497762,162.5,15.9994,15.9994,744.4181818,2695.2,877.6958678,2750,54.8,54.8,11.45454545,13,5.785123967,16,3,16,3.363636364,4,1.73553719,6,2,2,109.2727273,126,55.07438017,192,66,66,2.667272727,2.22,0.983471074,3.44,1.22,3.44,1.909090909,1,0.165289256,2,1,2,2.545454545,4,1.851239669,4,0,4,0.363636364,4,0.661157025,4,0,0,2.727272727,10,3.966942149,10,0,0,7.545454545,7,2.429752066,12,5,6,0.090909091,1,0.165289256,1,0,0,1.272727273,2,0.925619835,2,0,2,0.545454545,6,0.991735537,6,0,0,1.090909091,4,1.58677686,4,0,0,3,5,1.272727273,7,2,2,15.96681818,22.135,8.73322314,31.24,9.105,9.105,0,0,0,0,0,0,0,0,0,0,0,0,81.36363636,217,88.28099174,229,12,12,0.253012048,0.337349398,0.048192771,0.361445783,1,0.708320593,0.313692664,None
Dy3NbO7,1.2,480,3,0.698285977,0.653228741,0.638200714,0.63660489,0.636376938,26.81818182,58,23.95041322,66,8,8,68.09090909,56,24.0661157,87,31,87,62.94565273,146.5006,59.7497762,162.5,15.9994,15.9994,744.4181818,2695.2,877.6958678,2750,54.8,54.8,11.45454545,13,5.785123967,16,3,16,3.363636364,4,1.73553719,6,2,2,109.2727273,126,55.07438017,192,66,66,2.667272727,2.22,0.983471074,3.44,1.22,3.44,1.909090909,1,0.165289256,2,1,2,2.545454545,4,1.851239669,4,0,4,0.363636364,4,0.661157025,4,0,0,2.727272727,10,3.966942149,10,0,0,7.545454545,7,2.429752066,12,5,6,0.090909091,1,0.165289256,1,0,0,1.272727273,2,0.925619835,2,0,2,0.545454545,6,0.991735537,6,0,0,1.090909091,4,1.58677686,4,0,0,3,5,1.272727273,7,2,2,15.96681818,22.135,8.73322314,31.24,9.105,9.105,0,0,0,0,0,0,0,0,0,0,0,0,81.36363636,217,88.28099174,229,12,12,0.253012048,0.337349398,0.048192771,0.361445783,1,0.708320593,0.313692664,None
Dy3NbO7,1.2,580,3,0.698285977,0.653228741,0.638200714,0.63660489,0.636376938,26.81818182,58,23.95041322,66,8,8,68.09090909,56,24.0661157,87,31,87,62.94565273,146.5006,59.7497762,162.5,15.9994,15.9994,744.4181818,2695.2,877.6958678,2750,54.8,54.8,11.45454545,13,5.785123967,16,3,16,3.363636364,4,1.73553719,6,2,2,109.2727273,126,55.07438017,192,66,66,2.667272727,2.22,0.983471074,3.44,1.22,3.44,1.909090909,1,0.165289256,2,1,2,2.545454545,4,1.851239669,4,0,4,0.363636364,4,0.661157025,4,0,0,2.727272727,10,3.966942149,10,0,0,7.545454545,7,2.429752066,12,5,6,0.090909091,1,0.165289256,1,0,0,1.272727273,2,0.925619835,2,0,2,0.545454545,6,0.991735537,6,0,0,1.090909091,4,1.58677686,4,0,0,3,5,1.272727273,7,2,2,15.96681818,22.135,8.73322314,31.24,9.105,9.105,0,0,0,0,0,0,0,0,0,0,0,0,81.36363636,217,88.28099174,229,12,12,0.253012048,0.337349398,0.048192771,0.361445783,1,0.708320593,0.313692664,None
Dy3NbO7,1.25,680,3,0.698285977,0.653228741,0.638200714,0.63660489,0.636376938,26.81818182,58,23.95041322,66,8,8,68.09090909,56,24.0661157,87,31,87,62.94565273,146.5006,59.7497762,162.5,15.9994,15.9994,744.4181818,2695.2,877.6958678,2750,54.8,54.8,11.45454545,13,5.785123967,16,3,16,3.363636364,4,1.73553719,6,2,2,109.2727273,126,55.07438017,192,66,66,2.667272727,2.22,0.983471074,3.44,1.22,3.44,1.909090909,1,0.165289256,2,1,2,2.545454545,4,1.851239669,4,0,4,0.363636364,4,0.661157025,4,0,0,2.727272727,10,3.966942149,10,0,0,7.545454545,7,2.429752066,12,5,6,0.090909091,1,0.165289256,1,0,0,1.272727273,2,0.925619835,2,0,2,0.545454545,6,0.991735537,6,0,0,1.090909091,4,1.58677686,4,0,0,3,5,1.272727273,7,2,2,15.96681818,22.135,8.73322314,31.24,9.105,9.105,0,0,0,0,0,0,0,0,0,0,0,0,81.36363636,217,88.28099174,229,12,12,0.253012048,0.337349398,0.048192771,0.361445783,1,0.708320593,0.313692664,None
Dy3NbO7,1.3,780,3,0.698285977,0.653228741,0.638200714,0.63660489,0.636376938,26.81818182,58,23.95041322,66,8,8,68.09090909,56,24.0661157,87,31,87,62.94565273,146.5006,59.7497762,162.5,15.9994,15.9994,744.4181818,2695.2,877.6958678,2750,54.8,54.8,11.45454545,13,5.785123967,16,3,16,3.363636364,4,1.73553719,6,2,2,109.2727273,126,55.07438017,192,66,66,2.667272727,2.22,0.983471074,3.44,1.22,3.44,1.909090909,1,0.165289256,2,1,2,2.545454545,4,1.851239669,4,0,4,0.363636364,4,0.661157025,4,0,0,2.727272727,10,3.966942149,10,0,0,7.545454545,7,2.429752066,12,5,6,0.090909091,1,0.165289256,1,0,0,1.272727273,2,0.925619835,2,0,2,0.545454545,6,0.991735537,6,0,0,1.090909091,4,1.58677686,4,0,0,3,5,1.272727273,7,2,2,15.96681818,22.135,8.73322314,31.24,9.105,9.105,0,0,0,0,0,0,0,0,0,0,0,0,81.36363636,217,88.28099174,229,12,12,0.253012048,0.337349398,0.048192771,0.361445783,1,0.708320593,0.313692664,None
Dy3NbO7,1.35,880,3,0.698285977,0.653228741,0.638200714,0.63660489,0.636376938,26.81818182,58,23.95041322,66,8,8,68.09090909,56,24.0661157,87,31,87,62.94565273,146.5006,59.7497762,162.5,15.9994,15.9994,744.4181818,2695.2,877.6958678,2750,54.8,54.8,11.45454545,13,5.785123967,16,3,16,3.363636364,4,1.73553719,6,2,2,109.2727273,126,55.07438017,192,66,66,2.667272727,2.22,0.983471074,3.44,1.22,3.44,1.909090909,1,0.165289256,2,1,2,2.545454545,4,1.851239669,4,0,4,0.363636364,4,0.661157025,4,0,0,2.727272727,10,3.966942149,10,0,0,7.545454545,7,2.429752066,12,5,6,0.090909091,1,0.165289256,1,0,0,1.272727273,2,0.925619835,2,0,2,0.545454545,6,0.991735537,6,0,0,1.090909091,4,1.58677686,4,0,0,3,5,1.272727273,7,2,2,15.96681818,22.135,8.73322314,31.24,9.105,9.105,0,0,0,0,0,0,0,0,0,0,0,0,81.36363636,217,88.28099174,229,12,12,0.253012048,0.337349398,0.048192771,0.361445783,1,0.708320593,0.313692664,None
Dy3NbO7,1.4,980,3,0.698285977,0.653228741,0.638200714,0.63660489,0.636376938,26.81818182,58,23.95041322,66,8,8,68.09090909,56,24.0661157,87,31,87,62.94565273,146.5006,59.7497762,162.5,15.9994,15.9994,744.4181818,2695.2,877.6958678,2750,54.8,54.8,11.45454545,13,5.785123967,16,3,16,3.363636364,4,1.73553719,6,2,2,109.2727273,126,55.07438017,192,66,66,2.667272727,2.22,0.983471074,3.44,1.22,3.44,1.909090909,1,0.165289256,2,1,2,2.545454545,4,1.851239669,4,0,4,0.363636364,4,0.661157025,4,0,0,2.727272727,10,3.966942149,10,0,0,7.545454545,7,2.429752066,12,5,6,0.090909091,1,0.165289256,1,0,0,1.272727273,2,0.925619835,2,0,2,0.545454545,6,0.991735537,6,0,0,1.090909091,4,1.58677686,4,0,0,3,5,1.272727273,7,2,2,15.96681818,22.135,8.73322314,31.24,9.105,9.105,0,0,0,0,0,0,0,0,0,0,0,0,81.36363636,217,88.28099174,229,12,12,0.253012048,0.337349398,0.048192771,0.361445783,1,0.708320593,0.313692664,None
Dy3NbO7,1.4,1080,3,0.698285977,0.653228741,0.638200714,0.63660489,0.636376938,26.81818182,58,23.95041322,66,8,8,68.09090909,56,24.0661157,87,31,87,62.94565273,146.5006,59.7497762,162.5,15.9994,15.9994,744.4181818,2695.2,877.6958678,2750,54.8,54.8,11.45454545,13,5.785123967,16,3,16,3.363636364,4,1.73553719,6,2,2,109.2727273,126,55.07438017,192,66,66,2.667272727,2.22,0.983471074,3.44,1.22,3.44,1.909090909,1,0.165289256,2,1,2,2.545454545,4,1.851239669,4,0,4,0.363636364,4,0.661157025,4,0,0,2.727272727,10,3.966942149,10,0,0,7.545454545,7,2.429752066,12,5,6,0.090909091,1,0.165289256,1,0,0,1.272727273,2,0.925619835,2,0,2,0.545454545,6,0.991735537,6,0,0,1.090909091,4,1.58677686,4,0,0,3,5,1.272727273,7,2,2,15.96681818,22.135,8.73322314,31.24,9.105,9.105,0,0,0,0,0,0,0,0,0,0,0,0,81.36363636,217,88.28099174,229,12,12,0.253012048,0.337349398,0.048192771,0.361445783,1,0.708320593,0.313692664,None
Dy3NbO7,1.4,1180,3,0.698285977,0.653228741,0.638200714,0.63660489,0.636376938,26.81818182,58,23.95041322,66,8,8,68.09090909,56,24.0661157,87,31,87,62.94565273,146.5006,59.7497762,162.5,15.9994,15.9994,744.4181818,2695.2,877.6958678,2750,54.8,54.8,11.45454545,13,5.785123967,16,3,16,3.363636364,4,1.73553719,6,2,2,109.2727273,126,55.07438017,192,66,66,2.667272727,2.22,0.983471074,3.44,1.22,3.44,1.909090909,1,0.165289256,2,1,2,2.545454545,4,1.851239669,4,0,4,0.363636364,4,0.661157025,4,0,0,2.727272727,10,3.966942149,10,0,0,7.545454545,7,2.429752066,12,5,6,0.090909091,1,0.165289256,1,0,0,1.272727273,2,0.925619835,2,0,2,0.545454545,6,0.991735537,6,0,0,1.090909091,4,1.58677686,4,0,0,3,5,1.272727273,7,2,2,15.96681818,22.135,8.73322314,31.24,9.105,9.105,0,0,0,0,0,0,0,0,0,0,0,0,81.36363636,217,88.28099174,229,12,12,0.253012048,0.337349398,0.048192771,0.361445783,1,0.708320593,0.313692664,None
Dy3NbO7,1.35,1280,3,0.698285977,0.653228741,0.638200714,0.63660489,0.636376938,26.81818182,58,23.95041322,66,8,8,68.09090909,56,24.0661157,87,31,87,62.94565273,146.5006,59.7497762,162.5,15.9994,15.9994,744.4181818,2695.2,877.6958678,2750,54.8,54.8,11.45454545,13,5.785123967,16,3,16,3.363636364,4,1.73553719,6,2,2,109.2727273,126,55.07438017,192,66,66,2.667272727,2.22,0.983471074,3.44,1.22,3.44,1.909090909,1,0.165289256,2,1,2,2.545454545,4,1.851239669,4,0,4,0.363636364,4,0.661157025,4,0,0,2.727272727,10,3.966942149,10,0,0,7.545454545,7,2.429752066,12,5,6,0.090909091,1,0.165289256,1,0,0,1.272727273,2,0.925619835,2,0,2,0.545454545,6,0.991735537,6,0,0,1.090909091,4,1.58677686,4,0,0,3,5,1.272727273,7,2,2,15.96681818,22.135,8.73322314,31.24,9.105,9.105,0,0,0,0,0,0,0,0,0,0,0,0,81.36363636,217,88.28099174,229,12,12,0.253012048,0.337349398,0.048192771,0.361445783,1,0.708320593,0.313692664,None
Y3NbO7,1.4,300,3,0.698285977,0.653228741,0.638200714,0.63660489,0.636376938,19.45454545,33,14.5785124,41,8,8,62.90909091,75,30.66115702,87,12,87,42.87452091,76.90698,34.20469934,92.90638,15.9994,15.9994,775.5090909,2695.2,917.2661157,2750,54.8,54.8,11.45454545,13,5.785123967,16,3,16,3.090909091,3,1.388429752,5,2,2,108.7272727,124,54.38016529,190,66,66,2.667272727,2.22,0.983471074,3.44,1.22,3.44,1.909090909,1,0.165289256,2,1,2,2.545454545,4,1.851239669,4,0,4,0.636363636,4,0.809917355,4,0,0,0,0,0,0,0,0,5.090909091,3,1.157024793,6,3,6,0.090909091,1,0.165289256,1,0,0,1.272727273,2,0.925619835,2,0,2,3,9,3.818181818,9,0,0,0,0,0,0,0,0,4.363636364,7,3.008264463,9,2,2,16.27363636,23.26,9.123719008,32.365,9.105,9.105,0,0,0,0,0,0,0,0,0,0,0,0,81.36363636,217,88.28099174,229,12,12,0.375,0.5,0.125,0,1,0.708320593,0.313692664,None
Y3NbO7,1.5,380,3,0.698285977,0.653228741,0.638200714,0.63660489,0.636376938,19.45454545,33,14.5785124,41,8,8,62.90909091,75,30.66115702,87,12,87,42.87452091,76.90698,34.20469934,92.90638,15.9994,15.9994,775.5090909,2695.2,917.2661157,2750,54.8,54.8,11.45454545,13,5.785123967,16,3,16,3.090909091,3,1.388429752,5,2,2,108.7272727,124,54.38016529,190,66,66,2.667272727,2.22,0.983471074,3.44,1.22,3.44,1.909090909,1,0.165289256,2,1,2,2.545454545,4,1.851239669,4,0,4,0.636363636,4,0.809917355,4,0,0,0,0,0,0,0,0,5.090909091,3,1.157024793,6,3,6,0.090909091,1,0.165289256,1,0,0,1.272727273,2,0.925619835,2,0,2,3,9,3.818181818,9,0,0,0,0,0,0,0,0,4.363636364,7,3.008264463,9,2,2,16.27363636,23.26,9.123719008,32.365,9.105,9.105,0,0,0,0,0,0,0,0,0,0,0,0,81.36363636,217,88.28099174,229,12,12,0.375,0.5,0.125,0,1,0.708320593,0.313692664,None
Y3NbO7,1.45,480,3,0.698285977,0.653228741,0.638200714,0.63660489,0.636376938,19.45454545,33,14.5785124,41,8,8,62.90909091,75,30.66115702,87,12,87,42.87452091,76.90698,34.20469934,92.90638,15.9994,15.9994,775.5090909,2695.2,917.2661157,2750,54.8,54.8,11.45454545,13,5.785123967,16,3,16,3.090909091,3,1.388429752,5,2,2,108.7272727,124,54.38016529,190,66,66,2.667272727,2.22,0.983471074,3.44,1.22,3.44,1.909090909,1,0.165289256,2,1,2,2.545454545,4,1.851239669,4,0,4,0.636363636,4,0.809917355,4,0,0,0,0,0,0,0,0,5.090909091,3,1.157024793,6,3,6,0.090909091,1,0.165289256,1,0,0,1.272727273,2,0.925619835,2,0,2,3,9,3.818181818,9,0,0,0,0,0,0,0,0,4.363636364,7,3.008264463,9,2,2,16.27363636,23.26,9.123719008,32.365,9.105,9.105,0,0,0,0,0,0,0,0,0,0,0,0,81.36363636,217,88.28099174,229,12,12,0.375,0.5,0.125,0,1,0.708320593,0.313692664,None
Y3NbO7,1.52,580,3,0.698285977,0.653228741,0.638200714,0.63660489,0.636376938,19.45454545,33,14.5785124,41,8,8,62.90909091,75,30.66115702,87,12,87,42.87452091,76.90698,34.20469934,92.90638,15.9994,15.9994,775.5090909,2695.2,917.2661157,2750,54.8,54.8,11.45454545,13,5.785123967,16,3,16,3.090909091,3,1.388429752,5,2,2,108.7272727,124,54.38016529,190,66,66,2.667272727,2.22,0.983471074,3.44,1.22,3.44,1.909090909,1,0.165289256,2,1,2,2.545454545,4,1.851239669,4,0,4,0.636363636,4,0.809917355,4,0,0,0,0,0,0,0,0,5.090909091,3,1.157024793,6,3,6,0.090909091,1,0.165289256,1,0,0,1.272727273,2,0.925619835,2,0,2,3,9,3.818181818,9,0,0,0,0,0,0,0,0,4.363636364,7,3.008264463,9,2,2,16.27363636,23.26,9.123719008,32.365,9.105,9.105,0,0,0,0,0,0,0,0,0,0,0,0,81.36363636,217,88.28099174,229,12,12,0.375,0.5,0.125,0,1,0.708320593,0.313692664,None
Y3NbO7,1.5,680,3,0.698285977,0.653228741,0.638200714,0.63660489,0.636376938,19.45454545,33,14.5785124,41,8,8,62.90909091,75,30.66115702,87,12,87,42.87452091,76.90698,34.20469934,92.90638,15.9994,15.9994,775.5090909,2695.2,917.2661157,2750,54.8,54.8,11.45454545,13,5.785123967,16,3,16,3.090909091,3,1.388429752,5,2,2,108.7272727,124,54.38016529,190,66,66,2.667272727,2.22,0.983471074,3.44,1.22,3.44,1.909090909,1,0.165289256,2,1,2,2.545454545,4,1.851239669,4,0,4,0.636363636,4,0.809917355,4,0,0,0,0,0,0,0,0,5.090909091,3,1.157024793,6,3,6,0.090909091,1,0.165289256,1,0,0,1.272727273,2,0.925619835,2,0,2,3,9,3.818181818,9,0,0,0,0,0,0,0,0,4.363636364,7,3.008264463,9,2,2,16.27363636,23.26,9.123719008,32.365,9.105,9.105,0,0,0,0,0,0,0,0,0,0,0,0,81.36363636,217,88.28099174,229,12,12,0.375,0.5,0.125,0,1,0.708320593,0.313692664,None
Y3NbO7,1.53,780,3,0.698285977,0.653228741,0.638200714,0.63660489,0.636376938,19.45454545,33,14.5785124,41,8,8,62.90909091,75,30.66115702,87,12,87,42.87452091,76.90698,34.20469934,92.90638,15.9994,15.9994,775.5090909,2695.2,917.2661157,2750,54.8,54.8,11.45454545,13,5.785123967,16,3,16,3.090909091,3,1.388429752,5,2,2,108.7272727,124,54.38016529,190,66,66,2.667272727,2.22,0.983471074,3.44,1.22,3.44,1.909090909,1,0.165289256,2,1,2,2.545454545,4,1.851239669,4,0,4,0.636363636,4,0.809917355,4,0,0,0,0,0,0,0,0,5.090909091,3,1.157024793,6,3,6,0.090909091,1,0.165289256,1,0,0,1.272727273,2,0.925619835,2,0,2,3,9,3.818181818,9,0,0,0,0,0,0,0,0,4.363636364,7,3.008264463,9,2,2,16.27363636,23.26,9.123719008,32.365,9.105,9.105,0,0,0,0,0,0,0,0,0,0,0,0,81.36363636,217,88.28099174,229,12,12,0.375,0.5,0.125,0,1,0.708320593,0.313692664,None
Y3NbO7,1.55,880,3,0.698285977,0.653228741,0.638200714,0.63660489,0.636376938,19.45454545,33,14.5785124,41,8,8,62.90909091,75,30.66115702,87,12,87,42.87452091,76.90698,34.20469934,92.90638,15.9994,15.9994,775.5090909,2695.2,917.2661157,2750,54.8,54.8,11.45454545,13,5.785123967,16,3,16,3.090909091,3,1.388429752,5,2,2,108.7272727,124,54.38016529,190,66,66,2.667272727,2.22,0.983471074,3.44,1.22,3.44,1.909090909,1,0.165289256,2,1,2,2.545454545,4,1.851239669,4,0,4,0.636363636,4,0.809917355,4,0,0,0,0,0,0,0,0,5.090909091,3,1.157024793,6,3,6,0.090909091,1,0.165289256,1,0,0,1.272727273,2,0.925619835,2,0,2,3,9,3.818181818,9,0,0,0,0,0,0,0,0,4.363636364,7,3.008264463,9,2,2,16.27363636,23.26,9.123719008,32.365,9.105,9.105,0,0,0,0,0,0,0,0,0,0,0,0,81.36363636,217,88.28099174,229,12,12,0.375,0.5,0.125,0,1,0.708320593,0.313692664,None
Y3NbO7,1.57,980,3,0.698285977,0.653228741,0.638200714,0.63660489,0.636376938,19.45454545,33,14.5785124,41,8,8,62.90909091,75,30.66115702,87,12,87,42.87452091,76.90698,34.20469934,92.90638,15.9994,15.9994,775.5090909,2695.2,917.2661157,2750,54.8,54.8,11.45454545,13,5.785123967,16,3,16,3.090909091,3,1.388429752,5,2,2,108.7272727,124,54.38016529,190,66,66,2.667272727,2.22,0.983471074,3.44,1.22,3.44,1.909090909,1,0.165289256,2,1,2,2.545454545,4,1.851239669,4,0,4,0.636363636,4,0.809917355,4,0,0,0,0,0,0,0,0,5.090909091,3,1.157024793,6,3,6,0.090909091,1,0.165289256,1,0,0,1.272727273,2,0.925619835,2,0,2,3,9,3.818181818,9,0,0,0,0,0,0,0,0,4.363636364,7,3.008264463,9,2,2,16.27363636,23.26,9.123719008,32.365,9.105,9.105,0,0,0,0,0,0,0,0,0,0,0,0,81.36363636,217,88.28099174,229,12,12,0.375,0.5,0.125,0,1,0.708320593,0.313692664,None
Y3NbO7,1.6,1080,3,0.698285977,0.653228741,0.638200714,0.63660489,0.636376938,19.45454545,33,14.5785124,41,8,8,62.90909091,75,30.66115702,87,12,87,42.87452091,76.90698,34.20469934,92.90638,15.9994,15.9994,775.5090909,2695.2,917.2661157,2750,54.8,54.8,11.45454545,13,5.785123967,16,3,16,3.090909091,3,1.388429752,5,2,2,108.7272727,124,54.38016529,190,66,66,2.667272727,2.22,0.983471074,3.44,1.22,3.44,1.909090909,1,0.165289256,2,1,2,2.545454545,4,1.851239669,4,0,4,0.636363636,4,0.809917355,4,0,0,0,0,0,0,0,0,5.090909091,3,1.157024793,6,3,6,0.090909091,1,0.165289256,1,0,0,1.272727273,2,0.925619835,2,0,2,3,9,3.818181818,9,0,0,0,0,0,0,0,0,4.363636364,7,3.008264463,9,2,2,16.27363636,23.26,9.123719008,32.365,9.105,9.105,0,0,0,0,0,0,0,0,0,0,0,0,81.36363636,217,88.28099174,229,12,12,0.375,0.5,0.125,0,1,0.708320593,0.313692664,None
Y3NbO7,1.63,1180,3,0.698285977,0.653228741,0.638200714,0.63660489,0.636376938,19.45454545,33,14.5785124,41,8,8,62.90909091,75,30.66115702,87,12,87,42.87452091,76.90698,34.20469934,92.90638,15.9994,15.9994,775.5090909,2695.2,917.2661157,2750,54.8,54.8,11.45454545,13,5.785123967,16,3,16,3.090909091,3,1.388429752,5,2,2,108.7272727,124,54.38016529,190,66,66,2.667272727,2.22,0.983471074,3.44,1.22,3.44,1.909090909,1,0.165289256,2,1,2,2.545454545,4,1.851239669,4,0,4,0.636363636,4,0.809917355,4,0,0,0,0,0,0,0,0,5.090909091,3,1.157024793,6,3,6,0.090909091,1,0.165289256,1,0,0,1.272727273,2,0.925619835,2,0,2,3,9,3.818181818,9,0,0,0,0,0,0,0,0,4.363636364,7,3.008264463,9,2,2,16.27363636,23.26,9.123719008,32.365,9.105,9.105,0,0,0,0,0,0,0,0,0,0,0,0,81.36363636,217,88.28099174,229,12,12,0.375,0.5,0.125,0,1,0.708320593,0.313692664,None
Y3NbO7,1.65,1280,3,0.698285977,0.653228741,0.638200714,0.63660489,0.636376938,19.45454545,33,14.5785124,41,8,8,62.90909091,75,30.66115702,87,12,87,42.87452091,76.90698,34.20469934,92.90638,15.9994,15.9994,775.5090909,2695.2,917.2661157,2750,54.8,54.8,11.45454545,13,5.785123967,16,3,16,3.090909091,3,1.388429752,5,2,2,108.7272727,124,54.38016529,190,66,66,2.667272727,2.22,0.983471074,3.44,1.22,3.44,1.909090909,1,0.165289256,2,1,2,2.545454545,4,1.851239669,4,0,4,0.636363636,4,0.809917355,4,0,0,0,0,0,0,0,0,5.090909091,3,1.157024793,6,3,6,0.090909091,1,0.165289256,1,0,0,1.272727273,2,0.925619835,2,0,2,3,9,3.818181818,9,0,0,0,0,0,0,0,0,4.363636364,7,3.008264463,9,2,2,16.27363636,23.26,9.123719008,32.365,9.105,9.105,0,0,0,0,0,0,0,0,0,0,0,0,81.36363636,217,88.28099174,229,12,12,0.375,0.5,0.125,0,1,0.708320593,0.313692664,None
Er3NbO7,1.1,300,3,0.698285977,0.653228741,0.638200714,0.63660489,0.636376938,27.36363636,60,24.6446281,68,8,8,69.18181818,52,22.67768595,87,35,87,64.24356182,151.2596,61.4016605,167.259,15.9994,15.9994,767.6,2695.2,907.2,2750,54.8,54.8,11.45454545,13,5.785123967,16,3,16,3.363636364,4,1.73553719,6,2,2,108.4545455,123,54.03305785,189,66,66,2.672727273,2.2,0.976528926,3.44,1.24,3.44,1.909090909,1,0.165289256,2,1,2,2.545454545,4,1.851239669,4,0,4,0.363636364,4,0.661157025,4,0,0,3.272727273,12,4.760330579,12,0,0,8.090909091,9,3.223140496,14,5,6,0.090909091,1,0.165289256,1,0,0,1.272727273,2,0.925619835,2,0,2,0.545454545,6,0.991735537,6,0,0,0.545454545,2,0.79338843,2,0,0,2.454545455,5,0.826446281,7,2,2,15.78818182,21.48,8.505867769,30.585,9.105,9.105,0,0,0,0,0,0,0,0,0,0,0,0,81.36363636,217,88.28099174,229,12,12,0.235955056,0.314606742,0.04494382,0.404494382,1,0.701802721,0.311252968,None
Er3NbO7,1.1,380,3,0.698285977,0.653228741,0.638200714,0.63660489,0.636376938,27.36363636,60,24.6446281,68,8,8,69.18181818,52,22.67768595,87,35,87,64.24356182,151.2596,61.4016605,167.259,15.9994,15.9994,767.6,2695.2,907.2,2750,54.8,54.8,11.45454545,13,5.785123967,16,3,16,3.363636364,4,1.73553719,6,2,2,108.4545455,123,54.03305785,189,66,66,2.672727273,2.2,0.976528926,3.44,1.24,3.44,1.909090909,1,0.165289256,2,1,2,2.545454545,4,1.851239669,4,0,4,0.363636364,4,0.661157025,4,0,0,3.272727273,12,4.760330579,12,0,0,8.090909091,9,3.223140496,14,5,6,0.090909091,1,0.165289256,1,0,0,1.272727273,2,0.925619835,2,0,2,0.545454545,6,0.991735537,6,0,0,0.545454545,2,0.79338843,2,0,0,2.454545455,5,0.826446281,7,2,2,15.78818182,21.48,8.505867769,30.585,9.105,9.105,0,0,0,0,0,0,0,0,0,0,0,0,81.36363636,217,88.28099174,229,12,12,0.235955056,0.314606742,0.04494382,0.404494382,1,0.701802721,0.311252968,None
Er3NbO7,1.13,480,3,0.698285977,0.653228741,0.638200714,0.63660489,0.636376938,27.36363636,60,24.6446281,68,8,8,69.18181818,52,22.67768595,87,35,87,64.24356182,151.2596,61.4016605,167.259,15.9994,15.9994,767.6,2695.2,907.2,2750,54.8,54.8,11.45454545,13,5.785123967,16,3,16,3.363636364,4,1.73553719,6,2,2,108.4545455,123,54.03305785,189,66,66,2.672727273,2.2,0.976528926,3.44,1.24,3.44,1.909090909,1,0.165289256,2,1,2,2.545454545,4,1.851239669,4,0,4,0.363636364,4,0.661157025,4,0,0,3.272727273,12,4.760330579,12,0,0,8.090909091,9,3.223140496,14,5,6,0.090909091,1,0.165289256,1,0,0,1.272727273,2,0.925619835,2,0,2,0.545454545,6,0.991735537,6,0,0,0.545454545,2,0.79338843,2,0,0,2.454545455,5,0.826446281,7,2,2,15.78818182,21.48,8.505867769,30.585,9.105,9.105,0,0,0,0,0,0,0,0,0,0,0,0,81.36363636,217,88.28099174,229,12,12,0.235955056,0.314606742,0.04494382,0.404494382,1,0.701802721,0.311252968,None
Er3NbO7,1.16,580,3,0.698285977,0.653228741,0.638200714,0.63660489,0.636376938,27.36363636,60,24.6446281,68,8,8,69.18181818,52,22.67768595,87,35,87,64.24356182,151.2596,61.4016605,167.259,15.9994,15.9994,767.6,2695.2,907.2,2750,54.8,54.8,11.45454545,13,5.785123967,16,3,16,3.363636364,4,1.73553719,6,2,2,108.4545455,123,54.03305785,189,66,66,2.672727273,2.2,0.976528926,3.44,1.24,3.44,1.909090909,1,0.165289256,2,1,2,2.545454545,4,1.851239669,4,0,4,0.363636364,4,0.661157025,4,0,0,3.272727273,12,4.760330579,12,0,0,8.090909091,9,3.223140496,14,5,6,0.090909091,1,0.165289256,1,0,0,1.272727273,2,0.925619835,2,0,2,0.545454545,6,0.991735537,6,0,0,0.545454545,2,0.79338843,2,0,0,2.454545455,5,0.826446281,7,2,2,15.78818182,21.48,8.505867769,30.585,9.105,9.105,0,0,0,0,0,0,0,0,0,0,0,0,81.36363636,217,88.28099174,229,12,12,0.235955056,0.314606742,0.04494382,0.404494382,1,0.701802721,0.311252968,None
Er3NbO7,1.15,680,3,0.698285977,0.653228741,0.638200714,0.63660489,0.636376938,27.36363636,60,24.6446281,68,8,8,69.18181818,52,22.67768595,87,35,87,64.24356182,151.2596,61.4016605,167.259,15.9994,15.9994,767.6,2695.2,907.2,2750,54.8,54.8,11.45454545,13,5.785123967,16,3,16,3.363636364,4,1.73553719,6,2,2,108.4545455,123,54.03305785,189,66,66,2.672727273,2.2,0.976528926,3.44,1.24,3.44,1.909090909,1,0.165289256,2,1,2,2.545454545,4,1.851239669,4,0,4,0.363636364,4,0.661157025,4,0,0,3.272727273,12,4.760330579,12,0,0,8.090909091,9,3.223140496,14,5,6,0.090909091,1,0.165289256,1,0,0,1.272727273,2,0.925619835,2,0,2,0.545454545,6,0.991735537,6,0,0,0.545454545,2,0.79338843,2,0,0,2.454545455,5,0.826446281,7,2,2,15.78818182,21.48,8.505867769,30.585,9.105,9.105,0,0,0,0,0,0,0,0,0,0,0,0,81.36363636,217,88.28099174,229,12,12,0.235955056,0.314606742,0.04494382,0.404494382,1,0.701802721,0.311252968,None
Er3NbO7,1.18,780,3,0.698285977,0.653228741,0.638200714,0.63660489,0.636376938,27.36363636,60,24.6446281,68,8,8,69.18181818,52,22.67768595,87,35,87,64.24356182,151.2596,61.4016605,167.259,15.9994,15.9994,767.6,2695.2,907.2,2750,54.8,54.8,11.45454545,13,5.785123967,16,3,16,3.363636364,4,1.73553719,6,2,2,108.4545455,123,54.03305785,189,66,66,2.672727273,2.2,0.976528926,3.44,1.24,3.44,1.909090909,1,0.165289256,2,1,2,2.545454545,4,1.851239669,4,0,4,0.363636364,4,0.661157025,4,0,0,3.272727273,12,4.760330579,12,0,0,8.090909091,9,3.223140496,14,5,6,0.090909091,1,0.165289256,1,0,0,1.272727273,2,0.925619835,2,0,2,0.545454545,6,0.991735537,6,0,0,0.545454545,2,0.79338843,2,0,0,2.454545455,5,0.826446281,7,2,2,15.78818182,21.48,8.505867769,30.585,9.105,9.105,0,0,0,0,0,0,0,0,0,0,0,0,81.36363636,217,88.28099174,229,12,12,0.235955056,0.314606742,0.04494382,0.404494382,1,0.701802721,0.311252968,None
Er3NbO7,1.17,880,3,0.698285977,0.653228741,0.638200714,0.63660489,0.636376938,27.36363636,60,24.6446281,68,8,8,69.18181818,52,22.67768595,87,35,87,64.24356182,151.2596,61.4016605,167.259,15.9994,15.9994,767.6,2695.2,907.2,2750,54.8,54.8,11.45454545,13,5.785123967,16,3,16,3.363636364,4,1.73553719,6,2,2,108.4545455,123,54.03305785,189,66,66,2.672727273,2.2,0.976528926,3.44,1.24,3.44,1.909090909,1,0.165289256,2,1,2,2.545454545,4,1.851239669,4,0,4,0.363636364,4,0.661157025,4,0,0,3.272727273,12,4.760330579,12,0,0,8.090909091,9,3.223140496,14,5,6,0.090909091,1,0.165289256,1,0,0,1.272727273,2,0.925619835,2,0,2,0.545454545,6,0.991735537,6,0,0,0.545454545,2,0.79338843,2,0,0,2.454545455,5,0.826446281,7,2,2,15.78818182,21.48,8.505867769,30.585,9.105,9.105,0,0,0,0,0,0,0,0,0,0,0,0,81.36363636,217,88.28099174,229,12,12,0.235955056,0.314606742,0.04494382,0.404494382,1,0.701802721,0.311252968,None
Er3NbO7,1.16,980,3,0.698285977,0.653228741,0.638200714,0.63660489,0.636376938,27.36363636,60,24.6446281,68,8,8,69.18181818,52,22.67768595,87,35,87,64.24356182,151.2596,61.4016605,167.259,15.9994,15.9994,767.6,2695.2,907.2,2750,54.8,54.8,11.45454545,13,5.785123967,16,3,16,3.363636364,4,1.73553719,6,2,2,108.4545455,123,54.03305785,189,66,66,2.672727273,2.2,0.976528926,3.44,1.24,3.44,1.909090909,1,0.165289256,2,1,2,2.545454545,4,1.851239669,4,0,4,0.363636364,4,0.661157025,4,0,0,3.272727273,12,4.760330579,12,0,0,8.090909091,9,3.223140496,14,5,6,0.090909091,1,0.165289256,1,0,0,1.272727273,2,0.925619835,2,0,2,0.545454545,6,0.991735537,6,0,0,0.545454545,2,0.79338843,2,0,0,2.454545455,5,0.826446281,7,2,2,15.78818182,21.48,8.505867769,30.585,9.105,9.105,0,0,0,0,0,0,0,0,0,0,0,0,81.36363636,217,88.28099174,229,12,12,0.235955056,0.314606742,0.04494382,0.404494382,1,0.701802721,0.311252968,None
Er3NbO7,1.2,1080,3,0.698285977,0.653228741,0.638200714,0.63660489,0.636376938,27.36363636,60,24.6446281,68,8,8,69.18181818,52,22.67768595,87,35,87,64.24356182,151.2596,61.4016605,167.259,15.9994,15.9994,767.6,2695.2,907.2,2750,54.8,54.8,11.45454545,13,5.785123967,16,3,16,3.363636364,4,1.73553719,6,2,2,108.4545455,123,54.03305785,189,66,66,2.672727273,2.2,0.976528926,3.44,1.24,3.44,1.909090909,1,0.165289256,2,1,2,2.545454545,4,1.851239669,4,0,4,0.363636364,4,0.661157025,4,0,0,3.272727273,12,4.760330579,12,0,0,8.090909091,9,3.223140496,14,5,6,0.090909091,1,0.165289256,1,0,0,1.272727273,2,0.925619835,2,0,2,0.545454545,6,0.991735537,6,0,0,0.545454545,2,0.79338843,2,0,0,2.454545455,5,0.826446281,7,2,2,15.78818182,21.48,8.505867769,30.585,9.105,9.105,0,0,0,0,0,0,0,0,0,0,0,0,81.36363636,217,88.28099174,229,12,12,0.235955056,0.314606742,0.04494382,0.404494382,1,0.701802721,0.311252968,None
Er3NbO7,1.18,1180,3,0.698285977,0.653228741,0.638200714,0.63660489,0.636376938,27.36363636,60,24.6446281,68,8,8,69.18181818,52,22.67768595,87,35,87,64.24356182,151.2596,61.4016605,167.259,15.9994,15.9994,767.6,2695.2,907.2,2750,54.8,54.8,11.45454545,13,5.785123967,16,3,16,3.363636364,4,1.73553719,6,2,2,108.4545455,123,54.03305785,189,66,66,2.672727273,2.2,0.976528926,3.44,1.24,3.44,1.909090909,1,0.165289256,2,1,2,2.545454545,4,1.851239669,4,0,4,0.363636364,4,0.661157025,4,0,0,3.272727273,12,4.760330579,12,0,0,8.090909091,9,3.223140496,14,5,6,0.090909091,1,0.165289256,1,0,0,1.272727273,2,0.925619835,2,0,2,0.545454545,6,0.991735537,6,0,0,0.545454545,2,0.79338843,2,0,0,2.454545455,5,0.826446281,7,2,2,15.78818182,21.48,8.505867769,30.585,9.105,9.105,0,0,0,0,0,0,0,0,0,0,0,0,81.36363636,217,88.28099174,229,12,12,0.235955056,0.314606742,0.04494382,0.404494382,1,0.701802721,0.311252968,None
Er3NbO7,1.19,1280,3,0.698285977,0.653228741,0.638200714,0.63660489,0.636376938,27.36363636,60,24.6446281,68,8,8,69.18181818,52,22.67768595,87,35,87,64.24356182,151.2596,61.4016605,167.259,15.9994,15.9994,767.6,2695.2,907.2,2750,54.8,54.8,11.45454545,13,5.785123967,16,3,16,3.363636364,4,1.73553719,6,2,2,108.4545455,123,54.03305785,189,66,66,2.672727273,2.2,0.976528926,3.44,1.24,3.44,1.909090909,1,0.165289256,2,1,2,2.545454545,4,1.851239669,4,0,4,0.363636364,4,0.661157025,4,0,0,3.272727273,12,4.760330579,12,0,0,8.090909091,9,3.223140496,14,5,6,0.090909091,1,0.165289256,1,0,0,1.272727273,2,0.925619835,2,0,2,0.545454545,6,0.991735537,6,0,0,0.545454545,2,0.79338843,2,0,0,2.454545455,5,0.826446281,7,2,2,15.78818182,21.48,8.505867769,30.585,9.105,9.105,0,0,0,0,0,0,0,0,0,0,0,0,81.36363636,217,88.28099174,229,12,12,0.235955056,0.314606742,0.04494382,0.404494382,1,0.701802721,0.311252968,None
Yb3NbO7,1.25,300,3,0.698285977,0.653228741,0.638200714,0.63660489,0.636376938,27.90909091,62,25.33884298,70,8,8,70.27272727,48,21.2892562,87,39,87,65.82401636,157.0546,63.4131481,173.054,15.9994,15.9994,582.6909091,2695.2,671.861157,2750,54.8,54.8,11.45454545,13,5.785123967,16,3,16,3.363636364,4,1.73553719,6,2,2,107.9090909,121,53.33884298,187,66,66,2.678181818,2.18,0.969586777,3.44,1.26,3.44,1.909090909,1,0.165289256,2,1,2,2.545454545,4,1.851239669,4,0,4,0.363636364,4,0.661157025,4,0,0,3.818181818,14,5.553719008,14,0,0,8.636363636,11,4.016528926,16,5,6,0.090909091,1,0.165289256,1,0,0,1.272727273,2,0.925619835,2,0,2,0.545454545,6,0.991735537,6,0,0,0,0,0,0,0,0,1.909090909,7,1.041322314,7,0,2,16.75227273,25.015,9.732892562,34.12,9.105,9.105,0,0,0,0,0,0,0,0,0,0,0,0,89.81818182,217,99.04132231,229,12,12,0.221052632,0.294736842,0.042105263,0.442105263,1,0.695200166,0.308792857,None
Yb3NbO7,1.23,380,3,0.698285977,0.653228741,0.638200714,0.63660489,0.636376938,27.90909091,62,25.33884298,70,8,8,70.27272727,48,21.2892562,87,39,87,65.82401636,157.0546,63.4131481,173.054,15.9994,15.9994,582.6909091,2695.2,671.861157,2750,54.8,54.8,11.45454545,13,5.785123967,16,3,16,3.363636364,4,1.73553719,6,2,2,107.9090909,121,53.33884298,187,66,66,2.678181818,2.18,0.969586777,3.44,1.26,3.44,1.909090909,1,0.165289256,2,1,2,2.545454545,4,1.851239669,4,0,4,0.363636364,4,0.661157025,4,0,0,3.818181818,14,5.553719008,14,0,0,8.636363636,11,4.016528926,16,5,6,0.090909091,1,0.165289256,1,0,0,1.272727273,2,0.925619835,2,0,2,0.545454545,6,0.991735537,6,0,0,0,0,0,0,0,0,1.909090909,7,1.041322314,7,0,2,16.75227273,25.015,9.732892562,34.12,9.105,9.105,0,0,0,0,0,0,0,0,0,0,0,0,89.81818182,217,99.04132231,229,12,12,0.221052632,0.294736842,0.042105263,0.442105263,1,0.695200166,0.308792857,None
Yb3NbO7,1.2,480,3,0.698285977,0.653228741,0.638200714,0.63660489,0.636376938,27.90909091,62,25.33884298,70,8,8,70.27272727,48,21.2892562,87,39,87,65.82401636,157.0546,63.4131481,173.054,15.9994,15.9994,582.6909091,2695.2,671.861157,2750,54.8,54.8,11.45454545,13,5.785123967,16,3,16,3.363636364,4,1.73553719,6,2,2,107.9090909,121,53.33884298,187,66,66,2.678181818,2.18,0.969586777,3.44,1.26,3.44,1.909090909,1,0.165289256,2,1,2,2.545454545,4,1.851239669,4,0,4,0.363636364,4,0.661157025,4,0,0,3.818181818,14,5.553719008,14,0,0,8.636363636,11,4.016528926,16,5,6,0.090909091,1,0.165289256,1,0,0,1.272727273,2,0.925619835,2,0,2,0.545454545,6,0.991735537,6,0,0,0,0,0,0,0,0,1.909090909,7,1.041322314,7,0,2,16.75227273,25.015,9.732892562,34.12,9.105,9.105,0,0,0,0,0,0,0,0,0,0,0,0,89.81818182,217,99.04132231,229,12,12,0.221052632,0.294736842,0.042105263,0.442105263,1,0.695200166,0.308792857,None
Yb3NbO7,1.2,580,3,0.698285977,0.653228741,0.638200714,0.63660489,0.636376938,27.90909091,62,25.33884298,70,8,8,70.27272727,48,21.2892562,87,39,87,65.82401636,157.0546,63.4131481,173.054,15.9994,15.9994,582.6909091,2695.2,671.861157,2750,54.8,54.8,11.45454545,13,5.785123967,16,3,16,3.363636364,4,1.73553719,6,2,2,107.9090909,121,53.33884298,187,66,66,2.678181818,2.18,0.969586777,3.44,1.26,3.44,1.909090909,1,0.165289256,2,1,2,2.545454545,4,1.851239669,4,0,4,0.363636364,4,0.661157025,4,0,0,3.818181818,14,5.553719008,14,0,0,8.636363636,11,4.016528926,16,5,6,0.090909091,1,0.165289256,1,0,0,1.272727273,2,0.925619835,2,0,2,0.545454545,6,0.991735537,6,0,0,0,0,0,0,0,0,1.909090909,7,1.041322314,7,0,2,16.75227273,25.015,9.732892562,34.12,9.105,9.105,0,0,0,0,0,0,0,0,0,0,0,0,89.81818182,217,99.04132231,229,12,12,0.221052632,0.294736842,0.042105263,0.442105263,1,0.695200166,0.308792857,None
Yb3NbO7,1.25,680,3,0.698285977,0.653228741,0.638200714,0.63660489,0.636376938,27.90909091,62,25.33884298,70,8,8,70.27272727,48,21.2892562,87,39,87,65.82401636,157.0546,63.4131481,173.054,15.9994,15.9994,582.6909091,2695.2,671.861157,2750,54.8,54.8,11.45454545,13,5.785123967,16,3,16,3.363636364,4,1.73553719,6,2,2,107.9090909,121,53.33884298,187,66,66,2.678181818,2.18,0.969586777,3.44,1.26,3.44,1.909090909,1,0.165289256,2,1,2,2.545454545,4,1.851239669,4,0,4,0.363636364,4,0.661157025,4,0,0,3.818181818,14,5.553719008,14,0,0,8.636363636,11,4.016528926,16,5,6,0.090909091,1,0.165289256,1,0,0,1.272727273,2,0.925619835,2,0,2,0.545454545,6,0.991735537,6,0,0,0,0,0,0,0,0,1.909090909,7,1.041322314,7,0,2,16.75227273,25.015,9.732892562,34.12,9.105,9.105,0,0,0,0,0,0,0,0,0,0,0,0,89.81818182,217,99.04132231,229,12,12,0.221052632,0.294736842,0.042105263,0.442105263,1,0.695200166,0.308792857,None
Yb3NbO7,1.27,780,3,0.698285977,0.653228741,0.638200714,0.63660489,0.636376938,27.90909091,62,25.33884298,70,8,8,70.27272727,48,21.2892562,87,39,87,65.82401636,157.0546,63.4131481,173.054,15.9994,15.9994,582.6909091,2695.2,671.861157,2750,54.8,54.8,11.45454545,13,5.785123967,16,3,16,3.363636364,4,1.73553719,6,2,2,107.9090909,121,53.33884298,187,66,66,2.678181818,2.18,0.969586777,3.44,1.26,3.44,1.909090909,1,0.165289256,2,1,2,2.545454545,4,1.851239669,4,0,4,0.363636364,4,0.661157025,4,0,0,3.818181818,14,5.553719008,14,0,0,8.636363636,11,4.016528926,16,5,6,0.090909091,1,0.165289256,1,0,0,1.272727273,2,0.925619835,2,0,2,0.545454545,6,0.991735537,6,0,0,0,0,0,0,0,0,1.909090909,7,1.041322314,7,0,2,16.75227273,25.015,9.732892562,34.12,9.105,9.105,0,0,0,0,0,0,0,0,0,0,0,0,89.81818182,217,99.04132231,229,12,12,0.221052632,0.294736842,0.042105263,0.442105263,1,0.695200166,0.308792857,None
Yb3NbO7,1.25,880,3,0.698285977,0.653228741,0.638200714,0.63660489,0.636376938,27.90909091,62,25.33884298,70,8,8,70.27272727,48,21.2892562,87,39,87,65.82401636,157.0546,63.4131481,173.054,15.9994,15.9994,582.6909091,2695.2,671.861157,2750,54.8,54.8,11.45454545,13,5.785123967,16,3,16,3.363636364,4,1.73553719,6,2,2,107.9090909,121,53.33884298,187,66,66,2.678181818,2.18,0.969586777,3.44,1.26,3.44,1.909090909,1,0.165289256,2,1,2,2.545454545,4,1.851239669,4,0,4,0.363636364,4,0.661157025,4,0,0,3.818181818,14,5.553719008,14,0,0,8.636363636,11,4.016528926,16,5,6,0.090909091,1,0.165289256,1,0,0,1.272727273,2,0.925619835,2,0,2,0.545454545,6,0.991735537,6,0,0,0,0,0,0,0,0,1.909090909,7,1.041322314,7,0,2,16.75227273,25.015,9.732892562,34.12,9.105,9.105,0,0,0,0,0,0,0,0,0,0,0,0,89.81818182,217,99.04132231,229,12,12,0.221052632,0.294736842,0.042105263,0.442105263,1,0.695200166,0.308792857,None
Yb3NbO7,1.27,980,3,0.698285977,0.653228741,0.638200714,0.63660489,0.636376938,27.90909091,62,25.33884298,70,8,8,70.27272727,48,21.2892562,87,39,87,65.82401636,157.0546,63.4131481,173.054,15.9994,15.9994,582.6909091,2695.2,671.861157,2750,54.8,54.8,11.45454545,13,5.785123967,16,3,16,3.363636364,4,1.73553719,6,2,2,107.9090909,121,53.33884298,187,66,66,2.678181818,2.18,0.969586777,3.44,1.26,3.44,1.909090909,1,0.165289256,2,1,2,2.545454545,4,1.851239669,4,0,4,0.363636364,4,0.661157025,4,0,0,3.818181818,14,5.553719008,14,0,0,8.636363636,11,4.016528926,16,5,6,0.090909091,1,0.165289256,1,0,0,1.272727273,2,0.925619835,2,0,2,0.545454545,6,0.991735537,6,0,0,0,0,0,0,0,0,1.909090909,7,1.041322314,7,0,2,16.75227273,25.015,9.732892562,34.12,9.105,9.105,0,0,0,0,0,0,0,0,0,0,0,0,89.81818182,217,99.04132231,229,12,12,0.221052632,0.294736842,0.042105263,0.442105263,1,0.695200166,0.308792857,None
Yb3NbO7,1.2,1080,3,0.698285977,0.653228741,0.638200714,0.63660489,0.636376938,27.90909091,62,25.33884298,70,8,8,70.27272727,48,21.2892562,87,39,87,65.82401636,157.0546,63.4131481,173.054,15.9994,15.9994,582.6909091,2695.2,671.861157,2750,54.8,54.8,11.45454545,13,5.785123967,16,3,16,3.363636364,4,1.73553719,6,2,2,107.9090909,121,53.33884298,187,66,66,2.678181818,2.18,0.969586777,3.44,1.26,3.44,1.909090909,1,0.165289256,2,1,2,2.545454545,4,1.851239669,4,0,4,0.363636364,4,0.661157025,4,0,0,3.818181818,14,5.553719008,14,0,0,8.636363636,11,4.016528926,16,5,6,0.090909091,1,0.165289256,1,0,0,1.272727273,2,0.925619835,2,0,2,0.545454545,6,0.991735537,6,0,0,0,0,0,0,0,0,1.909090909,7,1.041322314,7,0,2,16.75227273,25.015,9.732892562,34.12,9.105,9.105,0,0,0,0,0,0,0,0,0,0,0,0,89.81818182,217,99.04132231,229,12,12,0.221052632,0.294736842,0.042105263,0.442105263,1,0.695200166,0.308792857,None
Yb3NbO7,1.25,1180,3,0.698285977,0.653228741,0.638200714,0.63660489,0.636376938,27.90909091,62,25.33884298,70,8,8,70.27272727,48,21.2892562,87,39,87,65.82401636,157.0546,63.4131481,173.054,15.9994,15.9994,582.6909091,2695.2,671.861157,2750,54.8,54.8,11.45454545,13,5.785123967,16,3,16,3.363636364,4,1.73553719,6,2,2,107.9090909,121,53.33884298,187,66,66,2.678181818,2.18,0.969586777,3.44,1.26,3.44,1.909090909,1,0.165289256,2,1,2,2.545454545,4,1.851239669,4,0,4,0.363636364,4,0.661157025,4,0,0,3.818181818,14,5.553719008,14,0,0,8.636363636,11,4.016528926,16,5,6,0.090909091,1,0.165289256,1,0,0,1.272727273,2,0.925619835,2,0,2,0.545454545,6,0.991735537,6,0,0,0,0,0,0,0,0,1.909090909,7,1.041322314,7,0,2,16.75227273,25.015,9.732892562,34.12,9.105,9.105,0,0,0,0,0,0,0,0,0,0,0,0,89.81818182,217,99.04132231,229,12,12,0.221052632,0.294736842,0.042105263,0.442105263,1,0.695200166,0.308792857,None
Yb3NbO7,1.24,1280,3,0.698285977,0.653228741,0.638200714,0.63660489,0.636376938,27.90909091,62,25.33884298,70,8,8,70.27272727,48,21.2892562,87,39,87,65.82401636,157.0546,63.4131481,173.054,15.9994,15.9994,582.6909091,2695.2,671.861157,2750,54.8,54.8,11.45454545,13,5.785123967,16,3,16,3.363636364,4,1.73553719,6,2,2,107.9090909,121,53.33884298,187,66,66,2.678181818,2.18,0.969586777,3.44,1.26,3.44,1.909090909,1,0.165289256,2,1,2,2.545454545,4,1.851239669,4,0,4,0.363636364,4,0.661157025,4,0,0,3.818181818,14,5.553719008,14,0,0,8.636363636,11,4.016528926,16,5,6,0.090909091,1,0.165289256,1,0,0,1.272727273,2,0.925619835,2,0,2,0.545454545,6,0.991735537,6,0,0,0,0,0,0,0,0,1.909090909,7,1.041322314,7,0,2,16.75227273,25.015,9.732892562,34.12,9.105,9.105,0,0,0,0,0,0,0,0,0,0,0,0,89.81818182,217,99.04132231,229,12,12,0.221052632,0.294736842,0.042105263,0.442105263,1,0.695200166,0.308792857,None
LaMg0.25Al0.5Ta0.25O3,1.95,300,5,0.644204936,0.608445383,0.600509358,0.600039496,0.600001017,21.75,65,19.225,73,8,8,67.9,74,23.95,87,13,87,50.34153186,164.94848,48.48621007,180.94788,15.9994,15.9994,575.477,3235.2,624.8124,3290,54.8,54.8,11.85,14,5.21,16,2,16,3.15,4,1.425,6,2,2,108.65,141,51.18,207,66,66,2.5855,2.34,1.0254,3.44,1.1,3.44,2,0,0,2,2,2,2.5,4,1.8,4,0,4,0.35,3,0.525,3,0,0,0.7,14,1.33,14,0,0,5.55,17,1.885,19,2,6,0,0,0,0,0,0,1.7,5,1.02,5,0,2,2.15,9,3.225,9,0,0,0,0,0,0,0,0,3.85,9,2.605,9,0,2,16.541,27.7925,8.9354,36.8975,9.105,9.105,0,0,0,0,0,0,0,0,0,0,0,0,89.65,217,93.18,229,12,12,0.36036036,0.45045045,0.063063063,0.126126126,0,0.745613369,0.328100474,None
LaMg0.25Al0.5Ta0.25O3,1.9,380,5,0.644204936,0.608445383,0.600509358,0.600039496,0.600001017,21.75,65,19.225,73,8,8,67.9,74,23.95,87,13,87,50.34153186,164.94848,48.48621007,180.94788,15.9994,15.9994,575.477,3235.2,624.8124,3290,54.8,54.8,11.85,14,5.21,16,2,16,3.15,4,1.425,6,2,2,108.65,141,51.18,207,66,66,2.5855,2.34,1.0254,3.44,1.1,3.44,2,0,0,2,2,2,2.5,4,1.8,4,0,4,0.35,3,0.525,3,0,0,0.7,14,1.33,14,0,0,5.55,17,1.885,19,2,6,0,0,0,0,0,0,1.7,5,1.02,5,0,2,2.15,9,3.225,9,0,0,0,0,0,0,0,0,3.85,9,2.605,9,0,2,16.541,27.7925,8.9354,36.8975,9.105,9.105,0,0,0,0,0,0,0,0,0,0,0,0,89.65,217,93.18,229,12,12,0.36036036,0.45045045,0.063063063,0.126126126,0,0.745613369,0.328100474,None
LaMg0.25Al0.5Ta0.25O3,1.8,480,5,0.644204936,0.608445383,0.600509358,0.600039496,0.600001017,21.75,65,19.225,73,8,8,67.9,74,23.95,87,13,87,50.34153186,164.94848,48.48621007,180.94788,15.9994,15.9994,575.477,3235.2,624.8124,3290,54.8,54.8,11.85,14,5.21,16,2,16,3.15,4,1.425,6,2,2,108.65,141,51.18,207,66,66,2.5855,2.34,1.0254,3.44,1.1,3.44,2,0,0,2,2,2,2.5,4,1.8,4,0,4,0.35,3,0.525,3,0,0,0.7,14,1.33,14,0,0,5.55,17,1.885,19,2,6,0,0,0,0,0,0,1.7,5,1.02,5,0,2,2.15,9,3.225,9,0,0,0,0,0,0,0,0,3.85,9,2.605,9,0,2,16.541,27.7925,8.9354,36.8975,9.105,9.105,0,0,0,0,0,0,0,0,0,0,0,0,89.65,217,93.18,229,12,12,0.36036036,0.45045045,0.063063063,0.126126126,0,0.745613369,0.328100474,None
LaMg0.25Al0.5Ta0.25O3,1.7,580,5,0.644204936,0.608445383,0.600509358,0.600039496,0.600001017,21.75,65,19.225,73,8,8,67.9,74,23.95,87,13,87,50.34153186,164.94848,48.48621007,180.94788,15.9994,15.9994,575.477,3235.2,624.8124,3290,54.8,54.8,11.85,14,5.21,16,2,16,3.15,4,1.425,6,2,2,108.65,141,51.18,207,66,66,2.5855,2.34,1.0254,3.44,1.1,3.44,2,0,0,2,2,2,2.5,4,1.8,4,0,4,0.35,3,0.525,3,0,0,0.7,14,1.33,14,0,0,5.55,17,1.885,19,2,6,0,0,0,0,0,0,1.7,5,1.02,5,0,2,2.15,9,3.225,9,0,0,0,0,0,0,0,0,3.85,9,2.605,9,0,2,16.541,27.7925,8.9354,36.8975,9.105,9.105,0,0,0,0,0,0,0,0,0,0,0,0,89.65,217,93.18,229,12,12,0.36036036,0.45045045,0.063063063,0.126126126,0,0.745613369,0.328100474,None
LaMg0.25Al0.5Ta0.25O3,1.65,680,5,0.644204936,0.608445383,0.600509358,0.600039496,0.600001017,21.75,65,19.225,73,8,8,67.9,74,23.95,87,13,87,50.34153186,164.94848,48.48621007,180.94788,15.9994,15.9994,575.477,3235.2,624.8124,3290,54.8,54.8,11.85,14,5.21,16,2,16,3.15,4,1.425,6,2,2,108.65,141,51.18,207,66,66,2.5855,2.34,1.0254,3.44,1.1,3.44,2,0,0,2,2,2,2.5,4,1.8,4,0,4,0.35,3,0.525,3,0,0,0.7,14,1.33,14,0,0,5.55,17,1.885,19,2,6,0,0,0,0,0,0,1.7,5,1.02,5,0,2,2.15,9,3.225,9,0,0,0,0,0,0,0,0,3.85,9,2.605,9,0,2,16.541,27.7925,8.9354,36.8975,9.105,9.105,0,0,0,0,0,0,0,0,0,0,0,0,89.65,217,93.18,229,12,12,0.36036036,0.45045045,0.063063063,0.126126126,0,0.745613369,0.328100474,None
LaMg0.25Al0.5Ta0.25O3,1.6,780,5,0.644204936,0.608445383,0.600509358,0.600039496,0.600001017,21.75,65,19.225,73,8,8,67.9,74,23.95,87,13,87,50.34153186,164.94848,48.48621007,180.94788,15.9994,15.9994,575.477,3235.2,624.8124,3290,54.8,54.8,11.85,14,5.21,16,2,16,3.15,4,1.425,6,2,2,108.65,141,51.18,207,66,66,2.5855,2.34,1.0254,3.44,1.1,3.44,2,0,0,2,2,2,2.5,4,1.8,4,0,4,0.35,3,0.525,3,0,0,0.7,14,1.33,14,0,0,5.55,17,1.885,19,2,6,0,0,0,0,0,0,1.7,5,1.02,5,0,2,2.15,9,3.225,9,0,0,0,0,0,0,0,0,3.85,9,2.605,9,0,2,16.541,27.7925,8.9354,36.8975,9.105,9.105,0,0,0,0,0,0,0,0,0,0,0,0,89.65,217,93.18,229,12,12,0.36036036,0.45045045,0.063063063,0.126126126,0,0.745613369,0.328100474,None
LaMg0.25Al0.5Ta0.25O3,1.57,880,5,0.644204936,0.608445383,0.600509358,0.600039496,0.600001017,21.75,65,19.225,73,8,8,67.9,74,23.95,87,13,87,50.34153186,164.94848,48.48621007,180.94788,15.9994,15.9994,575.477,3235.2,624.8124,3290,54.8,54.8,11.85,14,5.21,16,2,16,3.15,4,1.425,6,2,2,108.65,141,51.18,207,66,66,2.5855,2.34,1.0254,3.44,1.1,3.44,2,0,0,2,2,2,2.5,4,1.8,4,0,4,0.35,3,0.525,3,0,0,0.7,14,1.33,14,0,0,5.55,17,1.885,19,2,6,0,0,0,0,0,0,1.7,5,1.02,5,0,2,2.15,9,3.225,9,0,0,0,0,0,0,0,0,3.85,9,2.605,9,0,2,16.541,27.7925,8.9354,36.8975,9.105,9.105,0,0,0,0,0,0,0,0,0,0,0,0,89.65,217,93.18,229,12,12,0.36036036,0.45045045,0.063063063,0.126126126,0,0.745613369,0.328100474,None
LaMg0.25Al0.5Ta0.25O3,1.55,980,5,0.644204936,0.608445383,0.600509358,0.600039496,0.600001017,21.75,65,19.225,73,8,8,67.9,74,23.95,87,13,87,50.34153186,164.94848,48.48621007,180.94788,15.9994,15.9994,575.477,3235.2,624.8124,3290,54.8,54.8,11.85,14,5.21,16,2,16,3.15,4,1.425,6,2,2,108.65,141,51.18,207,66,66,2.5855,2.34,1.0254,3.44,1.1,3.44,2,0,0,2,2,2,2.5,4,1.8,4,0,4,0.35,3,0.525,3,0,0,0.7,14,1.33,14,0,0,5.55,17,1.885,19,2,6,0,0,0,0,0,0,1.7,5,1.02,5,0,2,2.15,9,3.225,9,0,0,0,0,0,0,0,0,3.85,9,2.605,9,0,2,16.541,27.7925,8.9354,36.8975,9.105,9.105,0,0,0,0,0,0,0,0,0,0,0,0,89.65,217,93.18,229,12,12,0.36036036,0.45045045,0.063063063,0.126126126,0,0.745613369,0.328100474,None
LaMg0.25Al0.5Ta0.25O3,1.56,1080,5,0.644204936,0.608445383,0.600509358,0.600039496,0.600001017,21.75,65,19.225,73,8,8,67.9,74,23.95,87,13,87,50.34153186,164.94848,48.48621007,180.94788,15.9994,15.9994,575.477,3235.2,624.8124,3290,54.8,54.8,11.85,14,5.21,16,2,16,3.15,4,1.425,6,2,2,108.65,141,51.18,207,66,66,2.5855,2.34,1.0254,3.44,1.1,3.44,2,0,0,2,2,2,2.5,4,1.8,4,0,4,0.35,3,0.525,3,0,0,0.7,14,1.33,14,0,0,5.55,17,1.885,19,2,6,0,0,0,0,0,0,1.7,5,1.02,5,0,2,2.15,9,3.225,9,0,0,0,0,0,0,0,0,3.85,9,2.605,9,0,2,16.541,27.7925,8.9354,36.8975,9.105,9.105,0,0,0,0,0,0,0,0,0,0,0,0,89.65,217,93.18,229,12,12,0.36036036,0.45045045,0.063063063,0.126126126,0,0.745613369,0.328100474,None
LaMg0.25Al0.5Ta0.25O3,1.58,1180,5,0.644204936,0.608445383,0.600509358,0.600039496,0.600001017,21.75,65,19.225,73,8,8,67.9,74,23.95,87,13,87,50.34153186,164.94848,48.48621007,180.94788,15.9994,15.9994,575.477,3235.2,624.8124,3290,54.8,54.8,11.85,14,5.21,16,2,16,3.15,4,1.425,6,2,2,108.65,141,51.18,207,66,66,2.5855,2.34,1.0254,3.44,1.1,3.44,2,0,0,2,2,2,2.5,4,1.8,4,0,4,0.35,3,0.525,3,0,0,0.7,14,1.33,14,0,0,5.55,17,1.885,19,2,6,0,0,0,0,0,0,1.7,5,1.02,5,0,2,2.15,9,3.225,9,0,0,0,0,0,0,0,0,3.85,9,2.605,9,0,2,16.541,27.7925,8.9354,36.8975,9.105,9.105,0,0,0,0,0,0,0,0,0,0,0,0,89.65,217,93.18,229,12,12,0.36036036,0.45045045,0.063063063,0.126126126,0,0.745613369,0.328100474,None
Dy2Zr2O7,1,300,3,0.686348585,0.646108515,0.636847546,0.636391892,0.636364098,24.36363636,58,20.82644628,66,8,8,69,56,22.90909091,87,31,87,56.31307273,146.5006,51.30831074,162.5,15.9994,15.9994,728.1454545,2073.2,856.985124,2128,54.8,54.8,11.45454545,13,5.785123967,16,3,16,3.272727273,4,1.619834711,6,2,2,108.7272727,126,54.38016529,192,66,66,2.652727273,2.22,1.001983471,3.44,1.22,3.44,2,0,0,2,2,2,2.545454545,4,1.851239669,4,0,4,0.363636364,2,0.595041322,2,0,0,1.818181818,10,2.975206612,10,0,0,6.727272727,8,1.917355372,12,4,6,0,0,0,0,0,0,1.272727273,2,0.925619835,2,0,2,1.454545455,8,2.380165289,8,0,0,0.727272727,4,1.190082645,4,0,0,3.454545455,6,1.851239669,8,2,2,15.69136364,22.135,8.382644628,31.24,9.105,9.105,0,0,0,0,0,0,0,0,0,0,0,0,78.18181818,182,84.23140496,194,12,12,0.297297297,0.378378378,0.054054054,0.27027027,1,0.708320593,0.319482319,None
Dy2Zr2O7,1.1,380,3,0.686348585,0.646108515,0.636847546,0.636391892,0.636364098,24.36363636,58,20.82644628,66,8,8,69,56,22.90909091,87,31,87,56.31307273,146.5006,51.30831074,162.5,15.9994,15.9994,728.1454545,2073.2,856.985124,2128,54.8,54.8,11.45454545,13,5.785123967,16,3,16,3.272727273,4,1.619834711,6,2,2,108.7272727,126,54.38016529,192,66,66,2.652727273,2.22,1.001983471,3.44,1.22,3.44,2,0,0,2,2,2,2.545454545,4,1.851239669,4,0,4,0.363636364,2,0.595041322,2,0,0,1.818181818,10,2.975206612,10,0,0,6.727272727,8,1.917355372,12,4,6,0,0,0,0,0,0,1.272727273,2,0.925619835,2,0,2,1.454545455,8,2.380165289,8,0,0,0.727272727,4,1.190082645,4,0,0,3.454545455,6,1.851239669,8,2,2,15.69136364,22.135,8.382644628,31.24,9.105,9.105,0,0,0,0,0,0,0,0,0,0,0,0,78.18181818,182,84.23140496,194,12,12,0.297297297,0.378378378,0.054054054,0.27027027,1,0.708320593,0.319482319,None
Dy2Zr2O7,1.14,480,3,0.686348585,0.646108515,0.636847546,0.636391892,0.636364098,24.36363636,58,20.82644628,66,8,8,69,56,22.90909091,87,31,87,56.31307273,146.5006,51.30831074,162.5,15.9994,15.9994,728.1454545,2073.2,856.985124,2128,54.8,54.8,11.45454545,13,5.785123967,16,3,16,3.272727273,4,1.619834711,6,2,2,108.7272727,126,54.38016529,192,66,66,2.652727273,2.22,1.001983471,3.44,1.22,3.44,2,0,0,2,2,2,2.545454545,4,1.851239669,4,0,4,0.363636364,2,0.595041322,2,0,0,1.818181818,10,2.975206612,10,0,0,6.727272727,8,1.917355372,12,4,6,0,0,0,0,0,0,1.272727273,2,0.925619835,2,0,2,1.454545455,8,2.380165289,8,0,0,0.727272727,4,1.190082645,4,0,0,3.454545455,6,1.851239669,8,2,2,15.69136364,22.135,8.382644628,31.24,9.105,9.105,0,0,0,0,0,0,0,0,0,0,0,0,78.18181818,182,84.23140496,194,12,12,0.297297297,0.378378378,0.054054054,0.27027027,1,0.708320593,0.319482319,None
Dy2Zr2O7,1.2,580,3,0.686348585,0.646108515,0.636847546,0.636391892,0.636364098,24.36363636,58,20.82644628,66,8,8,69,56,22.90909091,87,31,87,56.31307273,146.5006,51.30831074,162.5,15.9994,15.9994,728.1454545,2073.2,856.985124,2128,54.8,54.8,11.45454545,13,5.785123967,16,3,16,3.272727273,4,1.619834711,6,2,2,108.7272727,126,54.38016529,192,66,66,2.652727273,2.22,1.001983471,3.44,1.22,3.44,2,0,0,2,2,2,2.545454545,4,1.851239669,4,0,4,0.363636364,2,0.595041322,2,0,0,1.818181818,10,2.975206612,10,0,0,6.727272727,8,1.917355372,12,4,6,0,0,0,0,0,0,1.272727273,2,0.925619835,2,0,2,1.454545455,8,2.380165289,8,0,0,0.727272727,4,1.190082645,4,0,0,3.454545455,6,1.851239669,8,2,2,15.69136364,22.135,8.382644628,31.24,9.105,9.105,0,0,0,0,0,0,0,0,0,0,0,0,78.18181818,182,84.23140496,194,12,12,0.297297297,0.378378378,0.054054054,0.27027027,1,0.708320593,0.319482319,None
Dy2Zr2O7,1.28,680,3,0.686348585,0.646108515,0.636847546,0.636391892,0.636364098,24.36363636,58,20.82644628,66,8,8,69,56,22.90909091,87,31,87,56.31307273,146.5006,51.30831074,162.5,15.9994,15.9994,728.1454545,2073.2,856.985124,2128,54.8,54.8,11.45454545,13,5.785123967,16,3,16,3.272727273,4,1.619834711,6,2,2,108.7272727,126,54.38016529,192,66,66,2.652727273,2.22,1.001983471,3.44,1.22,3.44,2,0,0,2,2,2,2.545454545,4,1.851239669,4,0,4,0.363636364,2,0.595041322,2,0,0,1.818181818,10,2.975206612,10,0,0,6.727272727,8,1.917355372,12,4,6,0,0,0,0,0,0,1.272727273,2,0.925619835,2,0,2,1.454545455,8,2.380165289,8,0,0,0.727272727,4,1.190082645,4,0,0,3.454545455,6,1.851239669,8,2,2,15.69136364,22.135,8.382644628,31.24,9.105,9.105,0,0,0,0,0,0,0,0,0,0,0,0,78.18181818,182,84.23140496,194,12,12,0.297297297,0.378378378,0.054054054,0.27027027,1,0.708320593,0.319482319,None
Dy2Zr2O7,1.3,780,3,0.686348585,0.646108515,0.636847546,0.636391892,0.636364098,24.36363636,58,20.82644628,66,8,8,69,56,22.90909091,87,31,87,56.31307273,146.5006,51.30831074,162.5,15.9994,15.9994,728.1454545,2073.2,856.985124,2128,54.8,54.8,11.45454545,13,5.785123967,16,3,16,3.272727273,4,1.619834711,6,2,2,108.7272727,126,54.38016529,192,66,66,2.652727273,2.22,1.001983471,3.44,1.22,3.44,2,0,0,2,2,2,2.545454545,4,1.851239669,4,0,4,0.363636364,2,0.595041322,2,0,0,1.818181818,10,2.975206612,10,0,0,6.727272727,8,1.917355372,12,4,6,0,0,0,0,0,0,1.272727273,2,0.925619835,2,0,2,1.454545455,8,2.380165289,8,0,0,0.727272727,4,1.190082645,4,0,0,3.454545455,6,1.851239669,8,2,2,15.69136364,22.135,8.382644628,31.24,9.105,9.105,0,0,0,0,0,0,0,0,0,0,0,0,78.18181818,182,84.23140496,194,12,12,0.297297297,0.378378378,0.054054054,0.27027027,1,0.708320593,0.319482319,None
Dy2Zr2O7,1.35,880,3,0.686348585,0.646108515,0.636847546,0.636391892,0.636364098,24.36363636,58,20.82644628,66,8,8,69,56,22.90909091,87,31,87,56.31307273,146.5006,51.30831074,162.5,15.9994,15.9994,728.1454545,2073.2,856.985124,2128,54.8,54.8,11.45454545,13,5.785123967,16,3,16,3.272727273,4,1.619834711,6,2,2,108.7272727,126,54.38016529,192,66,66,2.652727273,2.22,1.001983471,3.44,1.22,3.44,2,0,0,2,2,2,2.545454545,4,1.851239669,4,0,4,0.363636364,2,0.595041322,2,0,0,1.818181818,10,2.975206612,10,0,0,6.727272727,8,1.917355372,12,4,6,0,0,0,0,0,0,1.272727273,2,0.925619835,2,0,2,1.454545455,8,2.380165289,8,0,0,0.727272727,4,1.190082645,4,0,0,3.454545455,6,1.851239669,8,2,2,15.69136364,22.135,8.382644628,31.24,9.105,9.105,0,0,0,0,0,0,0,0,0,0,0,0,78.18181818,182,84.23140496,194,12,12,0.297297297,0.378378378,0.054054054,0.27027027,1,0.708320593,0.319482319,None
Dy2Zr2O7,1.33,980,3,0.686348585,0.646108515,0.636847546,0.636391892,0.636364098,24.36363636,58,20.82644628,66,8,8,69,56,22.90909091,87,31,87,56.31307273,146.5006,51.30831074,162.5,15.9994,15.9994,728.1454545,2073.2,856.985124,2128,54.8,54.8,11.45454545,13,5.785123967,16,3,16,3.272727273,4,1.619834711,6,2,2,108.7272727,126,54.38016529,192,66,66,2.652727273,2.22,1.001983471,3.44,1.22,3.44,2,0,0,2,2,2,2.545454545,4,1.851239669,4,0,4,0.363636364,2,0.595041322,2,0,0,1.818181818,10,2.975206612,10,0,0,6.727272727,8,1.917355372,12,4,6,0,0,0,0,0,0,1.272727273,2,0.925619835,2,0,2,1.454545455,8,2.380165289,8,0,0,0.727272727,4,1.190082645,4,0,0,3.454545455,6,1.851239669,8,2,2,15.69136364,22.135,8.382644628,31.24,9.105,9.105,0,0,0,0,0,0,0,0,0,0,0,0,78.18181818,182,84.23140496,194,12,12,0.297297297,0.378378378,0.054054054,0.27027027,1,0.708320593,0.319482319,None
Dy2Zr2O7,1.35,1080,3,0.686348585,0.646108515,0.636847546,0.636391892,0.636364098,24.36363636,58,20.82644628,66,8,8,69,56,22.90909091,87,31,87,56.31307273,146.5006,51.30831074,162.5,15.9994,15.9994,728.1454545,2073.2,856.985124,2128,54.8,54.8,11.45454545,13,5.785123967,16,3,16,3.272727273,4,1.619834711,6,2,2,108.7272727,126,54.38016529,192,66,66,2.652727273,2.22,1.001983471,3.44,1.22,3.44,2,0,0,2,2,2,2.545454545,4,1.851239669,4,0,4,0.363636364,2,0.595041322,2,0,0,1.818181818,10,2.975206612,10,0,0,6.727272727,8,1.917355372,12,4,6,0,0,0,0,0,0,1.272727273,2,0.925619835,2,0,2,1.454545455,8,2.380165289,8,0,0,0.727272727,4,1.190082645,4,0,0,3.454545455,6,1.851239669,8,2,2,15.69136364,22.135,8.382644628,31.24,9.105,9.105,0,0,0,0,0,0,0,0,0,0,0,0,78.18181818,182,84.23140496,194,12,12,0.297297297,0.378378378,0.054054054,0.27027027,1,0.708320593,0.319482319,None
Dy2Zr2O7,1.32,1180,3,0.686348585,0.646108515,0.636847546,0.636391892,0.636364098,24.36363636,58,20.82644628,66,8,8,69,56,22.90909091,87,31,87,56.31307273,146.5006,51.30831074,162.5,15.9994,15.9994,728.1454545,2073.2,856.985124,2128,54.8,54.8,11.45454545,13,5.785123967,16,3,16,3.272727273,4,1.619834711,6,2,2,108.7272727,126,54.38016529,192,66,66,2.652727273,2.22,1.001983471,3.44,1.22,3.44,2,0,0,2,2,2,2.545454545,4,1.851239669,4,0,4,0.363636364,2,0.595041322,2,0,0,1.818181818,10,2.975206612,10,0,0,6.727272727,8,1.917355372,12,4,6,0,0,0,0,0,0,1.272727273,2,0.925619835,2,0,2,1.454545455,8,2.380165289,8,0,0,0.727272727,4,1.190082645,4,0,0,3.454545455,6,1.851239669,8,2,2,15.69136364,22.135,8.382644628,31.24,9.105,9.105,0,0,0,0,0,0,0,0,0,0,0,0,78.18181818,182,84.23140496,194,12,12,0.297297297,0.378378378,0.054054054,0.27027027,1,0.708320593,0.319482319,None
Y2Zr2O7,2.35,300,3,0.686348585,0.646108515,0.636847546,0.636391892,0.636364098,19.45454545,32,14.5785124,40,8,8,65.54545455,75,27.30578512,87,12,87,42.93231818,75.2246,34.2782595,91.224,15.9994,15.9994,748.8727273,2073.2,883.3652893,2128,54.8,54.8,11.45454545,13,5.785123967,16,3,16,3.090909091,3,1.388429752,5,2,2,108.3636364,124,53.91735537,190,66,66,2.652727273,2.22,1.001983471,3.44,1.22,3.44,2,0,0,2,2,2,2.545454545,4,1.851239669,4,0,4,0.545454545,2,0.694214876,2,0,0,0,0,0,0,0,0,5.090909091,3,1.157024793,6,3,6,0,0,0,0,0,0,1.272727273,2,0.925619835,2,0,2,3.090909091,9,3.933884298,9,0,0,0,0,0,0,0,0,4.363636364,7,3.008264463,9,2,2,15.89590909,23.26,8.642975207,32.365,9.105,9.105,0,0,0,0,0,0,0,0,0,0,0,0,78.18181818,182,84.23140496,194,12,12,0.392857143,0.5,0.107142857,0,1,0.708320593,0.319482319,None
Y2Zr2O7,2.17,380,3,0.686348585,0.646108515,0.636847546,0.636391892,0.636364098,19.45454545,32,14.5785124,40,8,8,65.54545455,75,27.30578512,87,12,87,42.93231818,75.2246,34.2782595,91.224,15.9994,15.9994,748.8727273,2073.2,883.3652893,2128,54.8,54.8,11.45454545,13,5.785123967,16,3,16,3.090909091,3,1.388429752,5,2,2,108.3636364,124,53.91735537,190,66,66,2.652727273,2.22,1.001983471,3.44,1.22,3.44,2,0,0,2,2,2,2.545454545,4,1.851239669,4,0,4,0.545454545,2,0.694214876,2,0,0,0,0,0,0,0,0,5.090909091,3,1.157024793,6,3,6,0,0,0,0,0,0,1.272727273,2,0.925619835,2,0,2,3.090909091,9,3.933884298,9,0,0,0,0,0,0,0,0,4.363636364,7,3.008264463,9,2,2,15.89590909,23.26,8.642975207,32.365,9.105,9.105,0,0,0,0,0,0,0,0,0,0,0,0,78.18181818,182,84.23140496,194,12,12,0.392857143,0.5,0.107142857,0,1,0.708320593,0.319482319,None
Y2Zr2O7,1.97,480,3,0.686348585,0.646108515,0.636847546,0.636391892,0.636364098,19.45454545,32,14.5785124,40,8,8,65.54545455,75,27.30578512,87,12,87,42.93231818,75.2246,34.2782595,91.224,15.9994,15.9994,748.8727273,2073.2,883.3652893,2128,54.8,54.8,11.45454545,13,5.785123967,16,3,16,3.090909091,3,1.388429752,5,2,2,108.3636364,124,53.91735537,190,66,66,2.652727273,2.22,1.001983471,3.44,1.22,3.44,2,0,0,2,2,2,2.545454545,4,1.851239669,4,0,4,0.545454545,2,0.694214876,2,0,0,0,0,0,0,0,0,5.090909091,3,1.157024793,6,3,6,0,0,0,0,0,0,1.272727273,2,0.925619835,2,0,2,3.090909091,9,3.933884298,9,0,0,0,0,0,0,0,0,4.363636364,7,3.008264463,9,2,2,15.89590909,23.26,8.642975207,32.365,9.105,9.105,0,0,0,0,0,0,0,0,0,0,0,0,78.18181818,182,84.23140496,194,12,12,0.392857143,0.5,0.107142857,0,1,0.708320593,0.319482319,None
Y2Zr2O7,1.83,580,3,0.686348585,0.646108515,0.636847546,0.636391892,0.636364098,19.45454545,32,14.5785124,40,8,8,65.54545455,75,27.30578512,87,12,87,42.93231818,75.2246,34.2782595,91.224,15.9994,15.9994,748.8727273,2073.2,883.3652893,2128,54.8,54.8,11.45454545,13,5.785123967,16,3,16,3.090909091,3,1.388429752,5,2,2,108.3636364,124,53.91735537,190,66,66,2.652727273,2.22,1.001983471,3.44,1.22,3.44,2,0,0,2,2,2,2.545454545,4,1.851239669,4,0,4,0.545454545,2,0.694214876,2,0,0,0,0,0,0,0,0,5.090909091,3,1.157024793,6,3,6,0,0,0,0,0,0,1.272727273,2,0.925619835,2,0,2,3.090909091,9,3.933884298,9,0,0,0,0,0,0,0,0,4.363636364,7,3.008264463,9,2,2,15.89590909,23.26,8.642975207,32.365,9.105,9.105,0,0,0,0,0,0,0,0,0,0,0,0,78.18181818,182,84.23140496,194,12,12,0.392857143,0.5,0.107142857,0,1,0.708320593,0.319482319,None
Y2Zr2O7,1.76,680,3,0.686348585,0.646108515,0.636847546,0.636391892,0.636364098,19.45454545,32,14.5785124,40,8,8,65.54545455,75,27.30578512,87,12,87,42.93231818,75.2246,34.2782595,91.224,15.9994,15.9994,748.8727273,2073.2,883.3652893,2128,54.8,54.8,11.45454545,13,5.785123967,16,3,16,3.090909091,3,1.388429752,5,2,2,108.3636364,124,53.91735537,190,66,66,2.652727273,2.22,1.001983471,3.44,1.22,3.44,2,0,0,2,2,2,2.545454545,4,1.851239669,4,0,4,0.545454545,2,0.694214876,2,0,0,0,0,0,0,0,0,5.090909091,3,1.157024793,6,3,6,0,0,0,0,0,0,1.272727273,2,0.925619835,2,0,2,3.090909091,9,3.933884298,9,0,0,0,0,0,0,0,0,4.363636364,7,3.008264463,9,2,2,15.89590909,23.26,8.642975207,32.365,9.105,9.105,0,0,0,0,0,0,0,0,0,0,0,0,78.18181818,182,84.23140496,194,12,12,0.392857143,0.5,0.107142857,0,1,0.708320593,0.319482319,None
Y2Zr2O7,1.73,780,3,0.686348585,0.646108515,0.636847546,0.636391892,0.636364098,19.45454545,32,14.5785124,40,8,8,65.54545455,75,27.30578512,87,12,87,42.93231818,75.2246,34.2782595,91.224,15.9994,15.9994,748.8727273,2073.2,883.3652893,2128,54.8,54.8,11.45454545,13,5.785123967,16,3,16,3.090909091,3,1.388429752,5,2,2,108.3636364,124,53.91735537,190,66,66,2.652727273,2.22,1.001983471,3.44,1.22,3.44,2,0,0,2,2,2,2.545454545,4,1.851239669,4,0,4,0.545454545,2,0.694214876,2,0,0,0,0,0,0,0,0,5.090909091,3,1.157024793,6,3,6,0,0,0,0,0,0,1.272727273,2,0.925619835,2,0,2,3.090909091,9,3.933884298,9,0,0,0,0,0,0,0,0,4.363636364,7,3.008264463,9,2,2,15.89590909,23.26,8.642975207,32.365,9.105,9.105,0,0,0,0,0,0,0,0,0,0,0,0,78.18181818,182,84.23140496,194,12,12,0.392857143,0.5,0.107142857,0,1,0.708320593,0.319482319,None
Y2Zr2O7,1.8,880,3,0.686348585,0.646108515,0.636847546,0.636391892,0.636364098,19.45454545,32,14.5785124,40,8,8,65.54545455,75,27.30578512,87,12,87,42.93231818,75.2246,34.2782595,91.224,15.9994,15.9994,748.8727273,2073.2,883.3652893,2128,54.8,54.8,11.45454545,13,5.785123967,16,3,16,3.090909091,3,1.388429752,5,2,2,108.3636364,124,53.91735537,190,66,66,2.652727273,2.22,1.001983471,3.44,1.22,3.44,2,0,0,2,2,2,2.545454545,4,1.851239669,4,0,4,0.545454545,2,0.694214876,2,0,0,0,0,0,0,0,0,5.090909091,3,1.157024793,6,3,6,0,0,0,0,0,0,1.272727273,2,0.925619835,2,0,2,3.090909091,9,3.933884298,9,0,0,0,0,0,0,0,0,4.363636364,7,3.008264463,9,2,2,15.89590909,23.26,8.642975207,32.365,9.105,9.105,0,0,0,0,0,0,0,0,0,0,0,0,78.18181818,182,84.23140496,194,12,12,0.392857143,0.5,0.107142857,0,1,0.708320593,0.319482319,None
Y2Zr2O7,1.75,980,3,0.686348585,0.646108515,0.636847546,0.636391892,0.636364098,19.45454545,32,14.5785124,40,8,8,65.54545455,75,27.30578512,87,12,87,42.93231818,75.2246,34.2782595,91.224,15.9994,15.9994,748.8727273,2073.2,883.3652893,2128,54.8,54.8,11.45454545,13,5.785123967,16,3,16,3.090909091,3,1.388429752,5,2,2,108.3636364,124,53.91735537,190,66,66,2.652727273,2.22,1.001983471,3.44,1.22,3.44,2,0,0,2,2,2,2.545454545,4,1.851239669,4,0,4,0.545454545,2,0.694214876,2,0,0,0,0,0,0,0,0,5.090909091,3,1.157024793,6,3,6,0,0,0,0,0,0,1.272727273,2,0.925619835,2,0,2,3.090909091,9,3.933884298,9,0,0,0,0,0,0,0,0,4.363636364,7,3.008264463,9,2,2,15.89590909,23.26,8.642975207,32.365,9.105,9.105,0,0,0,0,0,0,0,0,0,0,0,0,78.18181818,182,84.23140496,194,12,12,0.392857143,0.5,0.107142857,0,1,0.708320593,0.319482319,None
Y2Zr2O7,1.7,1080,3,0.686348585,0.646108515,0.636847546,0.636391892,0.636364098,19.45454545,32,14.5785124,40,8,8,65.54545455,75,27.30578512,87,12,87,42.93231818,75.2246,34.2782595,91.224,15.9994,15.9994,748.8727273,2073.2,883.3652893,2128,54.8,54.8,11.45454545,13,5.785123967,16,3,16,3.090909091,3,1.388429752,5,2,2,108.3636364,124,53.91735537,190,66,66,2.652727273,2.22,1.001983471,3.44,1.22,3.44,2,0,0,2,2,2,2.545454545,4,1.851239669,4,0,4,0.545454545,2,0.694214876,2,0,0,0,0,0,0,0,0,5.090909091,3,1.157024793,6,3,6,0,0,0,0,0,0,1.272727273,2,0.925619835,2,0,2,3.090909091,9,3.933884298,9,0,0,0,0,0,0,0,0,4.363636364,7,3.008264463,9,2,2,15.89590909,23.26,8.642975207,32.365,9.105,9.105,0,0,0,0,0,0,0,0,0,0,0,0,78.18181818,182,84.23140496,194,12,12,0.392857143,0.5,0.107142857,0,1,0.708320593,0.319482319,None
Er2Zr2O7,1.9,300,3,0.686348585,0.646108515,0.636847546,0.636391892,0.636364098,24.72727273,60,21.2892562,68,8,8,69.72727273,52,21.98347107,87,35,87,57.17834545,151.2596,52.40956694,167.259,15.9994,15.9994,743.6,2073.2,876.6545455,2128,54.8,54.8,11.45454545,13,5.785123967,16,3,16,3.272727273,4,1.619834711,6,2,2,108.1818182,123,53.68595041,189,66,66,2.656363636,2.2,0.997355372,3.44,1.24,3.44,2,0,0,2,2,2,2.545454545,4,1.851239669,4,0,4,0.363636364,2,0.595041322,2,0,0,2.181818182,12,3.570247934,12,0,0,7.090909091,10,2.512396694,14,4,6,0,0,0,0,0,0,1.272727273,2,0.925619835,2,0,2,1.454545455,8,2.380165289,8,0,0,0.363636364,2,0.595041322,2,0,0,3.090909091,6,1.785123967,8,2,2,15.57227273,21.48,8.23107438,30.585,9.105,9.105,0,0,0,0,0,0,0,0,0,0,0,0,78.18181818,182,84.23140496,194,12,12,0.282051282,0.358974359,0.051282051,0.307692308,1,0.701802721,0.317908102,None
Er2Zr2O7,1.75,380,3,0.686348585,0.646108515,0.636847546,0.636391892,0.636364098,24.72727273,60,21.2892562,68,8,8,69.72727273,52,21.98347107,87,35,87,57.17834545,151.2596,52.40956694,167.259,15.9994,15.9994,743.6,2073.2,876.6545455,2128,54.8,54.8,11.45454545,13,5.785123967,16,3,16,3.272727273,4,1.619834711,6,2,2,108.1818182,123,53.68595041,189,66,66,2.656363636,2.2,0.997355372,3.44,1.24,3.44,2,0,0,2,2,2,2.545454545,4,1.851239669,4,0,4,0.363636364,2,0.595041322,2,0,0,2.181818182,12,3.570247934,12,0,0,7.090909091,10,2.512396694,14,4,6,0,0,0,0,0,0,1.272727273,2,0.925619835,2,0,2,1.454545455,8,2.380165289,8,0,0,0.363636364,2,0.595041322,2,0,0,3.090909091,6,1.785123967,8,2,2,15.57227273,21.48,8.23107438,30.585,9.105,9.105,0,0,0,0,0,0,0,0,0,0,0,0,78.18181818,182,84.23140496,194,12,12,0.282051282,0.358974359,0.051282051,0.307692308,1,0.701802721,0.317908102,None
Er2Zr2O7,1.67,480,3,0.686348585,0.646108515,0.636847546,0.636391892,0.636364098,24.72727273,60,21.2892562,68,8,8,69.72727273,52,21.98347107,87,35,87,57.17834545,151.2596,52.40956694,167.259,15.9994,15.9994,743.6,2073.2,876.6545455,2128,54.8,54.8,11.45454545,13,5.785123967,16,3,16,3.272727273,4,1.619834711,6,2,2,108.1818182,123,53.68595041,189,66,66,2.656363636,2.2,0.997355372,3.44,1.24,3.44,2,0,0,2,2,2,2.545454545,4,1.851239669,4,0,4,0.363636364,2,0.595041322,2,0,0,2.181818182,12,3.570247934,12,0,0,7.090909091,10,2.512396694,14,4,6,0,0,0,0,0,0,1.272727273,2,0.925619835,2,0,2,1.454545455,8,2.380165289,8,0,0,0.363636364,2,0.595041322,2,0,0,3.090909091,6,1.785123967,8,2,2,15.57227273,21.48,8.23107438,30.585,9.105,9.105,0,0,0,0,0,0,0,0,0,0,0,0,78.18181818,182,84.23140496,194,12,12,0.282051282,0.358974359,0.051282051,0.307692308,1,0.701802721,0.317908102,None
Er2Zr2O7,1.6,580,3,0.686348585,0.646108515,0.636847546,0.636391892,0.636364098,24.72727273,60,21.2892562,68,8,8,69.72727273,52,21.98347107,87,35,87,57.17834545,151.2596,52.40956694,167.259,15.9994,15.9994,743.6,2073.2,876.6545455,2128,54.8,54.8,11.45454545,13,5.785123967,16,3,16,3.272727273,4,1.619834711,6,2,2,108.1818182,123,53.68595041,189,66,66,2.656363636,2.2,0.997355372,3.44,1.24,3.44,2,0,0,2,2,2,2.545454545,4,1.851239669,4,0,4,0.363636364,2,0.595041322,2,0,0,2.181818182,12,3.570247934,12,0,0,7.090909091,10,2.512396694,14,4,6,0,0,0,0,0,0,1.272727273,2,0.925619835,2,0,2,1.454545455,8,2.380165289,8,0,0,0.363636364,2,0.595041322,2,0,0,3.090909091,6,1.785123967,8,2,2,15.57227273,21.48,8.23107438,30.585,9.105,9.105,0,0,0,0,0,0,0,0,0,0,0,0,78.18181818,182,84.23140496,194,12,12,0.282051282,0.358974359,0.051282051,0.307692308,1,0.701802721,0.317908102,None
Er2Zr2O7,1.57,680,3,0.686348585,0.646108515,0.636847546,0.636391892,0.636364098,24.72727273,60,21.2892562,68,8,8,69.72727273,52,21.98347107,87,35,87,57.17834545,151.2596,52.40956694,167.259,15.9994,15.9994,743.6,2073.2,876.6545455,2128,54.8,54.8,11.45454545,13,5.785123967,16,3,16,3.272727273,4,1.619834711,6,2,2,108.1818182,123,53.68595041,189,66,66,2.656363636,2.2,0.997355372,3.44,1.24,3.44,2,0,0,2,2,2,2.545454545,4,1.851239669,4,0,4,0.363636364,2,0.595041322,2,0,0,2.181818182,12,3.570247934,12,0,0,7.090909091,10,2.512396694,14,4,6,0,0,0,0,0,0,1.272727273,2,0.925619835,2,0,2,1.454545455,8,2.380165289,8,0,0,0.363636364,2,0.595041322,2,0,0,3.090909091,6,1.785123967,8,2,2,15.57227273,21.48,8.23107438,30.585,9.105,9.105,0,0,0,0,0,0,0,0,0,0,0,0,78.18181818,182,84.23140496,194,12,12,0.282051282,0.358974359,0.051282051,0.307692308,1,0.701802721,0.317908102,None
Er2Zr2O7,1.55,780,3,0.686348585,0.646108515,0.636847546,0.636391892,0.636364098,24.72727273,60,21.2892562,68,8,8,69.72727273,52,21.98347107,87,35,87,57.17834545,151.2596,52.40956694,167.259,15.9994,15.9994,743.6,2073.2,876.6545455,2128,54.8,54.8,11.45454545,13,5.785123967,16,3,16,3.272727273,4,1.619834711,6,2,2,108.1818182,123,53.68595041,189,66,66,2.656363636,2.2,0.997355372,3.44,1.24,3.44,2,0,0,2,2,2,2.545454545,4,1.851239669,4,0,4,0.363636364,2,0.595041322,2,0,0,2.181818182,12,3.570247934,12,0,0,7.090909091,10,2.512396694,14,4,6,0,0,0,0,0,0,1.272727273,2,0.925619835,2,0,2,1.454545455,8,2.380165289,8,0,0,0.363636364,2,0.595041322,2,0,0,3.090909091,6,1.785123967,8,2,2,15.57227273,21.48,8.23107438,30.585,9.105,9.105,0,0,0,0,0,0,0,0,0,0,0,0,78.18181818,182,84.23140496,194,12,12,0.282051282,0.358974359,0.051282051,0.307692308,1,0.701802721,0.317908102,None
Er2Zr2O7,1.5,880,3,0.686348585,0.646108515,0.636847546,0.636391892,0.636364098,24.72727273,60,21.2892562,68,8,8,69.72727273,52,21.98347107,87,35,87,57.17834545,151.2596,52.40956694,167.259,15.9994,15.9994,743.6,2073.2,876.6545455,2128,54.8,54.8,11.45454545,13,5.785123967,16,3,16,3.272727273,4,1.619834711,6,2,2,108.1818182,123,53.68595041,189,66,66,2.656363636,2.2,0.997355372,3.44,1.24,3.44,2,0,0,2,2,2,2.545454545,4,1.851239669,4,0,4,0.363636364,2,0.595041322,2,0,0,2.181818182,12,3.570247934,12,0,0,7.090909091,10,2.512396694,14,4,6,0,0,0,0,0,0,1.272727273,2,0.925619835,2,0,2,1.454545455,8,2.380165289,8,0,0,0.363636364,2,0.595041322,2,0,0,3.090909091,6,1.785123967,8,2,2,15.57227273,21.48,8.23107438,30.585,9.105,9.105,0,0,0,0,0,0,0,0,0,0,0,0,78.18181818,182,84.23140496,194,12,12,0.282051282,0.358974359,0.051282051,0.307692308,1,0.701802721,0.317908102,None
Er2Zr2O7,1.47,980,3,0.686348585,0.646108515,0.636847546,0.636391892,0.636364098,24.72727273,60,21.2892562,68,8,8,69.72727273,52,21.98347107,87,35,87,57.17834545,151.2596,52.40956694,167.259,15.9994,15.9994,743.6,2073.2,876.6545455,2128,54.8,54.8,11.45454545,13,5.785123967,16,3,16,3.272727273,4,1.619834711,6,2,2,108.1818182,123,53.68595041,189,66,66,2.656363636,2.2,0.997355372,3.44,1.24,3.44,2,0,0,2,2,2,2.545454545,4,1.851239669,4,0,4,0.363636364,2,0.595041322,2,0,0,2.181818182,12,3.570247934,12,0,0,7.090909091,10,2.512396694,14,4,6,0,0,0,0,0,0,1.272727273,2,0.925619835,2,0,2,1.454545455,8,2.380165289,8,0,0,0.363636364,2,0.595041322,2,0,0,3.090909091,6,1.785123967,8,2,2,15.57227273,21.48,8.23107438,30.585,9.105,9.105,0,0,0,0,0,0,0,0,0,0,0,0,78.18181818,182,84.23140496,194,12,12,0.282051282,0.358974359,0.051282051,0.307692308,1,0.701802721,0.317908102,None
Er2Zr2O7,1.5,1080,3,0.686348585,0.646108515,0.636847546,0.636391892,0.636364098,24.72727273,60,21.2892562,68,8,8,69.72727273,52,21.98347107,87,35,87,57.17834545,151.2596,52.40956694,167.259,15.9994,15.9994,743.6,2073.2,876.6545455,2128,54.8,54.8,11.45454545,13,5.785123967,16,3,16,3.272727273,4,1.619834711,6,2,2,108.1818182,123,53.68595041,189,66,66,2.656363636,2.2,0.997355372,3.44,1.24,3.44,2,0,0,2,2,2,2.545454545,4,1.851239669,4,0,4,0.363636364,2,0.595041322,2,0,0,2.181818182,12,3.570247934,12,0,0,7.090909091,10,2.512396694,14,4,6,0,0,0,0,0,0,1.272727273,2,0.925619835,2,0,2,1.454545455,8,2.380165289,8,0,0,0.363636364,2,0.595041322,2,0,0,3.090909091,6,1.785123967,8,2,2,15.57227273,21.48,8.23107438,30.585,9.105,9.105,0,0,0,0,0,0,0,0,0,0,0,0,78.18181818,182,84.23140496,194,12,12,0.282051282,0.358974359,0.051282051,0.307692308,1,0.701802721,0.317908102,None
Er2Zr2O7,1.4,1180,3,0.686348585,0.646108515,0.636847546,0.636391892,0.636364098,24.72727273,60,21.2892562,68,8,8,69.72727273,52,21.98347107,87,35,87,57.17834545,151.2596,52.40956694,167.259,15.9994,15.9994,743.6,2073.2,876.6545455,2128,54.8,54.8,11.45454545,13,5.785123967,16,3,16,3.272727273,4,1.619834711,6,2,2,108.1818182,123,53.68595041,189,66,66,2.656363636,2.2,0.997355372,3.44,1.24,3.44,2,0,0,2,2,2,2.545454545,4,1.851239669,4,0,4,0.363636364,2,0.595041322,2,0,0,2.181818182,12,3.570247934,12,0,0,7.090909091,10,2.512396694,14,4,6,0,0,0,0,0,0,1.272727273,2,0.925619835,2,0,2,1.454545455,8,2.380165289,8,0,0,0.363636364,2,0.595041322,2,0,0,3.090909091,6,1.785123967,8,2,2,15.57227273,21.48,8.23107438,30.585,9.105,9.105,0,0,0,0,0,0,0,0,0,0,0,0,78.18181818,182,84.23140496,194,12,12,0.282051282,0.358974359,0.051282051,0.307692308,1,0.701802721,0.317908102,None
Y0.6Yb0.6Lu0.6Eu0.6Er0.6Al5O12,3.58,300,7,0.65345237,0.614251408,0.601499713,0.600186711,0.600009463,17.38,63,13.446,71,8,8,75.01,75,14.388,87,12,87,39.02951415,158.9674,33.66012476,174.9668,15.9994,15.9994,497.0075,1881.2,530.649,1936,54.8,54.8,13.3,13,3.24,16,3,16,2.82,4,0.984,6,2,2,98.38,132,38.856,198,66,66,2.65175,2.255,0.9459,3.44,1.185,3.44,2,0,0,2,2,2,2.65,4,1.62,4,0,4,0.06,1,0.1128,1,0,0,1.41,14,2.4816,14,0,0,6.12,14,1.8912,17,3,6,0,0,0,0,0,0,2.45,5,1.275,5,0,2,0.54,9,1.0152,9,0,0,0.27,7,0.5076,7,0,0,3.26,9,1.7832,9,0,2,14.45485,27.355,6.41982,36.46,9.105,9.105,0,0,0,0,0,0,6.74E-05,0.0022471,1.31E-04,0.0022471,0,0,94.53,217,99.036,229,12,12,0.326797386,0.433006536,0.009803922,0.230392157,1,0.719520951,0.299345256,None
Y0.6Yb0.6Lu0.6Eu0.6Er0.6Al5O12,3.5,450,7,0.65345237,0.614251408,0.601499713,0.600186711,0.600009463,17.38,63,13.446,71,8,8,75.01,75,14.388,87,12,87,39.02951415,158.9674,33.66012476,174.9668,15.9994,15.9994,497.0075,1881.2,530.649,1936,54.8,54.8,13.3,13,3.24,16,3,16,2.82,4,0.984,6,2,2,98.38,132,38.856,198,66,66,2.65175,2.255,0.9459,3.44,1.185,3.44,2,0,0,2,2,2,2.65,4,1.62,4,0,4,0.06,1,0.1128,1,0,0,1.41,14,2.4816,14,0,0,6.12,14,1.8912,17,3,6,0,0,0,0,0,0,2.45,5,1.275,5,0,2,0.54,9,1.0152,9,0,0,0.27,7,0.5076,7,0,0,3.26,9,1.7832,9,0,2,14.45485,27.355,6.41982,36.46,9.105,9.105,0,0,0,0,0,0,6.74E-05,0.0022471,1.31E-04,0.0022471,0,0,94.53,217,99.036,229,12,12,0.326797386,0.433006536,0.009803922,0.230392157,1,0.719520951,0.299345256,None
Y0.6Yb0.6Lu0.6Eu0.6Er0.6Al5O12,3.1,570,7,0.65345237,0.614251408,0.601499713,0.600186711,0.600009463,17.38,63,13.446,71,8,8,75.01,75,14.388,87,12,87,39.02951415,158.9674,33.66012476,174.9668,15.9994,15.9994,497.0075,1881.2,530.649,1936,54.8,54.8,13.3,13,3.24,16,3,16,2.82,4,0.984,6,2,2,98.38,132,38.856,198,66,66,2.65175,2.255,0.9459,3.44,1.185,3.44,2,0,0,2,2,2,2.65,4,1.62,4,0,4,0.06,1,0.1128,1,0,0,1.41,14,2.4816,14,0,0,6.12,14,1.8912,17,3,6,0,0,0,0,0,0,2.45,5,1.275,5,0,2,0.54,9,1.0152,9,0,0,0.27,7,0.5076,7,0,0,3.26,9,1.7832,9,0,2,14.45485,27.355,6.41982,36.46,9.105,9.105,0,0,0,0,0,0,6.74E-05,0.0022471,1.31E-04,0.0022471,0,0,94.53,217,99.036,229,12,12,0.326797386,0.433006536,0.009803922,0.230392157,1,0.719520951,0.299345256,None
Y0.6Yb0.6Lu0.6Eu0.6Er0.6Al5O12,2.9,680,7,0.65345237,0.614251408,0.601499713,0.600186711,0.600009463,17.38,63,13.446,71,8,8,75.01,75,14.388,87,12,87,39.02951415,158.9674,33.66012476,174.9668,15.9994,15.9994,497.0075,1881.2,530.649,1936,54.8,54.8,13.3,13,3.24,16,3,16,2.82,4,0.984,6,2,2,98.38,132,38.856,198,66,66,2.65175,2.255,0.9459,3.44,1.185,3.44,2,0,0,2,2,2,2.65,4,1.62,4,0,4,0.06,1,0.1128,1,0,0,1.41,14,2.4816,14,0,0,6.12,14,1.8912,17,3,6,0,0,0,0,0,0,2.45,5,1.275,5,0,2,0.54,9,1.0152,9,0,0,0.27,7,0.5076,7,0,0,3.26,9,1.7832,9,0,2,14.45485,27.355,6.41982,36.46,9.105,9.105,0,0,0,0,0,0,6.74E-05,0.0022471,1.31E-04,0.0022471,0,0,94.53,217,99.036,229,12,12,0.326797386,0.433006536,0.009803922,0.230392157,1,0.719520951,0.299345256,None
Y0.6Yb0.6Lu0.6Eu0.6Er0.6Al5O12,2.73,780,7,0.65345237,0.614251408,0.601499713,0.600186711,0.600009463,17.38,63,13.446,71,8,8,75.01,75,14.388,87,12,87,39.02951415,158.9674,33.66012476,174.9668,15.9994,15.9994,497.0075,1881.2,530.649,1936,54.8,54.8,13.3,13,3.24,16,3,16,2.82,4,0.984,6,2,2,98.38,132,38.856,198,66,66,2.65175,2.255,0.9459,3.44,1.185,3.44,2,0,0,2,2,2,2.65,4,1.62,4,0,4,0.06,1,0.1128,1,0,0,1.41,14,2.4816,14,0,0,6.12,14,1.8912,17,3,6,0,0,0,0,0,0,2.45,5,1.275,5,0,2,0.54,9,1.0152,9,0,0,0.27,7,0.5076,7,0,0,3.26,9,1.7832,9,0,2,14.45485,27.355,6.41982,36.46,9.105,9.105,0,0,0,0,0,0,6.74E-05,0.0022471,1.31E-04,0.0022471,0,0,94.53,217,99.036,229,12,12,0.326797386,0.433006536,0.009803922,0.230392157,1,0.719520951,0.299345256,None
Y0.6Yb0.6Lu0.6Eu0.6Er0.6Al5O12,2.6,880,7,0.65345237,0.614251408,0.601499713,0.600186711,0.600009463,17.38,63,13.446,71,8,8,75.01,75,14.388,87,12,87,39.02951415,158.9674,33.66012476,174.9668,15.9994,15.9994,497.0075,1881.2,530.649,1936,54.8,54.8,13.3,13,3.24,16,3,16,2.82,4,0.984,6,2,2,98.38,132,38.856,198,66,66,2.65175,2.255,0.9459,3.44,1.185,3.44,2,0,0,2,2,2,2.65,4,1.62,4,0,4,0.06,1,0.1128,1,0,0,1.41,14,2.4816,14,0,0,6.12,14,1.8912,17,3,6,0,0,0,0,0,0,2.45,5,1.275,5,0,2,0.54,9,1.0152,9,0,0,0.27,7,0.5076,7,0,0,3.26,9,1.7832,9,0,2,14.45485,27.355,6.41982,36.46,9.105,9.105,0,0,0,0,0,0,6.74E-05,0.0022471,1.31E-04,0.0022471,0,0,94.53,217,99.036,229,12,12,0.326797386,0.433006536,0.009803922,0.230392157,1,0.719520951,0.299345256,None
Y0.6Yb0.6Lu0.6Eu0.6Er0.6Al5O12,2.55,980,7,0.65345237,0.614251408,0.601499713,0.600186711,0.600009463,17.38,63,13.446,71,8,8,75.01,75,14.388,87,12,87,39.02951415,158.9674,33.66012476,174.9668,15.9994,15.9994,497.0075,1881.2,530.649,1936,54.8,54.8,13.3,13,3.24,16,3,16,2.82,4,0.984,6,2,2,98.38,132,38.856,198,66,66,2.65175,2.255,0.9459,3.44,1.185,3.44,2,0,0,2,2,2,2.65,4,1.62,4,0,4,0.06,1,0.1128,1,0,0,1.41,14,2.4816,14,0,0,6.12,14,1.8912,17,3,6,0,0,0,0,0,0,2.45,5,1.275,5,0,2,0.54,9,1.0152,9,0,0,0.27,7,0.5076,7,0,0,3.26,9,1.7832,9,0,2,14.45485,27.355,6.41982,36.46,9.105,9.105,0,0,0,0,0,0,6.74E-05,0.0022471,1.31E-04,0.0022471,0,0,94.53,217,99.036,229,12,12,0.326797386,0.433006536,0.009803922,0.230392157,1,0.719520951,0.299345256,None
Y0.6Yb0.6Lu0.6Eu0.6Er0.6Al5O12,2.45,1080,7,0.65345237,0.614251408,0.601499713,0.600186711,0.600009463,17.38,63,13.446,71,8,8,75.01,75,14.388,87,12,87,39.02951415,158.9674,33.66012476,174.9668,15.9994,15.9994,497.0075,1881.2,530.649,1936,54.8,54.8,13.3,13,3.24,16,3,16,2.82,4,0.984,6,2,2,98.38,132,38.856,198,66,66,2.65175,2.255,0.9459,3.44,1.185,3.44,2,0,0,2,2,2,2.65,4,1.62,4,0,4,0.06,1,0.1128,1,0,0,1.41,14,2.4816,14,0,0,6.12,14,1.8912,17,3,6,0,0,0,0,0,0,2.45,5,1.275,5,0,2,0.54,9,1.0152,9,0,0,0.27,7,0.5076,7,0,0,3.26,9,1.7832,9,0,2,14.45485,27.355,6.41982,36.46,9.105,9.105,0,0,0,0,0,0,6.74E-05,0.0022471,1.31E-04,0.0022471,0,0,94.53,217,99.036,229,12,12,0.326797386,0.433006536,0.009803922,0.230392157,1,0.719520951,0.299345256,None
Y0.6Yb0.6Lu0.6Eu0.6Er0.6Al5O12,2.42,1180,7,0.65345237,0.614251408,0.601499713,0.600186711,0.600009463,17.38,63,13.446,71,8,8,75.01,75,14.388,87,12,87,39.02951415,158.9674,33.66012476,174.9668,15.9994,15.9994,497.0075,1881.2,530.649,1936,54.8,54.8,13.3,13,3.24,16,3,16,2.82,4,0.984,6,2,2,98.38,132,38.856,198,66,66,2.65175,2.255,0.9459,3.44,1.185,3.44,2,0,0,2,2,2,2.65,4,1.62,4,0,4,0.06,1,0.1128,1,0,0,1.41,14,2.4816,14,0,0,6.12,14,1.8912,17,3,6,0,0,0,0,0,0,2.45,5,1.275,5,0,2,0.54,9,1.0152,9,0,0,0.27,7,0.5076,7,0,0,3.26,9,1.7832,9,0,2,14.45485,27.355,6.41982,36.46,9.105,9.105,0,0,0,0,0,0,6.74E-05,0.0022471,1.31E-04,0.0022471,0,0,94.53,217,99.036,229,12,12,0.326797386,0.433006536,0.009803922,0.230392157,1,0.719520951,0.299345256,None
NbC0.98,29,1273,2,0.707142853,0.630024794,0.574466338,0.552213607,0.536132386,23.67676768,35,17.49821447,41,6,41,61.84848485,30,14.99846954,77,47,47,52.86710404,80.89568,40.44371309,92.90638,12.0107,92.90638,3281.080808,1073,536.4452607,3823,2750,2750,9.454545455,9,4.499540863,14,5,5,3.515151515,3,1.499846954,5,2,5,120.4444444,88,43.99551066,164,76,164,2.07020202,0.95,0.474951536,2.55,1.6,1.6,1.494949495,1,0.499948985,2,1,1,0.98989899,2,0.99989797,2,0,0,2.02020202,4,1.999795939,4,0,4,0,0,0,0,0,0,4.505050505,1,0.499948985,5,4,5,0.505050505,1,0.499948985,1,0,1,1.97979798,4,1.999795939,4,0,0,3.03030303,6,2.999693909,6,0,6,0,0,0,0,0,0,5.515151515,3,1.499846954,7,4,7,11.97333333,12.54,6.269360269,18.18,5.64,18.18,2.225292929,4.496,2.247770636,4.496,0,0,0,0,0,0,0,0,211.6767677,35,17.49821447,229,194,229,0.331838565,0.219730942,0.448430493,0,0,0.201982698,0.100981045,None
NbC0.98,30,1373,2,0.707142853,0.630024794,0.574466338,0.552213607,0.536132386,23.67676768,35,17.49821447,41,6,41,61.84848485,30,14.99846954,77,47,47,52.86710404,80.89568,40.44371309,92.90638,12.0107,92.90638,3281.080808,1073,536.4452607,3823,2750,2750,9.454545455,9,4.499540863,14,5,5,3.515151515,3,1.499846954,5,2,5,120.4444444,88,43.99551066,164,76,164,2.07020202,0.95,0.474951536,2.55,1.6,1.6,1.494949495,1,0.499948985,2,1,1,0.98989899,2,0.99989797,2,0,0,2.02020202,4,1.999795939,4,0,4,0,0,0,0,0,0,4.505050505,1,0.499948985,5,4,5,0.505050505,1,0.499948985,1,0,1,1.97979798,4,1.999795939,4,0,0,3.03030303,6,2.999693909,6,0,6,0,0,0,0,0,0,5.515151515,3,1.499846954,7,4,7,11.97333333,12.54,6.269360269,18.18,5.64,18.18,2.225292929,4.496,2.247770636,4.496,0,0,0,0,0,0,0,0,211.6767677,35,17.49821447,229,194,229,0.331838565,0.219730942,0.448430493,0,0,0.201982698,0.100981045,None
NbC0.98,31,1473,2,0.707142853,0.630024794,0.574466338,0.552213607,0.536132386,23.67676768,35,17.49821447,41,6,41,61.84848485,30,14.99846954,77,47,47,52.86710404,80.89568,40.44371309,92.90638,12.0107,92.90638,3281.080808,1073,536.4452607,3823,2750,2750,9.454545455,9,4.499540863,14,5,5,3.515151515,3,1.499846954,5,2,5,120.4444444,88,43.99551066,164,76,164,2.07020202,0.95,0.474951536,2.55,1.6,1.6,1.494949495,1,0.499948985,2,1,1,0.98989899,2,0.99989797,2,0,0,2.02020202,4,1.999795939,4,0,4,0,0,0,0,0,0,4.505050505,1,0.499948985,5,4,5,0.505050505,1,0.499948985,1,0,1,1.97979798,4,1.999795939,4,0,0,3.03030303,6,2.999693909,6,0,6,0,0,0,0,0,0,5.515151515,3,1.499846954,7,4,7,11.97333333,12.54,6.269360269,18.18,5.64,18.18,2.225292929,4.496,2.247770636,4.496,0,0,0,0,0,0,0,0,211.6767677,35,17.49821447,229,194,229,0.331838565,0.219730942,0.448430493,0,0,0.201982698,0.100981045,None
NbC0.98,32,1573,2,0.707142853,0.630024794,0.574466338,0.552213607,0.536132386,23.67676768,35,17.49821447,41,6,41,61.84848485,30,14.99846954,77,47,47,52.86710404,80.89568,40.44371309,92.90638,12.0107,92.90638,3281.080808,1073,536.4452607,3823,2750,2750,9.454545455,9,4.499540863,14,5,5,3.515151515,3,1.499846954,5,2,5,120.4444444,88,43.99551066,164,76,164,2.07020202,0.95,0.474951536,2.55,1.6,1.6,1.494949495,1,0.499948985,2,1,1,0.98989899,2,0.99989797,2,0,0,2.02020202,4,1.999795939,4,0,4,0,0,0,0,0,0,4.505050505,1,0.499948985,5,4,5,0.505050505,1,0.499948985,1,0,1,1.97979798,4,1.999795939,4,0,0,3.03030303,6,2.999693909,6,0,6,0,0,0,0,0,0,5.515151515,3,1.499846954,7,4,7,11.97333333,12.54,6.269360269,18.18,5.64,18.18,2.225292929,4.496,2.247770636,4.496,0,0,0,0,0,0,0,0,211.6767677,35,17.49821447,229,194,229,0.331838565,0.219730942,0.448430493,0,0,0.201982698,0.100981045,None
NbC0.98,32.5,1673,2,0.707142853,0.630024794,0.574466338,0.552213607,0.536132386,23.67676768,35,17.49821447,41,6,41,61.84848485,30,14.99846954,77,47,47,52.86710404,80.89568,40.44371309,92.90638,12.0107,92.90638,3281.080808,1073,536.4452607,3823,2750,2750,9.454545455,9,4.499540863,14,5,5,3.515151515,3,1.499846954,5,2,5,120.4444444,88,43.99551066,164,76,164,2.07020202,0.95,0.474951536,2.55,1.6,1.6,1.494949495,1,0.499948985,2,1,1,0.98989899,2,0.99989797,2,0,0,2.02020202,4,1.999795939,4,0,4,0,0,0,0,0,0,4.505050505,1,0.499948985,5,4,5,0.505050505,1,0.499948985,1,0,1,1.97979798,4,1.999795939,4,0,0,3.03030303,6,2.999693909,6,0,6,0,0,0,0,0,0,5.515151515,3,1.499846954,7,4,7,11.97333333,12.54,6.269360269,18.18,5.64,18.18,2.225292929,4.496,2.247770636,4.496,0,0,0,0,0,0,0,0,211.6767677,35,17.49821447,229,194,229,0.331838565,0.219730942,0.448430493,0,0,0.201982698,0.100981045,None
NbC0.98,33,1773,2,0.707142853,0.630024794,0.574466338,0.552213607,0.536132386,23.67676768,35,17.49821447,41,6,41,61.84848485,30,14.99846954,77,47,47,52.86710404,80.89568,40.44371309,92.90638,12.0107,92.90638,3281.080808,1073,536.4452607,3823,2750,2750,9.454545455,9,4.499540863,14,5,5,3.515151515,3,1.499846954,5,2,5,120.4444444,88,43.99551066,164,76,164,2.07020202,0.95,0.474951536,2.55,1.6,1.6,1.494949495,1,0.499948985,2,1,1,0.98989899,2,0.99989797,2,0,0,2.02020202,4,1.999795939,4,0,4,0,0,0,0,0,0,4.505050505,1,0.499948985,5,4,5,0.505050505,1,0.499948985,1,0,1,1.97979798,4,1.999795939,4,0,0,3.03030303,6,2.999693909,6,0,6,0,0,0,0,0,0,5.515151515,3,1.499846954,7,4,7,11.97333333,12.54,6.269360269,18.18,5.64,18.18,2.225292929,4.496,2.247770636,4.496,0,0,0,0,0,0,0,0,211.6767677,35,17.49821447,229,194,229,0.331838565,0.219730942,0.448430493,0,0,0.201982698,0.100981045,None
NbC0.98,34,1873,2,0.707142853,0.630024794,0.574466338,0.552213607,0.536132386,23.67676768,35,17.49821447,41,6,41,61.84848485,30,14.99846954,77,47,47,52.86710404,80.89568,40.44371309,92.90638,12.0107,92.90638,3281.080808,1073,536.4452607,3823,2750,2750,9.454545455,9,4.499540863,14,5,5,3.515151515,3,1.499846954,5,2,5,120.4444444,88,43.99551066,164,76,164,2.07020202,0.95,0.474951536,2.55,1.6,1.6,1.494949495,1,0.499948985,2,1,1,0.98989899,2,0.99989797,2,0,0,2.02020202,4,1.999795939,4,0,4,0,0,0,0,0,0,4.505050505,1,0.499948985,5,4,5,0.505050505,1,0.499948985,1,0,1,1.97979798,4,1.999795939,4,0,0,3.03030303,6,2.999693909,6,0,6,0,0,0,0,0,0,5.515151515,3,1.499846954,7,4,7,11.97333333,12.54,6.269360269,18.18,5.64,18.18,2.225292929,4.496,2.247770636,4.496,0,0,0,0,0,0,0,0,211.6767677,35,17.49821447,229,194,229,0.331838565,0.219730942,0.448430493,0,0,0.201982698,0.100981045,None
NbC0.98,34.5,1973,2,0.707142853,0.630024794,0.574466338,0.552213607,0.536132386,23.67676768,35,17.49821447,41,6,41,61.84848485,30,14.99846954,77,47,47,52.86710404,80.89568,40.44371309,92.90638,12.0107,92.90638,3281.080808,1073,536.4452607,3823,2750,2750,9.454545455,9,4.499540863,14,5,5,3.515151515,3,1.499846954,5,2,5,120.4444444,88,43.99551066,164,76,164,2.07020202,0.95,0.474951536,2.55,1.6,1.6,1.494949495,1,0.499948985,2,1,1,0.98989899,2,0.99989797,2,0,0,2.02020202,4,1.999795939,4,0,4,0,0,0,0,0,0,4.505050505,1,0.499948985,5,4,5,0.505050505,1,0.499948985,1,0,1,1.97979798,4,1.999795939,4,0,0,3.03030303,6,2.999693909,6,0,6,0,0,0,0,0,0,5.515151515,3,1.499846954,7,4,7,11.97333333,12.54,6.269360269,18.18,5.64,18.18,2.225292929,4.496,2.247770636,4.496,0,0,0,0,0,0,0,0,211.6767677,35,17.49821447,229,194,229,0.331838565,0.219730942,0.448430493,0,0,0.201982698,0.100981045,None
NbC0.98,35,2073,2,0.707142853,0.630024794,0.574466338,0.552213607,0.536132386,23.67676768,35,17.49821447,41,6,41,61.84848485,30,14.99846954,77,47,47,52.86710404,80.89568,40.44371309,92.90638,12.0107,92.90638,3281.080808,1073,536.4452607,3823,2750,2750,9.454545455,9,4.499540863,14,5,5,3.515151515,3,1.499846954,5,2,5,120.4444444,88,43.99551066,164,76,164,2.07020202,0.95,0.474951536,2.55,1.6,1.6,1.494949495,1,0.499948985,2,1,1,0.98989899,2,0.99989797,2,0,0,2.02020202,4,1.999795939,4,0,4,0,0,0,0,0,0,4.505050505,1,0.499948985,5,4,5,0.505050505,1,0.499948985,1,0,1,1.97979798,4,1.999795939,4,0,0,3.03030303,6,2.999693909,6,0,6,0,0,0,0,0,0,5.515151515,3,1.499846954,7,4,7,11.97333333,12.54,6.269360269,18.18,5.64,18.18,2.225292929,4.496,2.247770636,4.496,0,0,0,0,0,0,0,0,211.6767677,35,17.49821447,229,194,229,0.331838565,0.219730942,0.448430493,0,0,0.201982698,0.100981045,None
NbC0.98,36,2173,2,0.707142853,0.630024794,0.574466338,0.552213607,0.536132386,23.67676768,35,17.49821447,41,6,41,61.84848485,30,14.99846954,77,47,47,52.86710404,80.89568,40.44371309,92.90638,12.0107,92.90638,3281.080808,1073,536.4452607,3823,2750,2750,9.454545455,9,4.499540863,14,5,5,3.515151515,3,1.499846954,5,2,5,120.4444444,88,43.99551066,164,76,164,2.07020202,0.95,0.474951536,2.55,1.6,1.6,1.494949495,1,0.499948985,2,1,1,0.98989899,2,0.99989797,2,0,0,2.02020202,4,1.999795939,4,0,4,0,0,0,0,0,0,4.505050505,1,0.499948985,5,4,5,0.505050505,1,0.499948985,1,0,1,1.97979798,4,1.999795939,4,0,0,3.03030303,6,2.999693909,6,0,6,0,0,0,0,0,0,5.515151515,3,1.499846954,7,4,7,11.97333333,12.54,6.269360269,18.18,5.64,18.18,2.225292929,4.496,2.247770636,4.496,0,0,0,0,0,0,0,0,211.6767677,35,17.49821447,229,194,229,0.331838565,0.219730942,0.448430493,0,0,0.201982698,0.100981045,None
NbC0.98,36.5,2273,2,0.707142853,0.630024794,0.574466338,0.552213607,0.536132386,23.67676768,35,17.49821447,41,6,41,61.84848485,30,14.99846954,77,47,47,52.86710404,80.89568,40.44371309,92.90638,12.0107,92.90638,3281.080808,1073,536.4452607,3823,2750,2750,9.454545455,9,4.499540863,14,5,5,3.515151515,3,1.499846954,5,2,5,120.4444444,88,43.99551066,164,76,164,2.07020202,0.95,0.474951536,2.55,1.6,1.6,1.494949495,1,0.499948985,2,1,1,0.98989899,2,0.99989797,2,0,0,2.02020202,4,1.999795939,4,0,4,0,0,0,0,0,0,4.505050505,1,0.499948985,5,4,5,0.505050505,1,0.499948985,1,0,1,1.97979798,4,1.999795939,4,0,0,3.03030303,6,2.999693909,6,0,6,0,0,0,0,0,0,5.515151515,3,1.499846954,7,4,7,11.97333333,12.54,6.269360269,18.18,5.64,18.18,2.225292929,4.496,2.247770636,4.496,0,0,0,0,0,0,0,0,211.6767677,35,17.49821447,229,194,229,0.331838565,0.219730942,0.448430493,0,0,0.201982698,0.100981045,None
ZrC0.92,19,298,2,0.707720323,0.631052313,0.576331446,0.554884123,0.5399648,23.70833333,34,16.97048611,40,6,40,59.8125,33,16.47135417,77,44,44,53.26762708,79.2133,39.53788845,91.224,12.0107,91.224,2940.1875,1695,846.0286458,3823,2128,2128,8.791666667,10,4.991319444,14,4,4,3.5625,3,1.497395833,5,2,5,127.5625,99,49.4140625,175,76,175,1.914583333,1.22,0.608940972,2.55,1.33,1.33,2,0,0,2,2,2,0.958333333,2,0.998263889,2,0,0,1.041666667,2,0.998263889,2,0,2,0,0,0,0,0,0,4,0,0,4,4,4,0,0,0,0,0,0,1.916666667,4,1.996527778,4,0,0,4.166666667,8,3.993055556,8,0,8,0,0,0,0,0,0,6.083333333,4,1.996527778,8,4,8,14.78322917,17.555,8.762261285,23.195,5.64,23.195,2.154333333,4.496,2.244097222,4.496,0,0,0,0,0,0,0,0,194,0,0,194,194,194,0.5,0.239583333,0.260416667,0,0,0.310714689,0.155087627,None
ZrC0.92,19.2,323,2,0.707720323,0.631052313,0.576331446,0.554884123,0.5399648,23.70833333,34,16.97048611,40,6,40,59.8125,33,16.47135417,77,44,44,53.26762708,79.2133,39.53788845,91.224,12.0107,91.224,2940.1875,1695,846.0286458,3823,2128,2128,8.791666667,10,4.991319444,14,4,4,3.5625,3,1.497395833,5,2,5,127.5625,99,49.4140625,175,76,175,1.914583333,1.22,0.608940972,2.55,1.33,1.33,2,0,0,2,2,2,0.958333333,2,0.998263889,2,0,0,1.041666667,2,0.998263889,2,0,2,0,0,0,0,0,0,4,0,0,4,4,4,0,0,0,0,0,0,1.916666667,4,1.996527778,4,0,0,4.166666667,8,3.993055556,8,0,8,0,0,0,0,0,0,6.083333333,4,1.996527778,8,4,8,14.78322917,17.555,8.762261285,23.195,5.64,23.195,2.154333333,4.496,2.244097222,4.496,0,0,0,0,0,0,0,0,194,0,0,194,194,194,0.5,0.239583333,0.260416667,0,0,0.310714689,0.155087627,None
ZrC0.92,19.4,393,2,0.707720323,0.631052313,0.576331446,0.554884123,0.5399648,23.70833333,34,16.97048611,40,6,40,59.8125,33,16.47135417,77,44,44,53.26762708,79.2133,39.53788845,91.224,12.0107,91.224,2940.1875,1695,846.0286458,3823,2128,2128,8.791666667,10,4.991319444,14,4,4,3.5625,3,1.497395833,5,2,5,127.5625,99,49.4140625,175,76,175,1.914583333,1.22,0.608940972,2.55,1.33,1.33,2,0,0,2,2,2,0.958333333,2,0.998263889,2,0,0,1.041666667,2,0.998263889,2,0,2,0,0,0,0,0,0,4,0,0,4,4,4,0,0,0,0,0,0,1.916666667,4,1.996527778,4,0,0,4.166666667,8,3.993055556,8,0,8,0,0,0,0,0,0,6.083333333,4,1.996527778,8,4,8,14.78322917,17.555,8.762261285,23.195,5.64,23.195,2.154333333,4.496,2.244097222,4.496,0,0,0,0,0,0,0,0,194,0,0,194,194,194,0.5,0.239583333,0.260416667,0,0,0.310714689,0.155087627,None
ZrC0.92,19.6,408,2,0.707720323,0.631052313,0.576331446,0.554884123,0.5399648,23.70833333,34,16.97048611,40,6,40,59.8125,33,16.47135417,77,44,44,53.26762708,79.2133,39.53788845,91.224,12.0107,91.224,2940.1875,1695,846.0286458,3823,2128,2128,8.791666667,10,4.991319444,14,4,4,3.5625,3,1.497395833,5,2,5,127.5625,99,49.4140625,175,76,175,1.914583333,1.22,0.608940972,2.55,1.33,1.33,2,0,0,2,2,2,0.958333333,2,0.998263889,2,0,0,1.041666667,2,0.998263889,2,0,2,0,0,0,0,0,0,4,0,0,4,4,4,0,0,0,0,0,0,1.916666667,4,1.996527778,4,0,0,4.166666667,8,3.993055556,8,0,8,0,0,0,0,0,0,6.083333333,4,1.996527778,8,4,8,14.78322917,17.555,8.762261285,23.195,5.64,23.195,2.154333333,4.496,2.244097222,4.496,0,0,0,0,0,0,0,0,194,0,0,194,194,194,0.5,0.239583333,0.260416667,0,0,0.310714689,0.155087627,None
ZrC0.92,19.8,473,2,0.707720323,0.631052313,0.576331446,0.554884123,0.5399648,23.70833333,34,16.97048611,40,6,40,59.8125,33,16.47135417,77,44,44,53.26762708,79.2133,39.53788845,91.224,12.0107,91.224,2940.1875,1695,846.0286458,3823,2128,2128,8.791666667,10,4.991319444,14,4,4,3.5625,3,1.497395833,5,2,5,127.5625,99,49.4140625,175,76,175,1.914583333,1.22,0.608940972,2.55,1.33,1.33,2,0,0,2,2,2,0.958333333,2,0.998263889,2,0,0,1.041666667,2,0.998263889,2,0,2,0,0,0,0,0,0,4,0,0,4,4,4,0,0,0,0,0,0,1.916666667,4,1.996527778,4,0,0,4.166666667,8,3.993055556,8,0,8,0,0,0,0,0,0,6.083333333,4,1.996527778,8,4,8,14.78322917,17.555,8.762261285,23.195,5.64,23.195,2.154333333,4.496,2.244097222,4.496,0,0,0,0,0,0,0,0,194,0,0,194,194,194,0.5,0.239583333,0.260416667,0,0,0.310714689,0.155087627,None
ZrC0.92,20,573,2,0.707720323,0.631052313,0.576331446,0.554884123,0.5399648,23.70833333,34,16.97048611,40,6,40,59.8125,33,16.47135417,77,44,44,53.26762708,79.2133,39.53788845,91.224,12.0107,91.224,2940.1875,1695,846.0286458,3823,2128,2128,8.791666667,10,4.991319444,14,4,4,3.5625,3,1.497395833,5,2,5,127.5625,99,49.4140625,175,76,175,1.914583333,1.22,0.608940972,2.55,1.33,1.33,2,0,0,2,2,2,0.958333333,2,0.998263889,2,0,0,1.041666667,2,0.998263889,2,0,2,0,0,0,0,0,0,4,0,0,4,4,4,0,0,0,0,0,0,1.916666667,4,1.996527778,4,0,0,4.166666667,8,3.993055556,8,0,8,0,0,0,0,0,0,6.083333333,4,1.996527778,8,4,8,14.78322917,17.555,8.762261285,23.195,5.64,23.195,2.154333333,4.496,2.244097222,4.496,0,0,0,0,0,0,0,0,194,0,0,194,194,194,0.5,0.239583333,0.260416667,0,0,0.310714689,0.155087627,None
ZrC0.92,20.5,673,2,0.707720323,0.631052313,0.576331446,0.554884123,0.5399648,23.70833333,34,16.97048611,40,6,40,59.8125,33,16.47135417,77,44,44,53.26762708,79.2133,39.53788845,91.224,12.0107,91.224,2940.1875,1695,846.0286458,3823,2128,2128,8.791666667,10,4.991319444,14,4,4,3.5625,3,1.497395833,5,2,5,127.5625,99,49.4140625,175,76,175,1.914583333,1.22,0.608940972,2.55,1.33,1.33,2,0,0,2,2,2,0.958333333,2,0.998263889,2,0,0,1.041666667,2,0.998263889,2,0,2,0,0,0,0,0,0,4,0,0,4,4,4,0,0,0,0,0,0,1.916666667,4,1.996527778,4,0,0,4.166666667,8,3.993055556,8,0,8,0,0,0,0,0,0,6.083333333,4,1.996527778,8,4,8,14.78322917,17.555,8.762261285,23.195,5.64,23.195,2.154333333,4.496,2.244097222,4.496,0,0,0,0,0,0,0,0,194,0,0,194,194,194,0.5,0.239583333,0.260416667,0,0,0.310714689,0.155087627,None
ZrC0.92,21,773,2,0.707720323,0.631052313,0.576331446,0.554884123,0.5399648,23.70833333,34,16.97048611,40,6,40,59.8125,33,16.47135417,77,44,44,53.26762708,79.2133,39.53788845,91.224,12.0107,91.224,2940.1875,1695,846.0286458,3823,2128,2128,8.791666667,10,4.991319444,14,4,4,3.5625,3,1.497395833,5,2,5,127.5625,99,49.4140625,175,76,175,1.914583333,1.22,0.608940972,2.55,1.33,1.33,2,0,0,2,2,2,0.958333333,2,0.998263889,2,0,0,1.041666667,2,0.998263889,2,0,2,0,0,0,0,0,0,4,0,0,4,4,4,0,0,0,0,0,0,1.916666667,4,1.996527778,4,0,0,4.166666667,8,3.993055556,8,0,8,0,0,0,0,0,0,6.083333333,4,1.996527778,8,4,8,14.78322917,17.555,8.762261285,23.195,5.64,23.195,2.154333333,4.496,2.244097222,4.496,0,0,0,0,0,0,0,0,194,0,0,194,194,194,0.5,0.239583333,0.260416667,0,0,0.310714689,0.155087627,None
ZrC0.92,21.5,873,2,0.707720323,0.631052313,0.576331446,0.554884123,0.5399648,23.70833333,34,16.97048611,40,6,40,59.8125,33,16.47135417,77,44,44,53.26762708,79.2133,39.53788845,91.224,12.0107,91.224,2940.1875,1695,846.0286458,3823,2128,2128,8.791666667,10,4.991319444,14,4,4,3.5625,3,1.497395833,5,2,5,127.5625,99,49.4140625,175,76,175,1.914583333,1.22,0.608940972,2.55,1.33,1.33,2,0,0,2,2,2,0.958333333,2,0.998263889,2,0,0,1.041666667,2,0.998263889,2,0,2,0,0,0,0,0,0,4,0,0,4,4,4,0,0,0,0,0,0,1.916666667,4,1.996527778,4,0,0,4.166666667,8,3.993055556,8,0,8,0,0,0,0,0,0,6.083333333,4,1.996527778,8,4,8,14.78322917,17.555,8.762261285,23.195,5.64,23.195,2.154333333,4.496,2.244097222,4.496,0,0,0,0,0,0,0,0,194,0,0,194,194,194,0.5,0.239583333,0.260416667,0,0,0.310714689,0.155087627,None
ZrC0.92,22,973,2,0.707720323,0.631052313,0.576331446,0.554884123,0.5399648,23.70833333,34,16.97048611,40,6,40,59.8125,33,16.47135417,77,44,44,53.26762708,79.2133,39.53788845,91.224,12.0107,91.224,2940.1875,1695,846.0286458,3823,2128,2128,8.791666667,10,4.991319444,14,4,4,3.5625,3,1.497395833,5,2,5,127.5625,99,49.4140625,175,76,175,1.914583333,1.22,0.608940972,2.55,1.33,1.33,2,0,0,2,2,2,0.958333333,2,0.998263889,2,0,0,1.041666667,2,0.998263889,2,0,2,0,0,0,0,0,0,4,0,0,4,4,4,0,0,0,0,0,0,1.916666667,4,1.996527778,4,0,0,4.166666667,8,3.993055556,8,0,8,0,0,0,0,0,0,6.083333333,4,1.996527778,8,4,8,14.78322917,17.555,8.762261285,23.195,5.64,23.195,2.154333333,4.496,2.244097222,4.496,0,0,0,0,0,0,0,0,194,0,0,194,194,194,0.5,0.239583333,0.260416667,0,0,0.310714689,0.155087627,None
ZrC0.92,22.5,1073,2,0.707720323,0.631052313,0.576331446,0.554884123,0.5399648,23.70833333,34,16.97048611,40,6,40,59.8125,33,16.47135417,77,44,44,53.26762708,79.2133,39.53788845,91.224,12.0107,91.224,2940.1875,1695,846.0286458,3823,2128,2128,8.791666667,10,4.991319444,14,4,4,3.5625,3,1.497395833,5,2,5,127.5625,99,49.4140625,175,76,175,1.914583333,1.22,0.608940972,2.55,1.33,1.33,2,0,0,2,2,2,0.958333333,2,0.998263889,2,0,0,1.041666667,2,0.998263889,2,0,2,0,0,0,0,0,0,4,0,0,4,4,4,0,0,0,0,0,0,1.916666667,4,1.996527778,4,0,0,4.166666667,8,3.993055556,8,0,8,0,0,0,0,0,0,6.083333333,4,1.996527778,8,4,8,14.78322917,17.555,8.762261285,23.195,5.64,23.195,2.154333333,4.496,2.244097222,4.496,0,0,0,0,0,0,0,0,194,0,0,194,194,194,0.5,0.239583333,0.260416667,0,0,0.310714689,0.155087627,None
ZrC0.92,23,1173,2,0.707720323,0.631052313,0.576331446,0.554884123,0.5399648,23.70833333,34,16.97048611,40,6,40,59.8125,33,16.47135417,77,44,44,53.26762708,79.2133,39.53788845,91.224,12.0107,91.224,2940.1875,1695,846.0286458,3823,2128,2128,8.791666667,10,4.991319444,14,4,4,3.5625,3,1.497395833,5,2,5,127.5625,99,49.4140625,175,76,175,1.914583333,1.22,0.608940972,2.55,1.33,1.33,2,0,0,2,2,2,0.958333333,2,0.998263889,2,0,0,1.041666667,2,0.998263889,2,0,2,0,0,0,0,0,0,4,0,0,4,4,4,0,0,0,0,0,0,1.916666667,4,1.996527778,4,0,0,4.166666667,8,3.993055556,8,0,8,0,0,0,0,0,0,6.083333333,4,1.996527778,8,4,8,14.78322917,17.555,8.762261285,23.195,5.64,23.195,2.154333333,4.496,2.244097222,4.496,0,0,0,0,0,0,0,0,194,0,0,194,194,194,0.5,0.239583333,0.260416667,0,0,0.310714689,0.155087627,None
ZrC0.92,23.5,1273,2,0.707720323,0.631052313,0.576331446,0.554884123,0.5399648,23.70833333,34,16.97048611,40,6,40,59.8125,33,16.47135417,77,44,44,53.26762708,79.2133,39.53788845,91.224,12.0107,91.224,2940.1875,1695,846.0286458,3823,2128,2128,8.791666667,10,4.991319444,14,4,4,3.5625,3,1.497395833,5,2,5,127.5625,99,49.4140625,175,76,175,1.914583333,1.22,0.608940972,2.55,1.33,1.33,2,0,0,2,2,2,0.958333333,2,0.998263889,2,0,0,1.041666667,2,0.998263889,2,0,2,0,0,0,0,0,0,4,0,0,4,4,4,0,0,0,0,0,0,1.916666667,4,1.996527778,4,0,0,4.166666667,8,3.993055556,8,0,8,0,0,0,0,0,0,6.083333333,4,1.996527778,8,4,8,14.78322917,17.555,8.762261285,23.195,5.64,23.195,2.154333333,4.496,2.244097222,4.496,0,0,0,0,0,0,0,0,194,0,0,194,194,194,0.5,0.239583333,0.260416667,0,0,0.310714689,0.155087627,None
ZrC0.92,24.5,1373,2,0.707720323,0.631052313,0.576331446,0.554884123,0.5399648,23.70833333,34,16.97048611,40,6,40,59.8125,33,16.47135417,77,44,44,53.26762708,79.2133,39.53788845,91.224,12.0107,91.224,2940.1875,1695,846.0286458,3823,2128,2128,8.791666667,10,4.991319444,14,4,4,3.5625,3,1.497395833,5,2,5,127.5625,99,49.4140625,175,76,175,1.914583333,1.22,0.608940972,2.55,1.33,1.33,2,0,0,2,2,2,0.958333333,2,0.998263889,2,0,0,1.041666667,2,0.998263889,2,0,2,0,0,0,0,0,0,4,0,0,4,4,4,0,0,0,0,0,0,1.916666667,4,1.996527778,4,0,0,4.166666667,8,3.993055556,8,0,8,0,0,0,0,0,0,6.083333333,4,1.996527778,8,4,8,14.78322917,17.555,8.762261285,23.195,5.64,23.195,2.154333333,4.496,2.244097222,4.496,0,0,0,0,0,0,0,0,194,0,0,194,194,194,0.5,0.239583333,0.260416667,0,0,0.310714689,0.155087627,None
ZrC0.92,25,1473,2,0.707720323,0.631052313,0.576331446,0.554884123,0.5399648,23.70833333,34,16.97048611,40,6,40,59.8125,33,16.47135417,77,44,44,53.26762708,79.2133,39.53788845,91.224,12.0107,91.224,2940.1875,1695,846.0286458,3823,2128,2128,8.791666667,10,4.991319444,14,4,4,3.5625,3,1.497395833,5,2,5,127.5625,99,49.4140625,175,76,175,1.914583333,1.22,0.608940972,2.55,1.33,1.33,2,0,0,2,2,2,0.958333333,2,0.998263889,2,0,0,1.041666667,2,0.998263889,2,0,2,0,0,0,0,0,0,4,0,0,4,4,4,0,0,0,0,0,0,1.916666667,4,1.996527778,4,0,0,4.166666667,8,3.993055556,8,0,8,0,0,0,0,0,0,6.083333333,4,1.996527778,8,4,8,14.78322917,17.555,8.762261285,23.195,5.64,23.195,2.154333333,4.496,2.244097222,4.496,0,0,0,0,0,0,0,0,194,0,0,194,194,194,0.5,0.239583333,0.260416667,0,0,0.310714689,0.155087627,None
ZrC0.92,26,1573,2,0.707720323,0.631052313,0.576331446,0.554884123,0.5399648,23.70833333,34,16.97048611,40,6,40,59.8125,33,16.47135417,77,44,44,53.26762708,79.2133,39.53788845,91.224,12.0107,91.224,2940.1875,1695,846.0286458,3823,2128,2128,8.791666667,10,4.991319444,14,4,4,3.5625,3,1.497395833,5,2,5,127.5625,99,49.4140625,175,76,175,1.914583333,1.22,0.608940972,2.55,1.33,1.33,2,0,0,2,2,2,0.958333333,2,0.998263889,2,0,0,1.041666667,2,0.998263889,2,0,2,0,0,0,0,0,0,4,0,0,4,4,4,0,0,0,0,0,0,1.916666667,4,1.996527778,4,0,0,4.166666667,8,3.993055556,8,0,8,0,0,0,0,0,0,6.083333333,4,1.996527778,8,4,8,14.78322917,17.555,8.762261285,23.195,5.64,23.195,2.154333333,4.496,2.244097222,4.496,0,0,0,0,0,0,0,0,194,0,0,194,194,194,0.5,0.239583333,0.260416667,0,0,0.310714689,0.155087627,None
ZrC0.92,27,1673,2,0.707720323,0.631052313,0.576331446,0.554884123,0.5399648,23.70833333,34,16.97048611,40,6,40,59.8125,33,16.47135417,77,44,44,53.26762708,79.2133,39.53788845,91.224,12.0107,91.224,2940.1875,1695,846.0286458,3823,2128,2128,8.791666667,10,4.991319444,14,4,4,3.5625,3,1.497395833,5,2,5,127.5625,99,49.4140625,175,76,175,1.914583333,1.22,0.608940972,2.55,1.33,1.33,2,0,0,2,2,2,0.958333333,2,0.998263889,2,0,0,1.041666667,2,0.998263889,2,0,2,0,0,0,0,0,0,4,0,0,4,4,4,0,0,0,0,0,0,1.916666667,4,1.996527778,4,0,0,4.166666667,8,3.993055556,8,0,8,0,0,0,0,0,0,6.083333333,4,1.996527778,8,4,8,14.78322917,17.555,8.762261285,23.195,5.64,23.195,2.154333333,4.496,2.244097222,4.496,0,0,0,0,0,0,0,0,194,0,0,194,194,194,0.5,0.239583333,0.260416667,0,0,0.310714689,0.155087627,None
ZrC0.92,27.5,1773,2,0.707720323,0.631052313,0.576331446,0.554884123,0.5399648,23.70833333,34,16.97048611,40,6,40,59.8125,33,16.47135417,77,44,44,53.26762708,79.2133,39.53788845,91.224,12.0107,91.224,2940.1875,1695,846.0286458,3823,2128,2128,8.791666667,10,4.991319444,14,4,4,3.5625,3,1.497395833,5,2,5,127.5625,99,49.4140625,175,76,175,1.914583333,1.22,0.608940972,2.55,1.33,1.33,2,0,0,2,2,2,0.958333333,2,0.998263889,2,0,0,1.041666667,2,0.998263889,2,0,2,0,0,0,0,0,0,4,0,0,4,4,4,0,0,0,0,0,0,1.916666667,4,1.996527778,4,0,0,4.166666667,8,3.993055556,8,0,8,0,0,0,0,0,0,6.083333333,4,1.996527778,8,4,8,14.78322917,17.555,8.762261285,23.195,5.64,23.195,2.154333333,4.496,2.244097222,4.496,0,0,0,0,0,0,0,0,194,0,0,194,194,194,0.5,0.239583333,0.260416667,0,0,0.310714689,0.155087627,None
ZrC0.92,28,1873,2,0.707720323,0.631052313,0.576331446,0.554884123,0.5399648,23.70833333,34,16.97048611,40,6,40,59.8125,33,16.47135417,77,44,44,53.26762708,79.2133,39.53788845,91.224,12.0107,91.224,2940.1875,1695,846.0286458,3823,2128,2128,8.791666667,10,4.991319444,14,4,4,3.5625,3,1.497395833,5,2,5,127.5625,99,49.4140625,175,76,175,1.914583333,1.22,0.608940972,2.55,1.33,1.33,2,0,0,2,2,2,0.958333333,2,0.998263889,2,0,0,1.041666667,2,0.998263889,2,0,2,0,0,0,0,0,0,4,0,0,4,4,4,0,0,0,0,0,0,1.916666667,4,1.996527778,4,0,0,4.166666667,8,3.993055556,8,0,8,0,0,0,0,0,0,6.083333333,4,1.996527778,8,4,8,14.78322917,17.555,8.762261285,23.195,5.64,23.195,2.154333333,4.496,2.244097222,4.496,0,0,0,0,0,0,0,0,194,0,0,194,194,194,0.5,0.239583333,0.260416667,0,0,0.310714689,0.155087627,None
ZrC0.92,29,1973,2,0.707720323,0.631052313,0.576331446,0.554884123,0.5399648,23.70833333,34,16.97048611,40,6,40,59.8125,33,16.47135417,77,44,44,53.26762708,79.2133,39.53788845,91.224,12.0107,91.224,2940.1875,1695,846.0286458,3823,2128,2128,8.791666667,10,4.991319444,14,4,4,3.5625,3,1.497395833,5,2,5,127.5625,99,49.4140625,175,76,175,1.914583333,1.22,0.608940972,2.55,1.33,1.33,2,0,0,2,2,2,0.958333333,2,0.998263889,2,0,0,1.041666667,2,0.998263889,2,0,2,0,0,0,0,0,0,4,0,0,4,4,4,0,0,0,0,0,0,1.916666667,4,1.996527778,4,0,0,4.166666667,8,3.993055556,8,0,8,0,0,0,0,0,0,6.083333333,4,1.996527778,8,4,8,14.78322917,17.555,8.762261285,23.195,5.64,23.195,2.154333333,4.496,2.244097222,4.496,0,0,0,0,0,0,0,0,194,0,0,194,194,194,0.5,0.239583333,0.260416667,0,0,0.310714689,0.155087627,None
ZrC0.92,30,2073,2,0.707720323,0.631052313,0.576331446,0.554884123,0.5399648,23.70833333,34,16.97048611,40,6,40,59.8125,33,16.47135417,77,44,44,53.26762708,79.2133,39.53788845,91.224,12.0107,91.224,2940.1875,1695,846.0286458,3823,2128,2128,8.791666667,10,4.991319444,14,4,4,3.5625,3,1.497395833,5,2,5,127.5625,99,49.4140625,175,76,175,1.914583333,1.22,0.608940972,2.55,1.33,1.33,2,0,0,2,2,2,0.958333333,2,0.998263889,2,0,0,1.041666667,2,0.998263889,2,0,2,0,0,0,0,0,0,4,0,0,4,4,4,0,0,0,0,0,0,1.916666667,4,1.996527778,4,0,0,4.166666667,8,3.993055556,8,0,8,0,0,0,0,0,0,6.083333333,4,1.996527778,8,4,8,14.78322917,17.555,8.762261285,23.195,5.64,23.195,2.154333333,4.496,2.244097222,4.496,0,0,0,0,0,0,0,0,194,0,0,194,194,194,0.5,0.239583333,0.260416667,0,0,0.310714689,0.155087627,None
ZrC0.92,31,2173,2,0.707720323,0.631052313,0.576331446,0.554884123,0.5399648,23.70833333,34,16.97048611,40,6,40,59.8125,33,16.47135417,77,44,44,53.26762708,79.2133,39.53788845,91.224,12.0107,91.224,2940.1875,1695,846.0286458,3823,2128,2128,8.791666667,10,4.991319444,14,4,4,3.5625,3,1.497395833,5,2,5,127.5625,99,49.4140625,175,76,175,1.914583333,1.22,0.608940972,2.55,1.33,1.33,2,0,0,2,2,2,0.958333333,2,0.998263889,2,0,0,1.041666667,2,0.998263889,2,0,2,0,0,0,0,0,0,4,0,0,4,4,4,0,0,0,0,0,0,1.916666667,4,1.996527778,4,0,0,4.166666667,8,3.993055556,8,0,8,0,0,0,0,0,0,6.083333333,4,1.996527778,8,4,8,14.78322917,17.555,8.762261285,23.195,5.64,23.195,2.154333333,4.496,2.244097222,4.496,0,0,0,0,0,0,0,0,194,0,0,194,194,194,0.5,0.239583333,0.260416667,0,0,0.310714689,0.155087627,None
ZrC0.92,32,2273,2,0.707720323,0.631052313,0.576331446,0.554884123,0.5399648,23.70833333,34,16.97048611,40,6,40,59.8125,33,16.47135417,77,44,44,53.26762708,79.2133,39.53788845,91.224,12.0107,91.224,2940.1875,1695,846.0286458,3823,2128,2128,8.791666667,10,4.991319444,14,4,4,3.5625,3,1.497395833,5,2,5,127.5625,99,49.4140625,175,76,175,1.914583333,1.22,0.608940972,2.55,1.33,1.33,2,0,0,2,2,2,0.958333333,2,0.998263889,2,0,0,1.041666667,2,0.998263889,2,0,2,0,0,0,0,0,0,4,0,0,4,4,4,0,0,0,0,0,0,1.916666667,4,1.996527778,4,0,0,4.166666667,8,3.993055556,8,0,8,0,0,0,0,0,0,6.083333333,4,1.996527778,8,4,8,14.78322917,17.555,8.762261285,23.195,5.64,23.195,2.154333333,4.496,2.244097222,4.496,0,0,0,0,0,0,0,0,194,0,0,194,194,194,0.5,0.239583333,0.260416667,0,0,0.310714689,0.155087627,None
HfC,20,298,2,0.707106781,0.629960525,0.574349177,0.552044757,0.535886731,39,66,33,72,6,39,61,32,16,77,45,61,95.25035,166.4793,83.23965,178.49,12.0107,95.25035,3164.5,1317,658.5,3823,2506,3164.5,9,10,5,14,4,9,4,4,2,6,2,4,125.5,99,49.5,175,76,125.5,1.925,1.25,0.625,2.55,1.3,1.925,2,0,0,2,2,2,1,2,1,2,0,1,1,2,1,2,0,1,7,14,7,14,0,7,11,14,7,18,4,11,0,0,0,0,0,0,2,4,2,4,0,2,4,8,4,8,0,4,0,0,0,0,0,0,6,4,2,8,4,6,13.92,16.56,8.28,22.2,5.64,13.92,2.248,4.496,2.248,4.496,0,2.248,0,0,0,0,0,0,194,0,0,194,194,194,0.181818182,0.090909091,0.090909091,0.636363636,1,0.323366154,0.161683077,None
HfC,21.5,323,2,0.707106781,0.629960525,0.574349177,0.552044757,0.535886731,39,66,33,72,6,39,61,32,16,77,45,61,95.25035,166.4793,83.23965,178.49,12.0107,95.25035,3164.5,1317,658.5,3823,2506,3164.5,9,10,5,14,4,9,4,4,2,6,2,4,125.5,99,49.5,175,76,125.5,1.925,1.25,0.625,2.55,1.3,1.925,2,0,0,2,2,2,1,2,1,2,0,1,1,2,1,2,0,1,7,14,7,14,0,7,11,14,7,18,4,11,0,0,0,0,0,0,2,4,2,4,0,2,4,8,4,8,0,4,0,0,0,0,0,0,6,4,2,8,4,6,13.92,16.56,8.28,22.2,5.64,13.92,2.248,4.496,2.248,4.496,0,2.248,0,0,0,0,0,0,194,0,0,194,194,194,0.181818182,0.090909091,0.090909091,0.636363636,1,0.323366154,0.161683077,None
HfC,22.5,393,2,0.707106781,0.629960525,0.574349177,0.552044757,0.535886731,39,66,33,72,6,39,61,32,16,77,45,61,95.25035,166.4793,83.23965,178.49,12.0107,95.25035,3164.5,1317,658.5,3823,2506,3164.5,9,10,5,14,4,9,4,4,2,6,2,4,125.5,99,49.5,175,76,125.5,1.925,1.25,0.625,2.55,1.3,1.925,2,0,0,2,2,2,1,2,1,2,0,1,1,2,1,2,0,1,7,14,7,14,0,7,11,14,7,18,4,11,0,0,0,0,0,0,2,4,2,4,0,2,4,8,4,8,0,4,0,0,0,0,0,0,6,4,2,8,4,6,13.92,16.56,8.28,22.2,5.64,13.92,2.248,4.496,2.248,4.496,0,2.248,0,0,0,0,0,0,194,0,0,194,194,194,0.181818182,0.090909091,0.090909091,0.636363636,1,0.323366154,0.161683077,None
HfC,24,408,2,0.707106781,0.629960525,0.574349177,0.552044757,0.535886731,39,66,33,72,6,39,61,32,16,77,45,61,95.25035,166.4793,83.23965,178.49,12.0107,95.25035,3164.5,1317,658.5,3823,2506,3164.5,9,10,5,14,4,9,4,4,2,6,2,4,125.5,99,49.5,175,76,125.5,1.925,1.25,0.625,2.55,1.3,1.925,2,0,0,2,2,2,1,2,1,2,0,1,1,2,1,2,0,1,7,14,7,14,0,7,11,14,7,18,4,11,0,0,0,0,0,0,2,4,2,4,0,2,4,8,4,8,0,4,0,0,0,0,0,0,6,4,2,8,4,6,13.92,16.56,8.28,22.2,5.64,13.92,2.248,4.496,2.248,4.496,0,2.248,0,0,0,0,0,0,194,0,0,194,194,194,0.181818182,0.090909091,0.090909091,0.636363636,1,0.323366154,0.161683077,None
HfC,23.5,473,2,0.707106781,0.629960525,0.574349177,0.552044757,0.535886731,39,66,33,72,6,39,61,32,16,77,45,61,95.25035,166.4793,83.23965,178.49,12.0107,95.25035,3164.5,1317,658.5,3823,2506,3164.5,9,10,5,14,4,9,4,4,2,6,2,4,125.5,99,49.5,175,76,125.5,1.925,1.25,0.625,2.55,1.3,1.925,2,0,0,2,2,2,1,2,1,2,0,1,1,2,1,2,0,1,7,14,7,14,0,7,11,14,7,18,4,11,0,0,0,0,0,0,2,4,2,4,0,2,4,8,4,8,0,4,0,0,0,0,0,0,6,4,2,8,4,6,13.92,16.56,8.28,22.2,5.64,13.92,2.248,4.496,2.248,4.496,0,2.248,0,0,0,0,0,0,194,0,0,194,194,194,0.181818182,0.090909091,0.090909091,0.636363636,1,0.323366154,0.161683077,None
HfC,25.5,573,2,0.707106781,0.629960525,0.574349177,0.552044757,0.535886731,39,66,33,72,6,39,61,32,16,77,45,61,95.25035,166.4793,83.23965,178.49,12.0107,95.25035,3164.5,1317,658.5,3823,2506,3164.5,9,10,5,14,4,9,4,4,2,6,2,4,125.5,99,49.5,175,76,125.5,1.925,1.25,0.625,2.55,1.3,1.925,2,0,0,2,2,2,1,2,1,2,0,1,1,2,1,2,0,1,7,14,7,14,0,7,11,14,7,18,4,11,0,0,0,0,0,0,2,4,2,4,0,2,4,8,4,8,0,4,0,0,0,0,0,0,6,4,2,8,4,6,13.92,16.56,8.28,22.2,5.64,13.92,2.248,4.496,2.248,4.496,0,2.248,0,0,0,0,0,0,194,0,0,194,194,194,0.181818182,0.090909091,0.090909091,0.636363636,1,0.323366154,0.161683077,None
HfC,26,673,2,0.707106781,0.629960525,0.574349177,0.552044757,0.535886731,39,66,33,72,6,39,61,32,16,77,45,61,95.25035,166.4793,83.23965,178.49,12.0107,95.25035,3164.5,1317,658.5,3823,2506,3164.5,9,10,5,14,4,9,4,4,2,6,2,4,125.5,99,49.5,175,76,125.5,1.925,1.25,0.625,2.55,1.3,1.925,2,0,0,2,2,2,1,2,1,2,0,1,1,2,1,2,0,1,7,14,7,14,0,7,11,14,7,18,4,11,0,0,0,0,0,0,2,4,2,4,0,2,4,8,4,8,0,4,0,0,0,0,0,0,6,4,2,8,4,6,13.92,16.56,8.28,22.2,5.64,13.92,2.248,4.496,2.248,4.496,0,2.248,0,0,0,0,0,0,194,0,0,194,194,194,0.181818182,0.090909091,0.090909091,0.636363636,1,0.323366154,0.161683077,None
HfC,27,773,2,0.707106781,0.629960525,0.574349177,0.552044757,0.535886731,39,66,33,72,6,39,61,32,16,77,45,61,95.25035,166.4793,83.23965,178.49,12.0107,95.25035,3164.5,1317,658.5,3823,2506,3164.5,9,10,5,14,4,9,4,4,2,6,2,4,125.5,99,49.5,175,76,125.5,1.925,1.25,0.625,2.55,1.3,1.925,2,0,0,2,2,2,1,2,1,2,0,1,1,2,1,2,0,1,7,14,7,14,0,7,11,14,7,18,4,11,0,0,0,0,0,0,2,4,2,4,0,2,4,8,4,8,0,4,0,0,0,0,0,0,6,4,2,8,4,6,13.92,16.56,8.28,22.2,5.64,13.92,2.248,4.496,2.248,4.496,0,2.248,0,0,0,0,0,0,194,0,0,194,194,194,0.181818182,0.090909091,0.090909091,0.636363636,1,0.323366154,0.161683077,None
HfC,28,873,2,0.707106781,0.629960525,0.574349177,0.552044757,0.535886731,39,66,33,72,6,39,61,32,16,77,45,61,95.25035,166.4793,83.23965,178.49,12.0107,95.25035,3164.5,1317,658.5,3823,2506,3164.5,9,10,5,14,4,9,4,4,2,6,2,4,125.5,99,49.5,175,76,125.5,1.925,1.25,0.625,2.55,1.3,1.925,2,0,0,2,2,2,1,2,1,2,0,1,1,2,1,2,0,1,7,14,7,14,0,7,11,14,7,18,4,11,0,0,0,0,0,0,2,4,2,4,0,2,4,8,4,8,0,4,0,0,0,0,0,0,6,4,2,8,4,6,13.92,16.56,8.28,22.2,5.64,13.92,2.248,4.496,2.248,4.496,0,2.248,0,0,0,0,0,0,194,0,0,194,194,194,0.181818182,0.090909091,0.090909091,0.636363636,1,0.323366154,0.161683077,None
HfC,27.5,973,2,0.707106781,0.629960525,0.574349177,0.552044757,0.535886731,39,66,33,72,6,39,61,32,16,77,45,61,95.25035,166.4793,83.23965,178.49,12.0107,95.25035,3164.5,1317,658.5,3823,2506,3164.5,9,10,5,14,4,9,4,4,2,6,2,4,125.5,99,49.5,175,76,125.5,1.925,1.25,0.625,2.55,1.3,1.925,2,0,0,2,2,2,1,2,1,2,0,1,1,2,1,2,0,1,7,14,7,14,0,7,11,14,7,18,4,11,0,0,0,0,0,0,2,4,2,4,0,2,4,8,4,8,0,4,0,0,0,0,0,0,6,4,2,8,4,6,13.92,16.56,8.28,22.2,5.64,13.92,2.248,4.496,2.248,4.496,0,2.248,0,0,0,0,0,0,194,0,0,194,194,194,0.181818182,0.090909091,0.090909091,0.636363636,1,0.323366154,0.161683077,None
HfC,28.5,1073,2,0.707106781,0.629960525,0.574349177,0.552044757,0.535886731,39,66,33,72,6,39,61,32,16,77,45,61,95.25035,166.4793,83.23965,178.49,12.0107,95.25035,3164.5,1317,658.5,3823,2506,3164.5,9,10,5,14,4,9,4,4,2,6,2,4,125.5,99,49.5,175,76,125.5,1.925,1.25,0.625,2.55,1.3,1.925,2,0,0,2,2,2,1,2,1,2,0,1,1,2,1,2,0,1,7,14,7,14,0,7,11,14,7,18,4,11,0,0,0,0,0,0,2,4,2,4,0,2,4,8,4,8,0,4,0,0,0,0,0,0,6,4,2,8,4,6,13.92,16.56,8.28,22.2,5.64,13.92,2.248,4.496,2.248,4.496,0,2.248,0,0,0,0,0,0,194,0,0,194,194,194,0.181818182,0.090909091,0.090909091,0.636363636,1,0.323366154,0.161683077,None
HfC,31,1173,2,0.707106781,0.629960525,0.574349177,0.552044757,0.535886731,39,66,33,72,6,39,61,32,16,77,45,61,95.25035,166.4793,83.23965,178.49,12.0107,95.25035,3164.5,1317,658.5,3823,2506,3164.5,9,10,5,14,4,9,4,4,2,6,2,4,125.5,99,49.5,175,76,125.5,1.925,1.25,0.625,2.55,1.3,1.925,2,0,0,2,2,2,1,2,1,2,0,1,1,2,1,2,0,1,7,14,7,14,0,7,11,14,7,18,4,11,0,0,0,0,0,0,2,4,2,4,0,2,4,8,4,8,0,4,0,0,0,0,0,0,6,4,2,8,4,6,13.92,16.56,8.28,22.2,5.64,13.92,2.248,4.496,2.248,4.496,0,2.248,0,0,0,0,0,0,194,0,0,194,194,194,0.181818182,0.090909091,0.090909091,0.636363636,1,0.323366154,0.161683077,None
HfC,32,1273,2,0.707106781,0.629960525,0.574349177,0.552044757,0.535886731,39,66,33,72,6,39,61,32,16,77,45,61,95.25035,166.4793,83.23965,178.49,12.0107,95.25035,3164.5,1317,658.5,3823,2506,3164.5,9,10,5,14,4,9,4,4,2,6,2,4,125.5,99,49.5,175,76,125.5,1.925,1.25,0.625,2.55,1.3,1.925,2,0,0,2,2,2,1,2,1,2,0,1,1,2,1,2,0,1,7,14,7,14,0,7,11,14,7,18,4,11,0,0,0,0,0,0,2,4,2,4,0,2,4,8,4,8,0,4,0,0,0,0,0,0,6,4,2,8,4,6,13.92,16.56,8.28,22.2,5.64,13.92,2.248,4.496,2.248,4.496,0,2.248,0,0,0,0,0,0,194,0,0,194,194,194,0.181818182,0.090909091,0.090909091,0.636363636,1,0.323366154,0.161683077,None
HfC,32.5,1373,2,0.707106781,0.629960525,0.574349177,0.552044757,0.535886731,39,66,33,72,6,39,61,32,16,77,45,61,95.25035,166.4793,83.23965,178.49,12.0107,95.25035,3164.5,1317,658.5,3823,2506,3164.5,9,10,5,14,4,9,4,4,2,6,2,4,125.5,99,49.5,175,76,125.5,1.925,1.25,0.625,2.55,1.3,1.925,2,0,0,2,2,2,1,2,1,2,0,1,1,2,1,2,0,1,7,14,7,14,0,7,11,14,7,18,4,11,0,0,0,0,0,0,2,4,2,4,0,2,4,8,4,8,0,4,0,0,0,0,0,0,6,4,2,8,4,6,13.92,16.56,8.28,22.2,5.64,13.92,2.248,4.496,2.248,4.496,0,2.248,0,0,0,0,0,0,194,0,0,194,194,194,0.181818182,0.090909091,0.090909091,0.636363636,1,0.323366154,0.161683077,None
HfC,33,1473,2,0.707106781,0.629960525,0.574349177,0.552044757,0.535886731,39,66,33,72,6,39,61,32,16,77,45,61,95.25035,166.4793,83.23965,178.49,12.0107,95.25035,3164.5,1317,658.5,3823,2506,3164.5,9,10,5,14,4,9,4,4,2,6,2,4,125.5,99,49.5,175,76,125.5,1.925,1.25,0.625,2.55,1.3,1.925,2,0,0,2,2,2,1,2,1,2,0,1,1,2,1,2,0,1,7,14,7,14,0,7,11,14,7,18,4,11,0,0,0,0,0,0,2,4,2,4,0,2,4,8,4,8,0,4,0,0,0,0,0,0,6,4,2,8,4,6,13.92,16.56,8.28,22.2,5.64,13.92,2.248,4.496,2.248,4.496,0,2.248,0,0,0,0,0,0,194,0,0,194,194,194,0.181818182,0.090909091,0.090909091,0.636363636,1,0.323366154,0.161683077,None
HfC,35,1573,2,0.707106781,0.629960525,0.574349177,0.552044757,0.535886731,39,66,33,72,6,39,61,32,16,77,45,61,95.25035,166.4793,83.23965,178.49,12.0107,95.25035,3164.5,1317,658.5,3823,2506,3164.5,9,10,5,14,4,9,4,4,2,6,2,4,125.5,99,49.5,175,76,125.5,1.925,1.25,0.625,2.55,1.3,1.925,2,0,0,2,2,2,1,2,1,2,0,1,1,2,1,2,0,1,7,14,7,14,0,7,11,14,7,18,4,11,0,0,0,0,0,0,2,4,2,4,0,2,4,8,4,8,0,4,0,0,0,0,0,0,6,4,2,8,4,6,13.92,16.56,8.28,22.2,5.64,13.92,2.248,4.496,2.248,4.496,0,2.248,0,0,0,0,0,0,194,0,0,194,194,194,0.181818182,0.090909091,0.090909091,0.636363636,1,0.323366154,0.161683077,None
HfC,35.5,1673,2,0.707106781,0.629960525,0.574349177,0.552044757,0.535886731,39,66,33,72,6,39,61,32,16,77,45,61,95.25035,166.4793,83.23965,178.49,12.0107,95.25035,3164.5,1317,658.5,3823,2506,3164.5,9,10,5,14,4,9,4,4,2,6,2,4,125.5,99,49.5,175,76,125.5,1.925,1.25,0.625,2.55,1.3,1.925,2,0,0,2,2,2,1,2,1,2,0,1,1,2,1,2,0,1,7,14,7,14,0,7,11,14,7,18,4,11,0,0,0,0,0,0,2,4,2,4,0,2,4,8,4,8,0,4,0,0,0,0,0,0,6,4,2,8,4,6,13.92,16.56,8.28,22.2,5.64,13.92,2.248,4.496,2.248,4.496,0,2.248,0,0,0,0,0,0,194,0,0,194,194,194,0.181818182,0.090909091,0.090909091,0.636363636,1,0.323366154,0.161683077,None
HfC,36,1773,2,0.707106781,0.629960525,0.574349177,0.552044757,0.535886731,39,66,33,72,6,39,61,32,16,77,45,61,95.25035,166.4793,83.23965,178.49,12.0107,95.25035,3164.5,1317,658.5,3823,2506,3164.5,9,10,5,14,4,9,4,4,2,6,2,4,125.5,99,49.5,175,76,125.5,1.925,1.25,0.625,2.55,1.3,1.925,2,0,0,2,2,2,1,2,1,2,0,1,1,2,1,2,0,1,7,14,7,14,0,7,11,14,7,18,4,11,0,0,0,0,0,0,2,4,2,4,0,2,4,8,4,8,0,4,0,0,0,0,0,0,6,4,2,8,4,6,13.92,16.56,8.28,22.2,5.64,13.92,2.248,4.496,2.248,4.496,0,2.248,0,0,0,0,0,0,194,0,0,194,194,194,0.181818182,0.090909091,0.090909091,0.636363636,1,0.323366154,0.161683077,None
HfC,36.5,1873,2,0.707106781,0.629960525,0.574349177,0.552044757,0.535886731,39,66,33,72,6,39,61,32,16,77,45,61,95.25035,166.4793,83.23965,178.49,12.0107,95.25035,3164.5,1317,658.5,3823,2506,3164.5,9,10,5,14,4,9,4,4,2,6,2,4,125.5,99,49.5,175,76,125.5,1.925,1.25,0.625,2.55,1.3,1.925,2,0,0,2,2,2,1,2,1,2,0,1,1,2,1,2,0,1,7,14,7,14,0,7,11,14,7,18,4,11,0,0,0,0,0,0,2,4,2,4,0,2,4,8,4,8,0,4,0,0,0,0,0,0,6,4,2,8,4,6,13.92,16.56,8.28,22.2,5.64,13.92,2.248,4.496,2.248,4.496,0,2.248,0,0,0,0,0,0,194,0,0,194,194,194,0.181818182,0.090909091,0.090909091,0.636363636,1,0.323366154,0.161683077,None
HfC,37,1973,2,0.707106781,0.629960525,0.574349177,0.552044757,0.535886731,39,66,33,72,6,39,61,32,16,77,45,61,95.25035,166.4793,83.23965,178.49,12.0107,95.25035,3164.5,1317,658.5,3823,2506,3164.5,9,10,5,14,4,9,4,4,2,6,2,4,125.5,99,49.5,175,76,125.5,1.925,1.25,0.625,2.55,1.3,1.925,2,0,0,2,2,2,1,2,1,2,0,1,1,2,1,2,0,1,7,14,7,14,0,7,11,14,7,18,4,11,0,0,0,0,0,0,2,4,2,4,0,2,4,8,4,8,0,4,0,0,0,0,0,0,6,4,2,8,4,6,13.92,16.56,8.28,22.2,5.64,13.92,2.248,4.496,2.248,4.496,0,2.248,0,0,0,0,0,0,194,0,0,194,194,194,0.181818182,0.090909091,0.090909091,0.636363636,1,0.323366154,0.161683077,None
HfC,38,2073,2,0.707106781,0.629960525,0.574349177,0.552044757,0.535886731,39,66,33,72,6,39,61,32,16,77,45,61,95.25035,166.4793,83.23965,178.49,12.0107,95.25035,3164.5,1317,658.5,3823,2506,3164.5,9,10,5,14,4,9,4,4,2,6,2,4,125.5,99,49.5,175,76,125.5,1.925,1.25,0.625,2.55,1.3,1.925,2,0,0,2,2,2,1,2,1,2,0,1,1,2,1,2,0,1,7,14,7,14,0,7,11,14,7,18,4,11,0,0,0,0,0,0,2,4,2,4,0,2,4,8,4,8,0,4,0,0,0,0,0,0,6,4,2,8,4,6,13.92,16.56,8.28,22.2,5.64,13.92,2.248,4.496,2.248,4.496,0,2.248,0,0,0,0,0,0,194,0,0,194,194,194,0.181818182,0.090909091,0.090909091,0.636363636,1,0.323366154,0.161683077,None
HfC,42,2173,2,0.707106781,0.629960525,0.574349177,0.552044757,0.535886731,39,66,33,72,6,39,61,32,16,77,45,61,95.25035,166.4793,83.23965,178.49,12.0107,95.25035,3164.5,1317,658.5,3823,2506,3164.5,9,10,5,14,4,9,4,4,2,6,2,4,125.5,99,49.5,175,76,125.5,1.925,1.25,0.625,2.55,1.3,1.925,2,0,0,2,2,2,1,2,1,2,0,1,1,2,1,2,0,1,7,14,7,14,0,7,11,14,7,18,4,11,0,0,0,0,0,0,2,4,2,4,0,2,4,8,4,8,0,4,0,0,0,0,0,0,6,4,2,8,4,6,13.92,16.56,8.28,22.2,5.64,13.92,2.248,4.496,2.248,4.496,0,2.248,0,0,0,0,0,0,194,0,0,194,194,194,0.181818182,0.090909091,0.090909091,0.636363636,1,0.323366154,0.161683077,None
HfC,40,2273,2,0.707106781,0.629960525,0.574349177,0.552044757,0.535886731,39,66,33,72,6,39,61,32,16,77,45,61,95.25035,166.4793,83.23965,178.49,12.0107,95.25035,3164.5,1317,658.5,3823,2506,3164.5,9,10,5,14,4,9,4,4,2,6,2,4,125.5,99,49.5,175,76,125.5,1.925,1.25,0.625,2.55,1.3,1.925,2,0,0,2,2,2,1,2,1,2,0,1,1,2,1,2,0,1,7,14,7,14,0,7,11,14,7,18,4,11,0,0,0,0,0,0,2,4,2,4,0,2,4,8,4,8,0,4,0,0,0,0,0,0,6,4,2,8,4,6,13.92,16.56,8.28,22.2,5.64,13.92,2.248,4.496,2.248,4.496,0,2.248,0,0,0,0,0,0,194,0,0,194,194,194,0.181818182,0.090909091,0.090909091,0.636363636,1,0.323366154,0.161683077,None
TaC,25,298,2,0.707106781,0.629960525,0.574349177,0.552044757,0.535886731,39.5,67,33.5,73,6,39.5,62.5,29,14.5,77,48,62.5,96.47929,168.93718,84.46859,180.94788,12.0107,96.47929,3556.5,533,266.5,3823,3290,3556.5,9.5,9,4.5,14,5,9.5,4,4,2,6,2,4,123,94,47,170,76,123,2.025,1.05,0.525,2.55,1.5,2.025,2,0,0,2,2,2,1,2,1,2,0,1,1.5,3,1.5,3,0,1.5,7,14,7,14,0,7,11.5,15,7.5,19,4,11.5,0,0,0,0,0,0,2,4,2,4,0,2,3.5,7,3.5,7,0,3.5,0,0,0,0,0,0,5.5,3,1.5,7,4,5.5,11.88,12.48,6.24,18.12,5.64,11.88,2.248,4.496,2.248,4.496,0,2.248,0,0,0,0,0,0,211.5,35,17.5,229,194,211.5,0.173913043,0.086956522,0.130434783,0.608695652,0,0.240902461,0.120451231,None
TaC,27,323,2,0.707106781,0.629960525,0.574349177,0.552044757,0.535886731,39.5,67,33.5,73,6,39.5,62.5,29,14.5,77,48,62.5,96.47929,168.93718,84.46859,180.94788,12.0107,96.47929,3556.5,533,266.5,3823,3290,3556.5,9.5,9,4.5,14,5,9.5,4,4,2,6,2,4,123,94,47,170,76,123,2.025,1.05,0.525,2.55,1.5,2.025,2,0,0,2,2,2,1,2,1,2,0,1,1.5,3,1.5,3,0,1.5,7,14,7,14,0,7,11.5,15,7.5,19,4,11.5,0,0,0,0,0,0,2,4,2,4,0,2,3.5,7,3.5,7,0,3.5,0,0,0,0,0,0,5.5,3,1.5,7,4,5.5,11.88,12.48,6.24,18.12,5.64,11.88,2.248,4.496,2.248,4.496,0,2.248,0,0,0,0,0,0,211.5,35,17.5,229,194,211.5,0.173913043,0.086956522,0.130434783,0.608695652,0,0.240902461,0.120451231,None
TaC,30,393,2,0.707106781,0.629960525,0.574349177,0.552044757,0.535886731,39.5,67,33.5,73,6,39.5,62.5,29,14.5,77,48,62.5,96.47929,168.93718,84.46859,180.94788,12.0107,96.47929,3556.5,533,266.5,3823,3290,3556.5,9.5,9,4.5,14,5,9.5,4,4,2,6,2,4,123,94,47,170,76,123,2.025,1.05,0.525,2.55,1.5,2.025,2,0,0,2,2,2,1,2,1,2,0,1,1.5,3,1.5,3,0,1.5,7,14,7,14,0,7,11.5,15,7.5,19,4,11.5,0,0,0,0,0,0,2,4,2,4,0,2,3.5,7,3.5,7,0,3.5,0,0,0,0,0,0,5.5,3,1.5,7,4,5.5,11.88,12.48,6.24,18.12,5.64,11.88,2.248,4.496,2.248,4.496,0,2.248,0,0,0,0,0,0,211.5,35,17.5,229,194,211.5,0.173913043,0.086956522,0.130434783,0.608695652,0,0.240902461,0.120451231,None
TaC,31.5,408,2,0.707106781,0.629960525,0.574349177,0.552044757,0.535886731,39.5,67,33.5,73,6,39.5,62.5,29,14.5,77,48,62.5,96.47929,168.93718,84.46859,180.94788,12.0107,96.47929,3556.5,533,266.5,3823,3290,3556.5,9.5,9,4.5,14,5,9.5,4,4,2,6,2,4,123,94,47,170,76,123,2.025,1.05,0.525,2.55,1.5,2.025,2,0,0,2,2,2,1,2,1,2,0,1,1.5,3,1.5,3,0,1.5,7,14,7,14,0,7,11.5,15,7.5,19,4,11.5,0,0,0,0,0,0,2,4,2,4,0,2,3.5,7,3.5,7,0,3.5,0,0,0,0,0,0,5.5,3,1.5,7,4,5.5,11.88,12.48,6.24,18.12,5.64,11.88,2.248,4.496,2.248,4.496,0,2.248,0,0,0,0,0,0,211.5,35,17.5,229,194,211.5,0.173913043,0.086956522,0.130434783,0.608695652,0,0.240902461,0.120451231,None
TaC,32,473,2,0.707106781,0.629960525,0.574349177,0.552044757,0.535886731,39.5,67,33.5,73,6,39.5,62.5,29,14.5,77,48,62.5,96.47929,168.93718,84.46859,180.94788,12.0107,96.47929,3556.5,533,266.5,3823,3290,3556.5,9.5,9,4.5,14,5,9.5,4,4,2,6,2,4,123,94,47,170,76,123,2.025,1.05,0.525,2.55,1.5,2.025,2,0,0,2,2,2,1,2,1,2,0,1,1.5,3,1.5,3,0,1.5,7,14,7,14,0,7,11.5,15,7.5,19,4,11.5,0,0,0,0,0,0,2,4,2,4,0,2,3.5,7,3.5,7,0,3.5,0,0,0,0,0,0,5.5,3,1.5,7,4,5.5,11.88,12.48,6.24,18.12,5.64,11.88,2.248,4.496,2.248,4.496,0,2.248,0,0,0,0,0,0,211.5,35,17.5,229,194,211.5,0.173913043,0.086956522,0.130434783,0.608695652,0,0.240902461,0.120451231,None
TaC,34,573,2,0.707106781,0.629960525,0.574349177,0.552044757,0.535886731,39.5,67,33.5,73,6,39.5,62.5,29,14.5,77,48,62.5,96.47929,168.93718,84.46859,180.94788,12.0107,96.47929,3556.5,533,266.5,3823,3290,3556.5,9.5,9,4.5,14,5,9.5,4,4,2,6,2,4,123,94,47,170,76,123,2.025,1.05,0.525,2.55,1.5,2.025,2,0,0,2,2,2,1,2,1,2,0,1,1.5,3,1.5,3,0,1.5,7,14,7,14,0,7,11.5,15,7.5,19,4,11.5,0,0,0,0,0,0,2,4,2,4,0,2,3.5,7,3.5,7,0,3.5,0,0,0,0,0,0,5.5,3,1.5,7,4,5.5,11.88,12.48,6.24,18.12,5.64,11.88,2.248,4.496,2.248,4.496,0,2.248,0,0,0,0,0,0,211.5,35,17.5,229,194,211.5,0.173913043,0.086956522,0.130434783,0.608695652,0,0.240902461,0.120451231,None
TaC,36,673,2,0.707106781,0.629960525,0.574349177,0.552044757,0.535886731,39.5,67,33.5,73,6,39.5,62.5,29,14.5,77,48,62.5,96.47929,168.93718,84.46859,180.94788,12.0107,96.47929,3556.5,533,266.5,3823,3290,3556.5,9.5,9,4.5,14,5,9.5,4,4,2,6,2,4,123,94,47,170,76,123,2.025,1.05,0.525,2.55,1.5,2.025,2,0,0,2,2,2,1,2,1,2,0,1,1.5,3,1.5,3,0,1.5,7,14,7,14,0,7,11.5,15,7.5,19,4,11.5,0,0,0,0,0,0,2,4,2,4,0,2,3.5,7,3.5,7,0,3.5,0,0,0,0,0,0,5.5,3,1.5,7,4,5.5,11.88,12.48,6.24,18.12,5.64,11.88,2.248,4.496,2.248,4.496,0,2.248,0,0,0,0,0,0,211.5,35,17.5,229,194,211.5,0.173913043,0.086956522,0.130434783,0.608695652,0,0.240902461,0.120451231,None
TaC,38,773,2,0.707106781,0.629960525,0.574349177,0.552044757,0.535886731,39.5,67,33.5,73,6,39.5,62.5,29,14.5,77,48,62.5,96.47929,168.93718,84.46859,180.94788,12.0107,96.47929,3556.5,533,266.5,3823,3290,3556.5,9.5,9,4.5,14,5,9.5,4,4,2,6,2,4,123,94,47,170,76,123,2.025,1.05,0.525,2.55,1.5,2.025,2,0,0,2,2,2,1,2,1,2,0,1,1.5,3,1.5,3,0,1.5,7,14,7,14,0,7,11.5,15,7.5,19,4,11.5,0,0,0,0,0,0,2,4,2,4,0,2,3.5,7,3.5,7,0,3.5,0,0,0,0,0,0,5.5,3,1.5,7,4,5.5,11.88,12.48,6.24,18.12,5.64,11.88,2.248,4.496,2.248,4.496,0,2.248,0,0,0,0,0,0,211.5,35,17.5,229,194,211.5,0.173913043,0.086956522,0.130434783,0.608695652,0,0.240902461,0.120451231,None
TaC,40,873,2,0.707106781,0.629960525,0.574349177,0.552044757,0.535886731,39.5,67,33.5,73,6,39.5,62.5,29,14.5,77,48,62.5,96.47929,168.93718,84.46859,180.94788,12.0107,96.47929,3556.5,533,266.5,3823,3290,3556.5,9.5,9,4.5,14,5,9.5,4,4,2,6,2,4,123,94,47,170,76,123,2.025,1.05,0.525,2.55,1.5,2.025,2,0,0,2,2,2,1,2,1,2,0,1,1.5,3,1.5,3,0,1.5,7,14,7,14,0,7,11.5,15,7.5,19,4,11.5,0,0,0,0,0,0,2,4,2,4,0,2,3.5,7,3.5,7,0,3.5,0,0,0,0,0,0,5.5,3,1.5,7,4,5.5,11.88,12.48,6.24,18.12,5.64,11.88,2.248,4.496,2.248,4.496,0,2.248,0,0,0,0,0,0,211.5,35,17.5,229,194,211.5,0.173913043,0.086956522,0.130434783,0.608695652,0,0.240902461,0.120451231,None
TaC,41,973,2,0.707106781,0.629960525,0.574349177,0.552044757,0.535886731,39.5,67,33.5,73,6,39.5,62.5,29,14.5,77,48,62.5,96.47929,168.93718,84.46859,180.94788,12.0107,96.47929,3556.5,533,266.5,3823,3290,3556.5,9.5,9,4.5,14,5,9.5,4,4,2,6,2,4,123,94,47,170,76,123,2.025,1.05,0.525,2.55,1.5,2.025,2,0,0,2,2,2,1,2,1,2,0,1,1.5,3,1.5,3,0,1.5,7,14,7,14,0,7,11.5,15,7.5,19,4,11.5,0,0,0,0,0,0,2,4,2,4,0,2,3.5,7,3.5,7,0,3.5,0,0,0,0,0,0,5.5,3,1.5,7,4,5.5,11.88,12.48,6.24,18.12,5.64,11.88,2.248,4.496,2.248,4.496,0,2.248,0,0,0,0,0,0,211.5,35,17.5,229,194,211.5,0.173913043,0.086956522,0.130434783,0.608695652,0,0.240902461,0.120451231,None
TaC,41.5,1073,2,0.707106781,0.629960525,0.574349177,0.552044757,0.535886731,39.5,67,33.5,73,6,39.5,62.5,29,14.5,77,48,62.5,96.47929,168.93718,84.46859,180.94788,12.0107,96.47929,3556.5,533,266.5,3823,3290,3556.5,9.5,9,4.5,14,5,9.5,4,4,2,6,2,4,123,94,47,170,76,123,2.025,1.05,0.525,2.55,1.5,2.025,2,0,0,2,2,2,1,2,1,2,0,1,1.5,3,1.5,3,0,1.5,7,14,7,14,0,7,11.5,15,7.5,19,4,11.5,0,0,0,0,0,0,2,4,2,4,0,2,3.5,7,3.5,7,0,3.5,0,0,0,0,0,0,5.5,3,1.5,7,4,5.5,11.88,12.48,6.24,18.12,5.64,11.88,2.248,4.496,2.248,4.496,0,2.248,0,0,0,0,0,0,211.5,35,17.5,229,194,211.5,0.173913043,0.086956522,0.130434783,0.608695652,0,0.240902461,0.120451231,None
TaC,42,1173,2,0.707106781,0.629960525,0.574349177,0.552044757,0.535886731,39.5,67,33.5,73,6,39.5,62.5,29,14.5,77,48,62.5,96.47929,168.93718,84.46859,180.94788,12.0107,96.47929,3556.5,533,266.5,3823,3290,3556.5,9.5,9,4.5,14,5,9.5,4,4,2,6,2,4,123,94,47,170,76,123,2.025,1.05,0.525,2.55,1.5,2.025,2,0,0,2,2,2,1,2,1,2,0,1,1.5,3,1.5,3,0,1.5,7,14,7,14,0,7,11.5,15,7.5,19,4,11.5,0,0,0,0,0,0,2,4,2,4,0,2,3.5,7,3.5,7,0,3.5,0,0,0,0,0,0,5.5,3,1.5,7,4,5.5,11.88,12.48,6.24,18.12,5.64,11.88,2.248,4.496,2.248,4.496,0,2.248,0,0,0,0,0,0,211.5,35,17.5,229,194,211.5,0.173913043,0.086956522,0.130434783,0.608695652,0,0.240902461,0.120451231,None
TaC,42.5,1273,2,0.707106781,0.629960525,0.574349177,0.552044757,0.535886731,39.5,67,33.5,73,6,39.5,62.5,29,14.5,77,48,62.5,96.47929,168.93718,84.46859,180.94788,12.0107,96.47929,3556.5,533,266.5,3823,3290,3556.5,9.5,9,4.5,14,5,9.5,4,4,2,6,2,4,123,94,47,170,76,123,2.025,1.05,0.525,2.55,1.5,2.025,2,0,0,2,2,2,1,2,1,2,0,1,1.5,3,1.5,3,0,1.5,7,14,7,14,0,7,11.5,15,7.5,19,4,11.5,0,0,0,0,0,0,2,4,2,4,0,2,3.5,7,3.5,7,0,3.5,0,0,0,0,0,0,5.5,3,1.5,7,4,5.5,11.88,12.48,6.24,18.12,5.64,11.88,2.248,4.496,2.248,4.496,0,2.248,0,0,0,0,0,0,211.5,35,17.5,229,194,211.5,0.173913043,0.086956522,0.130434783,0.608695652,0,0.240902461,0.120451231,None
TaC,43,1373,2,0.707106781,0.629960525,0.574349177,0.552044757,0.535886731,39.5,67,33.5,73,6,39.5,62.5,29,14.5,77,48,62.5,96.47929,168.93718,84.46859,180.94788,12.0107,96.47929,3556.5,533,266.5,3823,3290,3556.5,9.5,9,4.5,14,5,9.5,4,4,2,6,2,4,123,94,47,170,76,123,2.025,1.05,0.525,2.55,1.5,2.025,2,0,0,2,2,2,1,2,1,2,0,1,1.5,3,1.5,3,0,1.5,7,14,7,14,0,7,11.5,15,7.5,19,4,11.5,0,0,0,0,0,0,2,4,2,4,0,2,3.5,7,3.5,7,0,3.5,0,0,0,0,0,0,5.5,3,1.5,7,4,5.5,11.88,12.48,6.24,18.12,5.64,11.88,2.248,4.496,2.248,4.496,0,2.248,0,0,0,0,0,0,211.5,35,17.5,229,194,211.5,0.173913043,0.086956522,0.130434783,0.608695652,0,0.240902461,0.120451231,None
TaC,45,1473,2,0.707106781,0.629960525,0.574349177,0.552044757,0.535886731,39.5,67,33.5,73,6,39.5,62.5,29,14.5,77,48,62.5,96.47929,168.93718,84.46859,180.94788,12.0107,96.47929,3556.5,533,266.5,3823,3290,3556.5,9.5,9,4.5,14,5,9.5,4,4,2,6,2,4,123,94,47,170,76,123,2.025,1.05,0.525,2.55,1.5,2.025,2,0,0,2,2,2,1,2,1,2,0,1,1.5,3,1.5,3,0,1.5,7,14,7,14,0,7,11.5,15,7.5,19,4,11.5,0,0,0,0,0,0,2,4,2,4,0,2,3.5,7,3.5,7,0,3.5,0,0,0,0,0,0,5.5,3,1.5,7,4,5.5,11.88,12.48,6.24,18.12,5.64,11.88,2.248,4.496,2.248,4.496,0,2.248,0,0,0,0,0,0,211.5,35,17.5,229,194,211.5,0.173913043,0.086956522,0.130434783,0.608695652,0,0.240902461,0.120451231,None
TaC,46,1573,2,0.707106781,0.629960525,0.574349177,0.552044757,0.535886731,39.5,67,33.5,73,6,39.5,62.5,29,14.5,77,48,62.5,96.47929,168.93718,84.46859,180.94788,12.0107,96.47929,3556.5,533,266.5,3823,3290,3556.5,9.5,9,4.5,14,5,9.5,4,4,2,6,2,4,123,94,47,170,76,123,2.025,1.05,0.525,2.55,1.5,2.025,2,0,0,2,2,2,1,2,1,2,0,1,1.5,3,1.5,3,0,1.5,7,14,7,14,0,7,11.5,15,7.5,19,4,11.5,0,0,0,0,0,0,2,4,2,4,0,2,3.5,7,3.5,7,0,3.5,0,0,0,0,0,0,5.5,3,1.5,7,4,5.5,11.88,12.48,6.24,18.12,5.64,11.88,2.248,4.496,2.248,4.496,0,2.248,0,0,0,0,0,0,211.5,35,17.5,229,194,211.5,0.173913043,0.086956522,0.130434783,0.608695652,0,0.240902461,0.120451231,None
TaC,47,1673,2,0.707106781,0.629960525,0.574349177,0.552044757,0.535886731,39.5,67,33.5,73,6,39.5,62.5,29,14.5,77,48,62.5,96.47929,168.93718,84.46859,180.94788,12.0107,96.47929,3556.5,533,266.5,3823,3290,3556.5,9.5,9,4.5,14,5,9.5,4,4,2,6,2,4,123,94,47,170,76,123,2.025,1.05,0.525,2.55,1.5,2.025,2,0,0,2,2,2,1,2,1,2,0,1,1.5,3,1.5,3,0,1.5,7,14,7,14,0,7,11.5,15,7.5,19,4,11.5,0,0,0,0,0,0,2,4,2,4,0,2,3.5,7,3.5,7,0,3.5,0,0,0,0,0,0,5.5,3,1.5,7,4,5.5,11.88,12.48,6.24,18.12,5.64,11.88,2.248,4.496,2.248,4.496,0,2.248,0,0,0,0,0,0,211.5,35,17.5,229,194,211.5,0.173913043,0.086956522,0.130434783,0.608695652,0,0.240902461,0.120451231,None
TaC,48,1773,2,0.707106781,0.629960525,0.574349177,0.552044757,0.535886731,39.5,67,33.5,73,6,39.5,62.5,29,14.5,77,48,62.5,96.47929,168.93718,84.46859,180.94788,12.0107,96.47929,3556.5,533,266.5,3823,3290,3556.5,9.5,9,4.5,14,5,9.5,4,4,2,6,2,4,123,94,47,170,76,123,2.025,1.05,0.525,2.55,1.5,2.025,2,0,0,2,2,2,1,2,1,2,0,1,1.5,3,1.5,3,0,1.5,7,14,7,14,0,7,11.5,15,7.5,19,4,11.5,0,0,0,0,0,0,2,4,2,4,0,2,3.5,7,3.5,7,0,3.5,0,0,0,0,0,0,5.5,3,1.5,7,4,5.5,11.88,12.48,6.24,18.12,5.64,11.88,2.248,4.496,2.248,4.496,0,2.248,0,0,0,0,0,0,211.5,35,17.5,229,194,211.5,0.173913043,0.086956522,0.130434783,0.608695652,0,0.240902461,0.120451231,None
TaC,48.5,1873,2,0.707106781,0.629960525,0.574349177,0.552044757,0.535886731,39.5,67,33.5,73,6,39.5,62.5,29,14.5,77,48,62.5,96.47929,168.93718,84.46859,180.94788,12.0107,96.47929,3556.5,533,266.5,3823,3290,3556.5,9.5,9,4.5,14,5,9.5,4,4,2,6,2,4,123,94,47,170,76,123,2.025,1.05,0.525,2.55,1.5,2.025,2,0,0,2,2,2,1,2,1,2,0,1,1.5,3,1.5,3,0,1.5,7,14,7,14,0,7,11.5,15,7.5,19,4,11.5,0,0,0,0,0,0,2,4,2,4,0,2,3.5,7,3.5,7,0,3.5,0,0,0,0,0,0,5.5,3,1.5,7,4,5.5,11.88,12.48,6.24,18.12,5.64,11.88,2.248,4.496,2.248,4.496,0,2.248,0,0,0,0,0,0,211.5,35,17.5,229,194,211.5,0.173913043,0.086956522,0.130434783,0.608695652,0,0.240902461,0.120451231,None
TaC,49,1973,2,0.707106781,0.629960525,0.574349177,0.552044757,0.535886731,39.5,67,33.5,73,6,39.5,62.5,29,14.5,77,48,62.5,96.47929,168.93718,84.46859,180.94788,12.0107,96.47929,3556.5,533,266.5,3823,3290,3556.5,9.5,9,4.5,14,5,9.5,4,4,2,6,2,4,123,94,47,170,76,123,2.025,1.05,0.525,2.55,1.5,2.025,2,0,0,2,2,2,1,2,1,2,0,1,1.5,3,1.5,3,0,1.5,7,14,7,14,0,7,11.5,15,7.5,19,4,11.5,0,0,0,0,0,0,2,4,2,4,0,2,3.5,7,3.5,7,0,3.5,0,0,0,0,0,0,5.5,3,1.5,7,4,5.5,11.88,12.48,6.24,18.12,5.64,11.88,2.248,4.496,2.248,4.496,0,2.248,0,0,0,0,0,0,211.5,35,17.5,229,194,211.5,0.173913043,0.086956522,0.130434783,0.608695652,0,0.240902461,0.120451231,None
TaC,49.5,2073,2,0.707106781,0.629960525,0.574349177,0.552044757,0.535886731,39.5,67,33.5,73,6,39.5,62.5,29,14.5,77,48,62.5,96.47929,168.93718,84.46859,180.94788,12.0107,96.47929,3556.5,533,266.5,3823,3290,3556.5,9.5,9,4.5,14,5,9.5,4,4,2,6,2,4,123,94,47,170,76,123,2.025,1.05,0.525,2.55,1.5,2.025,2,0,0,2,2,2,1,2,1,2,0,1,1.5,3,1.5,3,0,1.5,7,14,7,14,0,7,11.5,15,7.5,19,4,11.5,0,0,0,0,0,0,2,4,2,4,0,2,3.5,7,3.5,7,0,3.5,0,0,0,0,0,0,5.5,3,1.5,7,4,5.5,11.88,12.48,6.24,18.12,5.64,11.88,2.248,4.496,2.248,4.496,0,2.248,0,0,0,0,0,0,211.5,35,17.5,229,194,211.5,0.173913043,0.086956522,0.130434783,0.608695652,0,0.240902461,0.120451231,None
TaC,50,2173,2,0.707106781,0.629960525,0.574349177,0.552044757,0.535886731,39.5,67,33.5,73,6,39.5,62.5,29,14.5,77,48,62.5,96.47929,168.93718,84.46859,180.94788,12.0107,96.47929,3556.5,533,266.5,3823,3290,3556.5,9.5,9,4.5,14,5,9.5,4,4,2,6,2,4,123,94,47,170,76,123,2.025,1.05,0.525,2.55,1.5,2.025,2,0,0,2,2,2,1,2,1,2,0,1,1.5,3,1.5,3,0,1.5,7,14,7,14,0,7,11.5,15,7.5,19,4,11.5,0,0,0,0,0,0,2,4,2,4,0,2,3.5,7,3.5,7,0,3.5,0,0,0,0,0,0,5.5,3,1.5,7,4,5.5,11.88,12.48,6.24,18.12,5.64,11.88,2.248,4.496,2.248,4.496,0,2.248,0,0,0,0,0,0,211.5,35,17.5,229,194,211.5,0.173913043,0.086956522,0.130434783,0.608695652,0,0.240902461,0.120451231,None
TaC,52,2273,2,0.707106781,0.629960525,0.574349177,0.552044757,0.535886731,39.5,67,33.5,73,6,39.5,62.5,29,14.5,77,48,62.5,96.47929,168.93718,84.46859,180.94788,12.0107,96.47929,3556.5,533,266.5,3823,3290,3556.5,9.5,9,4.5,14,5,9.5,4,4,2,6,2,4,123,94,47,170,76,123,2.025,1.05,0.525,2.55,1.5,2.025,2,0,0,2,2,2,1,2,1,2,0,1,1.5,3,1.5,3,0,1.5,7,14,7,14,0,7,11.5,15,7.5,19,4,11.5,0,0,0,0,0,0,2,4,2,4,0,2,3.5,7,3.5,7,0,3.5,0,0,0,0,0,0,5.5,3,1.5,7,4,5.5,11.88,12.48,6.24,18.12,5.64,11.88,2.248,4.496,2.248,4.496,0,2.248,0,0,0,0,0,0,211.5,35,17.5,229,194,211.5,0.173913043,0.086956522,0.130434783,0.608695652,0,0.240902461,0.120451231,None
Hf0.2Ta0.2Zr0.2Nb0.2C,10.5,298,5,0.598351645,0.561419372,0.555697705,0.555559619,0.555555578,28.44444444,67,24.9382716,73,6,6,63.22222222,33,15.30864198,77,44,77,67.06908444,168.93718,61.17598272,180.94788,12.0107,12.0107,3309.888889,1695,570.1234568,3823,2128,3823,9.777777778,10,4.691358025,14,4,14,3.555555556,4,1.728395062,6,2,2,118.2222222,99,46.91358025,175,76,76,2.053333333,1.25,0.551851852,2.55,1.3,2.55,1.888888889,1,0.197530864,2,1,2,1.111111111,2,0.987654321,2,0,2,1.222222222,4,1.358024691,4,0,0,3.111111111,14,4.839506173,14,0,0,7.333333333,15,4.962962963,19,4,4,0.111111111,1,0.197530864,1,0,0,2.222222222,4,1.975308642,4,0,4,3.222222222,8,3.580246914,8,0,0,0,0,0,0,0,0,5.555555556,4,1.728395062,8,4,4,12.21055556,17.555,7.300617284,23.195,5.64,5.64,2.497777778,4.496,2.220246914,4.496,0,4.496,0,0,0,0,0,0,201.7777778,35,12.09876543,229,194,194,0.257575758,0.151515152,0.166666667,0.424242424,0,0.323366154,0.134444684,None
Hf0.2Ta0.2Zr0.2Nb0.2C,11,323,5,0.598351645,0.561419372,0.555697705,0.555559619,0.555555578,28.44444444,67,24.9382716,73,6,6,63.22222222,33,15.30864198,77,44,77,67.06908444,168.93718,61.17598272,180.94788,12.0107,12.0107,3309.888889,1695,570.1234568,3823,2128,3823,9.777777778,10,4.691358025,14,4,14,3.555555556,4,1.728395062,6,2,2,118.2222222,99,46.91358025,175,76,76,2.053333333,1.25,0.551851852,2.55,1.3,2.55,1.888888889,1,0.197530864,2,1,2,1.111111111,2,0.987654321,2,0,2,1.222222222,4,1.358024691,4,0,0,3.111111111,14,4.839506173,14,0,0,7.333333333,15,4.962962963,19,4,4,0.111111111,1,0.197530864,1,0,0,2.222222222,4,1.975308642,4,0,4,3.222222222,8,3.580246914,8,0,0,0,0,0,0,0,0,5.555555556,4,1.728395062,8,4,4,12.21055556,17.555,7.300617284,23.195,5.64,5.64,2.497777778,4.496,2.220246914,4.496,0,4.496,0,0,0,0,0,0,201.7777778,35,12.09876543,229,194,194,0.257575758,0.151515152,0.166666667,0.424242424,0,0.323366154,0.134444684,None
Hf0.2Ta0.2Zr0.2Nb0.2C,12.5,393,5,0.598351645,0.561419372,0.555697705,0.555559619,0.555555578,28.44444444,67,24.9382716,73,6,6,63.22222222,33,15.30864198,77,44,77,67.06908444,168.93718,61.17598272,180.94788,12.0107,12.0107,3309.888889,1695,570.1234568,3823,2128,3823,9.777777778,10,4.691358025,14,4,14,3.555555556,4,1.728395062,6,2,2,118.2222222,99,46.91358025,175,76,76,2.053333333,1.25,0.551851852,2.55,1.3,2.55,1.888888889,1,0.197530864,2,1,2,1.111111111,2,0.987654321,2,0,2,1.222222222,4,1.358024691,4,0,0,3.111111111,14,4.839506173,14,0,0,7.333333333,15,4.962962963,19,4,4,0.111111111,1,0.197530864,1,0,0,2.222222222,4,1.975308642,4,0,4,3.222222222,8,3.580246914,8,0,0,0,0,0,0,0,0,5.555555556,4,1.728395062,8,4,4,12.21055556,17.555,7.300617284,23.195,5.64,5.64,2.497777778,4.496,2.220246914,4.496,0,4.496,0,0,0,0,0,0,201.7777778,35,12.09876543,229,194,194,0.257575758,0.151515152,0.166666667,0.424242424,0,0.323366154,0.134444684,None
Hf0.2Ta0.2Zr0.2Nb0.2C,13,408,5,0.598351645,0.561419372,0.555697705,0.555559619,0.555555578,28.44444444,67,24.9382716,73,6,6,63.22222222,33,15.30864198,77,44,77,67.06908444,168.93718,61.17598272,180.94788,12.0107,12.0107,3309.888889,1695,570.1234568,3823,2128,3823,9.777777778,10,4.691358025,14,4,14,3.555555556,4,1.728395062,6,2,2,118.2222222,99,46.91358025,175,76,76,2.053333333,1.25,0.551851852,2.55,1.3,2.55,1.888888889,1,0.197530864,2,1,2,1.111111111,2,0.987654321,2,0,2,1.222222222,4,1.358024691,4,0,0,3.111111111,14,4.839506173,14,0,0,7.333333333,15,4.962962963,19,4,4,0.111111111,1,0.197530864,1,0,0,2.222222222,4,1.975308642,4,0,4,3.222222222,8,3.580246914,8,0,0,0,0,0,0,0,0,5.555555556,4,1.728395062,8,4,4,12.21055556,17.555,7.300617284,23.195,5.64,5.64,2.497777778,4.496,2.220246914,4.496,0,4.496,0,0,0,0,0,0,201.7777778,35,12.09876543,229,194,194,0.257575758,0.151515152,0.166666667,0.424242424,0,0.323366154,0.134444684,None
Hf0.2Ta0.2Zr0.2Nb0.2C,15,473,5,0.598351645,0.561419372,0.555697705,0.555559619,0.555555578,28.44444444,67,24.9382716,73,6,6,63.22222222,33,15.30864198,77,44,77,67.06908444,168.93718,61.17598272,180.94788,12.0107,12.0107,3309.888889,1695,570.1234568,3823,2128,3823,9.777777778,10,4.691358025,14,4,14,3.555555556,4,1.728395062,6,2,2,118.2222222,99,46.91358025,175,76,76,2.053333333,1.25,0.551851852,2.55,1.3,2.55,1.888888889,1,0.197530864,2,1,2,1.111111111,2,0.987654321,2,0,2,1.222222222,4,1.358024691,4,0,0,3.111111111,14,4.839506173,14,0,0,7.333333333,15,4.962962963,19,4,4,0.111111111,1,0.197530864,1,0,0,2.222222222,4,1.975308642,4,0,4,3.222222222,8,3.580246914,8,0,0,0,0,0,0,0,0,5.555555556,4,1.728395062,8,4,4,12.21055556,17.555,7.300617284,23.195,5.64,5.64,2.497777778,4.496,2.220246914,4.496,0,4.496,0,0,0,0,0,0,201.7777778,35,12.09876543,229,194,194,0.257575758,0.151515152,0.166666667,0.424242424,0,0.323366154,0.134444684,None
Hf0.2Ta0.2Zr0.2Nb0.2C,17.5,573,5,0.598351645,0.561419372,0.555697705,0.555559619,0.555555578,28.44444444,67,24.9382716,73,6,6,63.22222222,33,15.30864198,77,44,77,67.06908444,168.93718,61.17598272,180.94788,12.0107,12.0107,3309.888889,1695,570.1234568,3823,2128,3823,9.777777778,10,4.691358025,14,4,14,3.555555556,4,1.728395062,6,2,2,118.2222222,99,46.91358025,175,76,76,2.053333333,1.25,0.551851852,2.55,1.3,2.55,1.888888889,1,0.197530864,2,1,2,1.111111111,2,0.987654321,2,0,2,1.222222222,4,1.358024691,4,0,0,3.111111111,14,4.839506173,14,0,0,7.333333333,15,4.962962963,19,4,4,0.111111111,1,0.197530864,1,0,0,2.222222222,4,1.975308642,4,0,4,3.222222222,8,3.580246914,8,0,0,0,0,0,0,0,0,5.555555556,4,1.728395062,8,4,4,12.21055556,17.555,7.300617284,23.195,5.64,5.64,2.497777778,4.496,2.220246914,4.496,0,4.496,0,0,0,0,0,0,201.7777778,35,12.09876543,229,194,194,0.257575758,0.151515152,0.166666667,0.424242424,0,0.323366154,0.134444684,None
Hf0.2Ta0.2Zr0.2Nb0.2C,18.5,673,5,0.598351645,0.561419372,0.555697705,0.555559619,0.555555578,28.44444444,67,24.9382716,73,6,6,63.22222222,33,15.30864198,77,44,77,67.06908444,168.93718,61.17598272,180.94788,12.0107,12.0107,3309.888889,1695,570.1234568,3823,2128,3823,9.777777778,10,4.691358025,14,4,14,3.555555556,4,1.728395062,6,2,2,118.2222222,99,46.91358025,175,76,76,2.053333333,1.25,0.551851852,2.55,1.3,2.55,1.888888889,1,0.197530864,2,1,2,1.111111111,2,0.987654321,2,0,2,1.222222222,4,1.358024691,4,0,0,3.111111111,14,4.839506173,14,0,0,7.333333333,15,4.962962963,19,4,4,0.111111111,1,0.197530864,1,0,0,2.222222222,4,1.975308642,4,0,4,3.222222222,8,3.580246914,8,0,0,0,0,0,0,0,0,5.555555556,4,1.728395062,8,4,4,12.21055556,17.555,7.300617284,23.195,5.64,5.64,2.497777778,4.496,2.220246914,4.496,0,4.496,0,0,0,0,0,0,201.7777778,35,12.09876543,229,194,194,0.257575758,0.151515152,0.166666667,0.424242424,0,0.323366154,0.134444684,None
Hf0.2Ta0.2Zr0.2Nb0.2C,21,773,5,0.598351645,0.561419372,0.555697705,0.555559619,0.555555578,28.44444444,67,24.9382716,73,6,6,63.22222222,33,15.30864198,77,44,77,67.06908444,168.93718,61.17598272,180.94788,12.0107,12.0107,3309.888889,1695,570.1234568,3823,2128,3823,9.777777778,10,4.691358025,14,4,14,3.555555556,4,1.728395062,6,2,2,118.2222222,99,46.91358025,175,76,76,2.053333333,1.25,0.551851852,2.55,1.3,2.55,1.888888889,1,0.197530864,2,1,2,1.111111111,2,0.987654321,2,0,2,1.222222222,4,1.358024691,4,0,0,3.111111111,14,4.839506173,14,0,0,7.333333333,15,4.962962963,19,4,4,0.111111111,1,0.197530864,1,0,0,2.222222222,4,1.975308642,4,0,4,3.222222222,8,3.580246914,8,0,0,0,0,0,0,0,0,5.555555556,4,1.728395062,8,4,4,12.21055556,17.555,7.300617284,23.195,5.64,5.64,2.497777778,4.496,2.220246914,4.496,0,4.496,0,0,0,0,0,0,201.7777778,35,12.09876543,229,194,194,0.257575758,0.151515152,0.166666667,0.424242424,0,0.323366154,0.134444684,None
Hf0.2Ta0.2Zr0.2Nb0.2C,25,873,5,0.598351645,0.561419372,0.555697705,0.555559619,0.555555578,28.44444444,67,24.9382716,73,6,6,63.22222222,33,15.30864198,77,44,77,67.06908444,168.93718,61.17598272,180.94788,12.0107,12.0107,3309.888889,1695,570.1234568,3823,2128,3823,9.777777778,10,4.691358025,14,4,14,3.555555556,4,1.728395062,6,2,2,118.2222222,99,46.91358025,175,76,76,2.053333333,1.25,0.551851852,2.55,1.3,2.55,1.888888889,1,0.197530864,2,1,2,1.111111111,2,0.987654321,2,0,2,1.222222222,4,1.358024691,4,0,0,3.111111111,14,4.839506173,14,0,0,7.333333333,15,4.962962963,19,4,4,0.111111111,1,0.197530864,1,0,0,2.222222222,4,1.975308642,4,0,4,3.222222222,8,3.580246914,8,0,0,0,0,0,0,0,0,5.555555556,4,1.728395062,8,4,4,12.21055556,17.555,7.300617284,23.195,5.64,5.64,2.497777778,4.496,2.220246914,4.496,0,4.496,0,0,0,0,0,0,201.7777778,35,12.09876543,229,194,194,0.257575758,0.151515152,0.166666667,0.424242424,0,0.323366154,0.134444684,None
Hf0.2Ta0.2Zr0.2Nb0.2C,24.5,973,5,0.598351645,0.561419372,0.555697705,0.555559619,0.555555578,28.44444444,67,24.9382716,73,6,6,63.22222222,33,15.30864198,77,44,77,67.06908444,168.93718,61.17598272,180.94788,12.0107,12.0107,3309.888889,1695,570.1234568,3823,2128,3823,9.777777778,10,4.691358025,14,4,14,3.555555556,4,1.728395062,6,2,2,118.2222222,99,46.91358025,175,76,76,2.053333333,1.25,0.551851852,2.55,1.3,2.55,1.888888889,1,0.197530864,2,1,2,1.111111111,2,0.987654321,2,0,2,1.222222222,4,1.358024691,4,0,0,3.111111111,14,4.839506173,14,0,0,7.333333333,15,4.962962963,19,4,4,0.111111111,1,0.197530864,1,0,0,2.222222222,4,1.975308642,4,0,4,3.222222222,8,3.580246914,8,0,0,0,0,0,0,0,0,5.555555556,4,1.728395062,8,4,4,12.21055556,17.555,7.300617284,23.195,5.64,5.64,2.497777778,4.496,2.220246914,4.496,0,4.496,0,0,0,0,0,0,201.7777778,35,12.09876543,229,194,194,0.257575758,0.151515152,0.166666667,0.424242424,0,0.323366154,0.134444684,None
Hf0.2Ta0.2Zr0.2Nb0.2C,28,1073,5,0.598351645,0.561419372,0.555697705,0.555559619,0.555555578,28.44444444,67,24.9382716,73,6,6,63.22222222,33,15.30864198,77,44,77,67.06908444,168.93718,61.17598272,180.94788,12.0107,12.0107,3309.888889,1695,570.1234568,3823,2128,3823,9.777777778,10,4.691358025,14,4,14,3.555555556,4,1.728395062,6,2,2,118.2222222,99,46.91358025,175,76,76,2.053333333,1.25,0.551851852,2.55,1.3,2.55,1.888888889,1,0.197530864,2,1,2,1.111111111,2,0.987654321,2,0,2,1.222222222,4,1.358024691,4,0,0,3.111111111,14,4.839506173,14,0,0,7.333333333,15,4.962962963,19,4,4,0.111111111,1,0.197530864,1,0,0,2.222222222,4,1.975308642,4,0,4,3.222222222,8,3.580246914,8,0,0,0,0,0,0,0,0,5.555555556,4,1.728395062,8,4,4,12.21055556,17.555,7.300617284,23.195,5.64,5.64,2.497777778,4.496,2.220246914,4.496,0,4.496,0,0,0,0,0,0,201.7777778,35,12.09876543,229,194,194,0.257575758,0.151515152,0.166666667,0.424242424,0,0.323366154,0.134444684,None
Hf0.2Ta0.2Zr0.2Nb0.2C,25,1173,5,0.598351645,0.561419372,0.555697705,0.555559619,0.555555578,28.44444444,67,24.9382716,73,6,6,63.22222222,33,15.30864198,77,44,77,67.06908444,168.93718,61.17598272,180.94788,12.0107,12.0107,3309.888889,1695,570.1234568,3823,2128,3823,9.777777778,10,4.691358025,14,4,14,3.555555556,4,1.728395062,6,2,2,118.2222222,99,46.91358025,175,76,76,2.053333333,1.25,0.551851852,2.55,1.3,2.55,1.888888889,1,0.197530864,2,1,2,1.111111111,2,0.987654321,2,0,2,1.222222222,4,1.358024691,4,0,0,3.111111111,14,4.839506173,14,0,0,7.333333333,15,4.962962963,19,4,4,0.111111111,1,0.197530864,1,0,0,2.222222222,4,1.975308642,4,0,4,3.222222222,8,3.580246914,8,0,0,0,0,0,0,0,0,5.555555556,4,1.728395062,8,4,4,12.21055556,17.555,7.300617284,23.195,5.64,5.64,2.497777778,4.496,2.220246914,4.496,0,4.496,0,0,0,0,0,0,201.7777778,35,12.09876543,229,194,194,0.257575758,0.151515152,0.166666667,0.424242424,0,0.323366154,0.134444684,None
Hf0.2Ta0.2Zr0.2Nb0.2C,25.5,1273,5,0.598351645,0.561419372,0.555697705,0.555559619,0.555555578,28.44444444,67,24.9382716,73,6,6,63.22222222,33,15.30864198,77,44,77,67.06908444,168.93718,61.17598272,180.94788,12.0107,12.0107,3309.888889,1695,570.1234568,3823,2128,3823,9.777777778,10,4.691358025,14,4,14,3.555555556,4,1.728395062,6,2,2,118.2222222,99,46.91358025,175,76,76,2.053333333,1.25,0.551851852,2.55,1.3,2.55,1.888888889,1,0.197530864,2,1,2,1.111111111,2,0.987654321,2,0,2,1.222222222,4,1.358024691,4,0,0,3.111111111,14,4.839506173,14,0,0,7.333333333,15,4.962962963,19,4,4,0.111111111,1,0.197530864,1,0,0,2.222222222,4,1.975308642,4,0,4,3.222222222,8,3.580246914,8,0,0,0,0,0,0,0,0,5.555555556,4,1.728395062,8,4,4,12.21055556,17.555,7.300617284,23.195,5.64,5.64,2.497777778,4.496,2.220246914,4.496,0,4.496,0,0,0,0,0,0,201.7777778,35,12.09876543,229,194,194,0.257575758,0.151515152,0.166666667,0.424242424,0,0.323366154,0.134444684,None
Hf0.2Ta0.2Zr0.2Nb0.2C,26,1373,5,0.598351645,0.561419372,0.555697705,0.555559619,0.555555578,28.44444444,67,24.9382716,73,6,6,63.22222222,33,15.30864198,77,44,77,67.06908444,168.93718,61.17598272,180.94788,12.0107,12.0107,3309.888889,1695,570.1234568,3823,2128,3823,9.777777778,10,4.691358025,14,4,14,3.555555556,4,1.728395062,6,2,2,118.2222222,99,46.91358025,175,76,76,2.053333333,1.25,0.551851852,2.55,1.3,2.55,1.888888889,1,0.197530864,2,1,2,1.111111111,2,0.987654321,2,0,2,1.222222222,4,1.358024691,4,0,0,3.111111111,14,4.839506173,14,0,0,7.333333333,15,4.962962963,19,4,4,0.111111111,1,0.197530864,1,0,0,2.222222222,4,1.975308642,4,0,4,3.222222222,8,3.580246914,8,0,0,0,0,0,0,0,0,5.555555556,4,1.728395062,8,4,4,12.21055556,17.555,7.300617284,23.195,5.64,5.64,2.497777778,4.496,2.220246914,4.496,0,4.496,0,0,0,0,0,0,201.7777778,35,12.09876543,229,194,194,0.257575758,0.151515152,0.166666667,0.424242424,0,0.323366154,0.134444684,None
Hf0.2Ta0.2Zr0.2Nb0.2C,27.5,1473,5,0.598351645,0.561419372,0.555697705,0.555559619,0.555555578,28.44444444,67,24.9382716,73,6,6,63.22222222,33,15.30864198,77,44,77,67.06908444,168.93718,61.17598272,180.94788,12.0107,12.0107,3309.888889,1695,570.1234568,3823,2128,3823,9.777777778,10,4.691358025,14,4,14,3.555555556,4,1.728395062,6,2,2,118.2222222,99,46.91358025,175,76,76,2.053333333,1.25,0.551851852,2.55,1.3,2.55,1.888888889,1,0.197530864,2,1,2,1.111111111,2,0.987654321,2,0,2,1.222222222,4,1.358024691,4,0,0,3.111111111,14,4.839506173,14,0,0,7.333333333,15,4.962962963,19,4,4,0.111111111,1,0.197530864,1,0,0,2.222222222,4,1.975308642,4,0,4,3.222222222,8,3.580246914,8,0,0,0,0,0,0,0,0,5.555555556,4,1.728395062,8,4,4,12.21055556,17.555,7.300617284,23.195,5.64,5.64,2.497777778,4.496,2.220246914,4.496,0,4.496,0,0,0,0,0,0,201.7777778,35,12.09876543,229,194,194,0.257575758,0.151515152,0.166666667,0.424242424,0,0.323366154,0.134444684,None
Hf0.2Ta0.2Zr0.2Nb0.2C,28.5,1573,5,0.598351645,0.561419372,0.555697705,0.555559619,0.555555578,28.44444444,67,24.9382716,73,6,6,63.22222222,33,15.30864198,77,44,77,67.06908444,168.93718,61.17598272,180.94788,12.0107,12.0107,3309.888889,1695,570.1234568,3823,2128,3823,9.777777778,10,4.691358025,14,4,14,3.555555556,4,1.728395062,6,2,2,118.2222222,99,46.91358025,175,76,76,2.053333333,1.25,0.551851852,2.55,1.3,2.55,1.888888889,1,0.197530864,2,1,2,1.111111111,2,0.987654321,2,0,2,1.222222222,4,1.358024691,4,0,0,3.111111111,14,4.839506173,14,0,0,7.333333333,15,4.962962963,19,4,4,0.111111111,1,0.197530864,1,0,0,2.222222222,4,1.975308642,4,0,4,3.222222222,8,3.580246914,8,0,0,0,0,0,0,0,0,5.555555556,4,1.728395062,8,4,4,12.21055556,17.555,7.300617284,23.195,5.64,5.64,2.497777778,4.496,2.220246914,4.496,0,4.496,0,0,0,0,0,0,201.7777778,35,12.09876543,229,194,194,0.257575758,0.151515152,0.166666667,0.424242424,0,0.323366154,0.134444684,None
Hf0.2Ta0.2Zr0.2Nb0.2C,29.5,1673,5,0.598351645,0.561419372,0.555697705,0.555559619,0.555555578,28.44444444,67,24.9382716,73,6,6,63.22222222,33,15.30864198,77,44,77,67.06908444,168.93718,61.17598272,180.94788,12.0107,12.0107,3309.888889,1695,570.1234568,3823,2128,3823,9.777777778,10,4.691358025,14,4,14,3.555555556,4,1.728395062,6,2,2,118.2222222,99,46.91358025,175,76,76,2.053333333,1.25,0.551851852,2.55,1.3,2.55,1.888888889,1,0.197530864,2,1,2,1.111111111,2,0.987654321,2,0,2,1.222222222,4,1.358024691,4,0,0,3.111111111,14,4.839506173,14,0,0,7.333333333,15,4.962962963,19,4,4,0.111111111,1,0.197530864,1,0,0,2.222222222,4,1.975308642,4,0,4,3.222222222,8,3.580246914,8,0,0,0,0,0,0,0,0,5.555555556,4,1.728395062,8,4,4,12.21055556,17.555,7.300617284,23.195,5.64,5.64,2.497777778,4.496,2.220246914,4.496,0,4.496,0,0,0,0,0,0,201.7777778,35,12.09876543,229,194,194,0.257575758,0.151515152,0.166666667,0.424242424,0,0.323366154,0.134444684,None
Hf0.2Ta0.2Zr0.2Nb0.2C,27,1773,5,0.598351645,0.561419372,0.555697705,0.555559619,0.555555578,28.44444444,67,24.9382716,73,6,6,63.22222222,33,15.30864198,77,44,77,67.06908444,168.93718,61.17598272,180.94788,12.0107,12.0107,3309.888889,1695,570.1234568,3823,2128,3823,9.777777778,10,4.691358025,14,4,14,3.555555556,4,1.728395062,6,2,2,118.2222222,99,46.91358025,175,76,76,2.053333333,1.25,0.551851852,2.55,1.3,2.55,1.888888889,1,0.197530864,2,1,2,1.111111111,2,0.987654321,2,0,2,1.222222222,4,1.358024691,4,0,0,3.111111111,14,4.839506173,14,0,0,7.333333333,15,4.962962963,19,4,4,0.111111111,1,0.197530864,1,0,0,2.222222222,4,1.975308642,4,0,4,3.222222222,8,3.580246914,8,0,0,0,0,0,0,0,0,5.555555556,4,1.728395062,8,4,4,12.21055556,17.555,7.300617284,23.195,5.64,5.64,2.497777778,4.496,2.220246914,4.496,0,4.496,0,0,0,0,0,0,201.7777778,35,12.09876543,229,194,194,0.257575758,0.151515152,0.166666667,0.424242424,0,0.323366154,0.134444684,None
Hf0.2Ta0.2Zr0.2Nb0.2C,28.5,1873,5,0.598351645,0.561419372,0.555697705,0.555559619,0.555555578,28.44444444,67,24.9382716,73,6,6,63.22222222,33,15.30864198,77,44,77,67.06908444,168.93718,61.17598272,180.94788,12.0107,12.0107,3309.888889,1695,570.1234568,3823,2128,3823,9.777777778,10,4.691358025,14,4,14,3.555555556,4,1.728395062,6,2,2,118.2222222,99,46.91358025,175,76,76,2.053333333,1.25,0.551851852,2.55,1.3,2.55,1.888888889,1,0.197530864,2,1,2,1.111111111,2,0.987654321,2,0,2,1.222222222,4,1.358024691,4,0,0,3.111111111,14,4.839506173,14,0,0,7.333333333,15,4.962962963,19,4,4,0.111111111,1,0.197530864,1,0,0,2.222222222,4,1.975308642,4,0,4,3.222222222,8,3.580246914,8,0,0,0,0,0,0,0,0,5.555555556,4,1.728395062,8,4,4,12.21055556,17.555,7.300617284,23.195,5.64,5.64,2.497777778,4.496,2.220246914,4.496,0,4.496,0,0,0,0,0,0,201.7777778,35,12.09876543,229,194,194,0.257575758,0.151515152,0.166666667,0.424242424,0,0.323366154,0.134444684,None
Hf0.2Ta0.2Zr0.2Nb0.2C,29.5,1973,5,0.598351645,0.561419372,0.555697705,0.555559619,0.555555578,28.44444444,67,24.9382716,73,6,6,63.22222222,33,15.30864198,77,44,77,67.06908444,168.93718,61.17598272,180.94788,12.0107,12.0107,3309.888889,1695,570.1234568,3823,2128,3823,9.777777778,10,4.691358025,14,4,14,3.555555556,4,1.728395062,6,2,2,118.2222222,99,46.91358025,175,76,76,2.053333333,1.25,0.551851852,2.55,1.3,2.55,1.888888889,1,0.197530864,2,1,2,1.111111111,2,0.987654321,2,0,2,1.222222222,4,1.358024691,4,0,0,3.111111111,14,4.839506173,14,0,0,7.333333333,15,4.962962963,19,4,4,0.111111111,1,0.197530864,1,0,0,2.222222222,4,1.975308642,4,0,4,3.222222222,8,3.580246914,8,0,0,0,0,0,0,0,0,5.555555556,4,1.728395062,8,4,4,12.21055556,17.555,7.300617284,23.195,5.64,5.64,2.497777778,4.496,2.220246914,4.496,0,4.496,0,0,0,0,0,0,201.7777778,35,12.09876543,229,194,194,0.257575758,0.151515152,0.166666667,0.424242424,0,0.323366154,0.134444684,None
Hf0.2Ta0.2Zr0.2Nb0.2C,31.5,2073,5,0.598351645,0.561419372,0.555697705,0.555559619,0.555555578,28.44444444,67,24.9382716,73,6,6,63.22222222,33,15.30864198,77,44,77,67.06908444,168.93718,61.17598272,180.94788,12.0107,12.0107,3309.888889,1695,570.1234568,3823,2128,3823,9.777777778,10,4.691358025,14,4,14,3.555555556,4,1.728395062,6,2,2,118.2222222,99,46.91358025,175,76,76,2.053333333,1.25,0.551851852,2.55,1.3,2.55,1.888888889,1,0.197530864,2,1,2,1.111111111,2,0.987654321,2,0,2,1.222222222,4,1.358024691,4,0,0,3.111111111,14,4.839506173,14,0,0,7.333333333,15,4.962962963,19,4,4,0.111111111,1,0.197530864,1,0,0,2.222222222,4,1.975308642,4,0,4,3.222222222,8,3.580246914,8,0,0,0,0,0,0,0,0,5.555555556,4,1.728395062,8,4,4,12.21055556,17.555,7.300617284,23.195,5.64,5.64,2.497777778,4.496,2.220246914,4.496,0,4.496,0,0,0,0,0,0,201.7777778,35,12.09876543,229,194,194,0.257575758,0.151515152,0.166666667,0.424242424,0,0.323366154,0.134444684,None
Hf0.2Ta0.2Zr0.2Nb0.2C,38,2173,5,0.598351645,0.561419372,0.555697705,0.555559619,0.555555578,28.44444444,67,24.9382716,73,6,6,63.22222222,33,15.30864198,77,44,77,67.06908444,168.93718,61.17598272,180.94788,12.0107,12.0107,3309.888889,1695,570.1234568,3823,2128,3823,9.777777778,10,4.691358025,14,4,14,3.555555556,4,1.728395062,6,2,2,118.2222222,99,46.91358025,175,76,76,2.053333333,1.25,0.551851852,2.55,1.3,2.55,1.888888889,1,0.197530864,2,1,2,1.111111111,2,0.987654321,2,0,2,1.222222222,4,1.358024691,4,0,0,3.111111111,14,4.839506173,14,0,0,7.333333333,15,4.962962963,19,4,4,0.111111111,1,0.197530864,1,0,0,2.222222222,4,1.975308642,4,0,4,3.222222222,8,3.580246914,8,0,0,0,0,0,0,0,0,5.555555556,4,1.728395062,8,4,4,12.21055556,17.555,7.300617284,23.195,5.64,5.64,2.497777778,4.496,2.220246914,4.496,0,4.496,0,0,0,0,0,0,201.7777778,35,12.09876543,229,194,194,0.257575758,0.151515152,0.166666667,0.424242424,0,0.323366154,0.134444684,None
Hf0.2Ta0.2Zr0.2Nb0.2C,39,2273,5,0.598351645,0.561419372,0.555697705,0.555559619,0.555555578,28.44444444,67,24.9382716,73,6,6,63.22222222,33,15.30864198,77,44,77,67.06908444,168.93718,61.17598272,180.94788,12.0107,12.0107,3309.888889,1695,570.1234568,3823,2128,3823,9.777777778,10,4.691358025,14,4,14,3.555555556,4,1.728395062,6,2,2,118.2222222,99,46.91358025,175,76,76,2.053333333,1.25,0.551851852,2.55,1.3,2.55,1.888888889,1,0.197530864,2,1,2,1.111111111,2,0.987654321,2,0,2,1.222222222,4,1.358024691,4,0,0,3.111111111,14,4.839506173,14,0,0,7.333333333,15,4.962962963,19,4,4,0.111111111,1,0.197530864,1,0,0,2.222222222,4,1.975308642,4,0,4,3.222222222,8,3.580246914,8,0,0,0,0,0,0,0,0,5.555555556,4,1.728395062,8,4,4,12.21055556,17.555,7.300617284,23.195,5.64,5.64,2.497777778,4.496,2.220246914,4.496,0,4.496,0,0,0,0,0,0,201.7777778,35,12.09876543,229,194,194,0.257575758,0.151515152,0.166666667,0.424242424,0,0.323366154,0.134444684,None
VNbTaMoWC,8.5,293,6,0.40824829,0.302853432,0.238494847,0.215284724,0.199371866,43.16666667,68,20.22222222,74,6,43.16666667,53.16666667,31,7.944444444,77,46,53.16666667,102.7677433,171.8293,53.08413111,183.84,12.0107,102.7677433,3106.166667,1640,496.5,3823,2183,3106.166667,6.833333333,9,2.388888889,14,5,6.833333333,4.666666667,4,1.111111111,6,2,4.666666667,146.5,94,23.5,170,76,146.5,1.966666667,1.05,0.39,2.55,1.5,1.966666667,1.666666667,1,0.444444444,2,1,1.666666667,0.333333333,2,0.555555556,2,0,0.333333333,3.166666667,5,1.166666667,5,0,3.166666667,4.666666667,14,6.222222222,14,0,4.666666667,9.833333333,16,6.444444444,20,4,9.833333333,0.333333333,1,0.444444444,1,0,0.333333333,0.666666667,4,1.111111111,4,0,0.666666667,5.166666667,7,1.777777778,7,0,5.166666667,0,0,0,0,0,0,6.166666667,3,0.833333333,7,4,6.166666667,14.44833333,12.54,3.415555556,18.18,5.64,14.44833333,0.749333333,4.496,1.248888889,4.496,0,0.749333333,0,0,0,0,0,0,223.1666667,35,9.722222222,229,194,223.1666667,0.169491525,0.033898305,0.322033898,0.474576271,0,0.240902461,0.076176932,None
VNbTaMoWC,9,323,6,0.40824829,0.302853432,0.238494847,0.215284724,0.199371866,43.16666667,68,20.22222222,74,6,43.16666667,53.16666667,31,7.944444444,77,46,53.16666667,102.7677433,171.8293,53.08413111,183.84,12.0107,102.7677433,3106.166667,1640,496.5,3823,2183,3106.166667,6.833333333,9,2.388888889,14,5,6.833333333,4.666666667,4,1.111111111,6,2,4.666666667,146.5,94,23.5,170,76,146.5,1.966666667,1.05,0.39,2.55,1.5,1.966666667,1.666666667,1,0.444444444,2,1,1.666666667,0.333333333,2,0.555555556,2,0,0.333333333,3.166666667,5,1.166666667,5,0,3.166666667,4.666666667,14,6.222222222,14,0,4.666666667,9.833333333,16,6.444444444,20,4,9.833333333,0.333333333,1,0.444444444,1,0,0.333333333,0.666666667,4,1.111111111,4,0,0.666666667,5.166666667,7,1.777777778,7,0,5.166666667,0,0,0,0,0,0,6.166666667,3,0.833333333,7,4,6.166666667,14.44833333,12.54,3.415555556,18.18,5.64,14.44833333,0.749333333,4.496,1.248888889,4.496,0,0.749333333,0,0,0,0,0,0,223.1666667,35,9.722222222,229,194,223.1666667,0.169491525,0.033898305,0.322033898,0.474576271,0,0.240902461,0.076176932,None
VNbTaMoWC,10,373,6,0.40824829,0.302853432,0.238494847,0.215284724,0.199371866,43.16666667,68,20.22222222,74,6,43.16666667,53.16666667,31,7.944444444,77,46,53.16666667,102.7677433,171.8293,53.08413111,183.84,12.0107,102.7677433,3106.166667,1640,496.5,3823,2183,3106.166667,6.833333333,9,2.388888889,14,5,6.833333333,4.666666667,4,1.111111111,6,2,4.666666667,146.5,94,23.5,170,76,146.5,1.966666667,1.05,0.39,2.55,1.5,1.966666667,1.666666667,1,0.444444444,2,1,1.666666667,0.333333333,2,0.555555556,2,0,0.333333333,3.166666667,5,1.166666667,5,0,3.166666667,4.666666667,14,6.222222222,14,0,4.666666667,9.833333333,16,6.444444444,20,4,9.833333333,0.333333333,1,0.444444444,1,0,0.333333333,0.666666667,4,1.111111111,4,0,0.666666667,5.166666667,7,1.777777778,7,0,5.166666667,0,0,0,0,0,0,6.166666667,3,0.833333333,7,4,6.166666667,14.44833333,12.54,3.415555556,18.18,5.64,14.44833333,0.749333333,4.496,1.248888889,4.496,0,0.749333333,0,0,0,0,0,0,223.1666667,35,9.722222222,229,194,223.1666667,0.169491525,0.033898305,0.322033898,0.474576271,0,0.240902461,0.076176932,None
VNbTaMoWC,12.5,473,6,0.40824829,0.302853432,0.238494847,0.215284724,0.199371866,43.16666667,68,20.22222222,74,6,43.16666667,53.16666667,31,7.944444444,77,46,53.16666667,102.7677433,171.8293,53.08413111,183.84,12.0107,102.7677433,3106.166667,1640,496.5,3823,2183,3106.166667,6.833333333,9,2.388888889,14,5,6.833333333,4.666666667,4,1.111111111,6,2,4.666666667,146.5,94,23.5,170,76,146.5,1.966666667,1.05,0.39,2.55,1.5,1.966666667,1.666666667,1,0.444444444,2,1,1.666666667,0.333333333,2,0.555555556,2,0,0.333333333,3.166666667,5,1.166666667,5,0,3.166666667,4.666666667,14,6.222222222,14,0,4.666666667,9.833333333,16,6.444444444,20,4,9.833333333,0.333333333,1,0.444444444,1,0,0.333333333,0.666666667,4,1.111111111,4,0,0.666666667,5.166666667,7,1.777777778,7,0,5.166666667,0,0,0,0,0,0,6.166666667,3,0.833333333,7,4,6.166666667,14.44833333,12.54,3.415555556,18.18,5.64,14.44833333,0.749333333,4.496,1.248888889,4.496,0,0.749333333,0,0,0,0,0,0,223.1666667,35,9.722222222,229,194,223.1666667,0.169491525,0.033898305,0.322033898,0.474576271,0,0.240902461,0.076176932,None
VNbTaMoWC,16,673,6,0.40824829,0.302853432,0.238494847,0.215284724,0.199371866,43.16666667,68,20.22222222,74,6,43.16666667,53.16666667,31,7.944444444,77,46,53.16666667,102.7677433,171.8293,53.08413111,183.84,12.0107,102.7677433,3106.166667,1640,496.5,3823,2183,3106.166667,6.833333333,9,2.388888889,14,5,6.833333333,4.666666667,4,1.111111111,6,2,4.666666667,146.5,94,23.5,170,76,146.5,1.966666667,1.05,0.39,2.55,1.5,1.966666667,1.666666667,1,0.444444444,2,1,1.666666667,0.333333333,2,0.555555556,2,0,0.333333333,3.166666667,5,1.166666667,5,0,3.166666667,4.666666667,14,6.222222222,14,0,4.666666667,9.833333333,16,6.444444444,20,4,9.833333333,0.333333333,1,0.444444444,1,0,0.333333333,0.666666667,4,1.111111111,4,0,0.666666667,5.166666667,7,1.777777778,7,0,5.166666667,0,0,0,0,0,0,6.166666667,3,0.833333333,7,4,6.166666667,14.44833333,12.54,3.415555556,18.18,5.64,14.44833333,0.749333333,4.496,1.248888889,4.496,0,0.749333333,0,0,0,0,0,0,223.1666667,35,9.722222222,229,194,223.1666667,0.169491525,0.033898305,0.322033898,0.474576271,0,0.240902461,0.076176932,None
VNbTaMoWC,19.5,873,6,0.40824829,0.302853432,0.238494847,0.215284724,0.199371866,43.16666667,68,20.22222222,74,6,43.16666667,53.16666667,31,7.944444444,77,46,53.16666667,102.7677433,171.8293,53.08413111,183.84,12.0107,102.7677433,3106.166667,1640,496.5,3823,2183,3106.166667,6.833333333,9,2.388888889,14,5,6.833333333,4.666666667,4,1.111111111,6,2,4.666666667,146.5,94,23.5,170,76,146.5,1.966666667,1.05,0.39,2.55,1.5,1.966666667,1.666666667,1,0.444444444,2,1,1.666666667,0.333333333,2,0.555555556,2,0,0.333333333,3.166666667,5,1.166666667,5,0,3.166666667,4.666666667,14,6.222222222,14,0,4.666666667,9.833333333,16,6.444444444,20,4,9.833333333,0.333333333,1,0.444444444,1,0,0.333333333,0.666666667,4,1.111111111,4,0,0.666666667,5.166666667,7,1.777777778,7,0,5.166666667,0,0,0,0,0,0,6.166666667,3,0.833333333,7,4,6.166666667,14.44833333,12.54,3.415555556,18.18,5.64,14.44833333,0.749333333,4.496,1.248888889,4.496,0,0.749333333,0,0,0,0,0,0,223.1666667,35,9.722222222,229,194,223.1666667,0.169491525,0.033898305,0.322033898,0.474576271,0,0.240902461,0.076176932,None
VNbTaMoWC,23,1073,6,0.40824829,0.302853432,0.238494847,0.215284724,0.199371866,43.16666667,68,20.22222222,74,6,43.16666667,53.16666667,31,7.944444444,77,46,53.16666667,102.7677433,171.8293,53.08413111,183.84,12.0107,102.7677433,3106.166667,1640,496.5,3823,2183,3106.166667,6.833333333,9,2.388888889,14,5,6.833333333,4.666666667,4,1.111111111,6,2,4.666666667,146.5,94,23.5,170,76,146.5,1.966666667,1.05,0.39,2.55,1.5,1.966666667,1.666666667,1,0.444444444,2,1,1.666666667,0.333333333,2,0.555555556,2,0,0.333333333,3.166666667,5,1.166666667,5,0,3.166666667,4.666666667,14,6.222222222,14,0,4.666666667,9.833333333,16,6.444444444,20,4,9.833333333,0.333333333,1,0.444444444,1,0,0.333333333,0.666666667,4,1.111111111,4,0,0.666666667,5.166666667,7,1.777777778,7,0,5.166666667,0,0,0,0,0,0,6.166666667,3,0.833333333,7,4,6.166666667,14.44833333,12.54,3.415555556,18.18,5.64,14.44833333,0.749333333,4.496,1.248888889,4.496,0,0.749333333,0,0,0,0,0,0,223.1666667,35,9.722222222,229,194,223.1666667,0.169491525,0.033898305,0.322033898,0.474576271,0,0.240902461,0.076176932,None
VNbTaMoWC,25.5,1273,6,0.40824829,0.302853432,0.238494847,0.215284724,0.199371866,43.16666667,68,20.22222222,74,6,43.16666667,53.16666667,31,7.944444444,77,46,53.16666667,102.7677433,171.8293,53.08413111,183.84,12.0107,102.7677433,3106.166667,1640,496.5,3823,2183,3106.166667,6.833333333,9,2.388888889,14,5,6.833333333,4.666666667,4,1.111111111,6,2,4.666666667,146.5,94,23.5,170,76,146.5,1.966666667,1.05,0.39,2.55,1.5,1.966666667,1.666666667,1,0.444444444,2,1,1.666666667,0.333333333,2,0.555555556,2,0,0.333333333,3.166666667,5,1.166666667,5,0,3.166666667,4.666666667,14,6.222222222,14,0,4.666666667,9.833333333,16,6.444444444,20,4,9.833333333,0.333333333,1,0.444444444,1,0,0.333333333,0.666666667,4,1.111111111,4,0,0.666666667,5.166666667,7,1.777777778,7,0,5.166666667,0,0,0,0,0,0,6.166666667,3,0.833333333,7,4,6.166666667,14.44833333,12.54,3.415555556,18.18,5.64,14.44833333,0.749333333,4.496,1.248888889,4.496,0,0.749333333,0,0,0,0,0,0,223.1666667,35,9.722222222,229,194,223.1666667,0.169491525,0.033898305,0.322033898,0.474576271,0,0.240902461,0.076176932,None
Y2Ti2O7,1.123,298,3,0.686348585,0.646108515,0.636847546,0.636391892,0.636364098,16.18181818,31,10.41322314,39,8,8,65.36363636,75,27.53719008,87,12,87,35.04922727,72.90645,24.24523471,88.90585,15.9994,15.9994,714.8727273,1886.2,840.092562,1941,54.8,54.8,11.45454545,13,5.785123967,16,3,16,2.909090909,3,1.157024793,5,2,2,105.6363636,124,50.44628099,190,66,66,2.690909091,2.22,0.95338843,3.44,1.22,3.44,2,0,0,2,2,2,2.545454545,4,1.851239669,4,0,4,0.545454545,2,0.694214876,2,0,0,0,0,0,0,0,0,5.090909091,3,1.157024793,6,3,6,0,0,0,0,0,0,1.272727273,2,0.925619835,2,0,2,3.090909091,9,3.933884298,9,0,0,0,0,0,0,0,0,4.363636364,7,3.008264463,9,2,2,14.71318182,23.26,7.13768595,32.365,9.105,9.105,0,0,0,0,0,0,4.10E-06,2.25E-05,6.70E-06,2.25E-05,0,0,78.18181818,182,84.23140496,194,12,12,0.392857143,0.5,0.107142857,0,1,0.708320593,0.303137614,None
Ho0.667Y0.667Dy0.667Ti2O7,1.023,298,5,0.670048656,0.64175644,0.636550902,0.636319937,0.636306021,19.51858922,59,14.65869003,67,8,8,67.78401963,75,24.45447915,87,12,87,44.12562725,148.93092,35.79376252,164.93032,15.9994,15.9994,704.9065539,1886.2,827.3331293,1941,54.8,54.8,11.45377693,13,5.785576128,16,3,16,3.030542678,4,1.311480546,6,2,2,105.8865558,126,50.76009279,192,66,66,2.691381693,2.22,0.952700328,3.44,1.22,3.44,2,0,2.22E-16,2,2,2,2.545223162,4,1.851365852,4,0,4,0.424234161,2,0.64277202,2,0,0,1.273247887,11,2.237703358,11,0,0,6.242705209,10,1.517540451,13,3,6,0,0,0,0,0,0,1.272611581,2,0.925682926,2,0,2,2.000090901,9,3.030407702,9,0,0,0.424415962,4,0.745901119,4,0,0,3.697118444,7,2.244306356,9,2,2,14.54764734,23.26,6.926376029,32.365,9.105,9.105,0,0,0,0,0,0,4.10E-06,2.25E-05,6.70E-06,2.25E-05,0,0,78.19234615,182,84.23714627,194,12,12,0.32037393,0.407711573,0.067956783,0.203957714,0,0.708320593,0.302881139,None
Ho0.4Y0.4Dy0.4Gd0.4Eu0.4Ti2O7,0.974,298,7,0.666804393,0.641467916,0.636606162,0.636377766,0.636363867,19.96363636,59,15.22644628,67,8,8,67.83636364,75,24.39008264,87,12,87,45.26816982,148.93092,37.25116159,164.93032,15.9994,15.9994,675.4909091,1886.2,789.9702479,1941,54.8,54.8,11.45454545,13,5.785123967,16,3,16,3.054545455,4,1.34214876,6,2,2,106.2909091,132,51.27933884,198,66,66,2.689272727,2.255,0.955471074,3.44,1.185,3.44,2,0,0,2,2,2,2.545454545,4,1.851239669,4,0,4,0.436363636,2,0.650578512,2,0,0,1.272727273,11,2.175206612,11,0,0,6.254545455,10,1.380495868,13,3,6,0,0,0,0,0,0,1.272727273,2,0.925619835,2,0,2,2.109090909,9,3.14446281,9,0,0,0.763636364,7,1.305123967,7,0,0,4.145454545,14,2.82446281,16,2,2,14.75039394,27.355,7.185046832,36.46,9.105,9.105,0,0,0,0,0,0,4.10E-06,2.25E-05,6.70E-06,2.25E-05,0,0,79.45454545,217,85.85123967,229,12,12,0.319767442,0.406976744,0.069767442,0.203488372,1,0.719520951,0.303905754,None
,,,,,,,,,,,,,,,,,,,,,,,,,,,,,,,,,,,,,,,,,,,,,,,,,,,,,,,,,,,,,,,,,,,,,,,,,,,,,,,,,,,,,,,,,,,,,,,,,,,,,,,,,,,,,,,,,,,,,,,,,,,,,,,,,,,,,,,,,,,,,,,,,,,,
,,,,,,,,,,,,,,,,,,,,,,,,,,,,,,,,,,,,,,,,,,,,,,,,,,,,,,,,,,,,,,,,,,,,,,,,,,,,,,,,,,,,,,,,,,,,,,,,,,,,,,,,,,,,,,,,,,,,,,,,,,,,,,,,,,,,,,,,,,,,,,,,,,,,
,,,,,,,,,,,,,,,,,,,,,,,,,,,,,,,,,,,,,,,,,,,,,,,,,,,,,,,,,,,,,,,,,,,,,,,,,,,,,,,,,,,,,,,,,,,,,,,,,,,,,,,,,,,,,,,,,,,,,,,,,,,,,,,,,,,,,,,,,,,,,,,,,,,,
,,,,,,,,,,,,,,,,,,,,,,,,,,,,,,,,,,,,,,,,,,,,,,,,,,,,,,,,,,,,,,,,,,,,,,,,,,,,,,,,,,,,,,,,,,,,,,,,,,,,,,,,,,,,,,,,,,,,,,,,,,,,,,,,,,,,,,,,,,,,,,,,,,,,
,,,,,,,,,,,,,,,,,,,,,,,,,,,,,,,,,,,,,,,,,,,,,,,,,,,,,,,,,,,,,,,,,,,,,,,,,,,,,,,,,,,,,,,,,,,,,,,,,,,,,,,,,,,,,,,,,,,,,,,,,,,,,,,,,,,,,,,,,,,,,,,,,,,,
,,,,,,,,,,,,,,,,,,,,,,,,,,,,,,,,,,,,,,,,,,,,,,,,,,,,,,,,,,,,,,,,,,,,,,,,,,,,,,,,,,,,,,,,,,,,,,,,,,,,,,,,,,,,,,,,,,,,,,,,,,,,,,,,,,,,,,,,,,,,,,,,,,,,
,,,,,,,,,,,,,,,,,,,,,,,,,,,,,,,,,,,,,,,,,,,,,,,,,,,,,,,,,,,,,,,,,,,,,,,,,,,,,,,,,,,,,,,,,,,,,,,,,,,,,,,,,,,,,,,,,,,,,,,,,,,,,,,,,,,,,,,,,,,,,,,,,,,,
,,,,,,,,,,,,,,,,,,,,,,,,,,,,,,,,,,,,,,,,,,,,,,,,,,,,,,,,,,,,,,,,,,,,,,,,,,,,,,,,,,,,,,,,,,,,,,,,,,,,,,,,,,,,,,,,,,,,,,,,,,,,,,,,,,,,,,,,,,,,,,,,,,,,
,,,,,,,,,,,,,,,,,,,,,,,,,,,,,,,,,,,,,,,,,,,,,,,,,,,,,,,,,,,,,,,,,,,,,,,,,,,,,,,,,,,,,,,,,,,,,,,,,,,,,,,,,,,,,,,,,,,,,,,,,,,,,,,,,,,,,,,,,,,,,,,,,,,,
,,,,,,,,,,,,,,,,,,,,,,,,,,,,,,,,,,,,,,,,,,,,,,,,,,,,,,,,,,,,,,,,,,,,,,,,,,,,,,,,,,,,,,,,,,,,,,,,,,,,,,,,,,,,,,,,,,,,,,,,,,,,,,,,,,,,,,,,,,,,,,,,,,,,
,,,,,,,,,,,,,,,,,,,,,,,,,,,,,,,,,,,,,,,,,,,,,,,,,,,,,,,,,,,,,,,,,,,,,,,,,,,,,,,,,,,,,,,,,,,,,,,,,,,,,,,,,,,,,,,,,,,,,,,,,,,,,,,,,,,,,,,,,,,,,,,,,,,,
,,,,,,,,,,,,,,,,,,,,,,,,,,,,,,,,,,,,,,,,,,,,,,,,,,,,,,,,,,,,,,,,,,,,,,,,,,,,,,,,,,,,,,,,,,,,,,,,,,,,,,,,,,,,,,,,,,,,,,,,,,,,,,,,,,,,,,,,,,,,,,,,,,,,
,,,,,,,,,,,,,,,,,,,,,,,,,,,,,,,,,,,,,,,,,,,,,,,,,,,,,,,,,,,,,,,,,,,,,,,,,,,,,,,,,,,,,,,,,,,,,,,,,,,,,,,,,,,,,,,,,,,,,,,,,,,,,,,,,,,,,,,,,,,,,,,,,,,,
,,,,,,,,,,,,,,,,,,,,,,,,,,,,,,,,,,,,,,,,,,,,,,,,,,,,,,,,,,,,,,,,,,,,,,,,,,,,,,,,,,,,,,,,,,,,,,,,,,,,,,,,,,,,,,,,,,,,,,,,,,,,,,,,,,,,,,,,,,,,,,,,,,,,
,,,,,,,,,,,,,,,,,,,,,,,,,,,,,,,,,,,,,,,,,,,,,,,,,,,,,,,,,,,,,,,,,,,,,,,,,,,,,,,,,,,,,,,,,,,,,,,,,,,,,,,,,,,,,,,,,,,,,,,,,,,,,,,,,,,,,,,,,,,,,,,,,,,,
,,,,,,,,,,,,,,,,,,,,,,,,,,,,,,,,,,,,,,,,,,,,,,,,,,,,,,,,,,,,,,,,,,,,,,,,,,,,,,,,,,,,,,,,,,,,,,,,,,,,,,,,,,,,,,,,,,,,,,,,,,,,,,,,,,,,,,,,,,,,,,,,,,,,
,,,,,,,,,,,,,,,,,,,,,,,,,,,,,,,,,,,,,,,,,,,,,,,,,,,,,,,,,,,,,,,,,,,,,,,,,,,,,,,,,,,,,,,,,,,,,,,,,,,,,,,,,,,,,,,,,,,,,,,,,,,,,,,,,,,,,,,,,,,,,,,,,,,,
,,,,,,,,,,,,,,,,,,,,,,,,,,,,,,,,,,,,,,,,,,,,,,,,,,,,,,,,,,,,,,,,,,,,,,,,,,,,,,,,,,,,,,,,,,,,,,,,,,,,,,,,,,,,,,,,,,,,,,,,,,,,,,,,,,,,,,,,,,,,,,,,,,,,
,,,,,,,,,,,,,,,,,,,,,,,,,,,,,,,,,,,,,,,,,,,,,,,,,,,,,,,,,,,,,,,,,,,,,,,,,,,,,,,,,,,,,,,,,,,,,,,,,,,,,,,,,,,,,,,,,,,,,,,,,,,,,,,,,,,,,,,,,,,,,,,,,,,,
,,,,,,,,,,,,,,,,,,,,,,,,,,,,,,,,,,,,,,,,,,,,,,,,,,,,,,,,,,,,,,,,,,,,,,,,,,,,,,,,,,,,,,,,,,,,,,,,,,,,,,,,,,,,,,,,,,,,,,,,,,,,,,,,,,,,,,,,,,,,,,,,,,,,
,,,,,,,,,,,,,,,,,,,,,,,,,,,,,,,,,,,,,,,,,,,,,,,,,,,,,,,,,,,,,,,,,,,,,,,,,,,,,,,,,,,,,,,,,,,,,,,,,,,,,,,,,,,,,,,,,,,,,,,,,,,,,,,,,,,,,,,,,,,,,,,,,,,,
,,,,,,,,,,,,,,,,,,,,,,,,,,,,,,,,,,,,,,,,,,,,,,,,,,,,,,,,,,,,,,,,,,,,,,,,,,,,,,,,,,,,,,,,,,,,,,,,,,,,,,,,,,,,,,,,,,,,,,,,,,,,,,,,,,,,,,,,,,,,,,,,,,,,
,,,,,,,,,,,,,,,,,,,,,,,,,,,,,,,,,,,,,,,,,,,,,,,,,,,,,,,,,,,,,,,,,,,,,,,,,,,,,,,,,,,,,,,,,,,,,,,,,,,,,,,,,,,,,,,,,,,,,,,,,,,,,,,,,,,,,,,,,,,,,,,,,,,,
,,,,,,,,,,,,,,,,,,,,,,,,,,,,,,,,,,,,,,,,,,,,,,,,,,,,,,,,,,,,,,,,,,,,,,,,,,,,,,,,,,,,,,,,,,,,,,,,,,,,,,,,,,,,,,,,,,,,,,,,,,,,,,,,,,,,,,,,,,,,,,,,,,,,
,,,,,,,,,,,,,,,,,,,,,,,,,,,,,,,,,,,,,,,,,,,,,,,,,,,,,,,,,,,,,,,,,,,,,,,,,,,,,,,,,,,,,,,,,,,,,,,,,,,,,,,,,,,,,,,,,,,,,,,,,,,,,,,,,,,,,,,,,,,,,,,,,,,,
,,,,,,,,,,,,,,,,,,,,,,,,,,,,,,,,,,,,,,,,,,,,,,,,,,,,,,,,,,,,,,,,,,,,,,,,,,,,,,,,,,,,,,,,,,,,,,,,,,,,,,,,,,,,,,,,,,,,,,,,,,,,,,,,,,,,,,,,,,,,,,,,,,,,
,,,,,,,,,,,,,,,,,,,,,,,,,,,,,,,,,,,,,,,,,,,,,,,,,,,,,,,,,,,,,,,,,,,,,,,,,,,,,,,,,,,,,,,,,,,,,,,,,,,,,,,,,,,,,,,,,,,,,,,,,,,,,,,,,,,,,,,,,,,,,,,,,,,,
,,,,,,,,,,,,,,,,,,,,,,,,,,,,,,,,,,,,,,,,,,,,,,,,,,,,,,,,,,,,,,,,,,,,,,,,,,,,,,,,,,,,,,,,,,,,,,,,,,,,,,,,,,,,,,,,,,,,,,,,,,,,,,,,,,,,,,,,,,,,,,,,,,,,
,,,,,,,,,,,,,,,,,,,,,,,,,,,,,,,,,,,,,,,,,,,,,,,,,,,,,,,,,,,,,,,,,,,,,,,,,,,,,,,,,,,,,,,,,,,,,,,,,,,,,,,,,,,,,,,,,,,,,,,,,,,,,,,,,,,,,,,,,,,,,,,,,,,,
,,,,,,,,,,,,,,,,,,,,,,,,,,,,,,,,,,,,,,,,,,,,,,,,,,,,,,,,,,,,,,,,,,,,,,,,,,,,,,,,,,,,,,,,,,,,,,,,,,,,,,,,,,,,,,,,,,,,,,,,,,,,,,,,,,,,,,,,,,,,,,,,,,,,
,,,,,,,,,,,,,,,,,,,,,,,,,,,,,,,,,,,,,,,,,,,,,,,,,,,,,,,,,,,,,,,,,,,,,,,,,,,,,,,,,,,,,,,,,,,,,,,,,,,,,,,,,,,,,,,,,,,,,,,,,,,,,,,,,,,,,,,,,,,,,,,,,,,,
,,,,,,,,,,,,,,,,,,,,,,,,,,,,,,,,,,,,,,,,,,,,,,,,,,,,,,,,,,,,,,,,,,,,,,,,,,,,,,,,,,,,,,,,,,,,,,,,,,,,,,,,,,,,,,,,,,,,,,,,,,,,,,,,,,,,,,,,,,,,,,,,,,,,
,,,,,,,,,,,,,,,,,,,,,,,,,,,,,,,,,,,,,,,,,,,,,,,,,,,,,,,,,,,,,,,,,,,,,,,,,,,,,,,,,,,,,,,,,,,,,,,,,,,,,,,,,,,,,,,,,,,,,,,,,,,,,,,,,,,,,,,,,,,,,,,,,,,,
,,,,,,,,,,,,,,,,,,,,,,,,,,,,,,,,,,,,,,,,,,,,,,,,,,,,,,,,,,,,,,,,,,,,,,,,,,,,,,,,,,,,,,,,,,,,,,,,,,,,,,,,,,,,,,,,,,,,,,,,,,,,,,,,,,,,,,,,,,,,,,,,,,,,
,,,,,,,,,,,,,,,,,,,,,,,,,,,,,,,,,,,,,,,,,,,,,,,,,,,,,,,,,,,,,,,,,,,,,,,,,,,,,,,,,,,,,,,,,,,,,,,,,,,,,,,,,,,,,,,,,,,,,,,,,,,,,,,,,,,,,,,,,,,,,,,,,,,,
,,,,,,,,,,,,,,,,,,,,,,,,,,,,,,,,,,,,,,,,,,,,,,,,,,,,,,,,,,,,,,,,,,,,,,,,,,,,,,,,,,,,,,,,,,,,,,,,,,,,,,,,,,,,,,,,,,,,,,,,,,,,,,,,,,,,,,,,,,,,,,,,,,,,
,,,,,,,,,,,,,,,,,,,,,,,,,,,,,,,,,,,,,,,,,,,,,,,,,,,,,,,,,,,,,,,,,,,,,,,,,,,,,,,,,,,,,,,,,,,,,,,,,,,,,,,,,,,,,,,,,,,,,,,,,,,,,,,,,,,,,,,,,,,,,,,,,,,,
,,,,,,,,,,,,,,,,,,,,,,,,,,,,,,,,,,,,,,,,,,,,,,,,,,,,,,,,,,,,,,,,,,,,,,,,,,,,,,,,,,,,,,,,,,,,,,,,,,,,,,,,,,,,,,,,,,,,,,,,,,,,,,,,,,,,,,,,,,,,,,,,,,,,
,,,,,,,,,,,,,,,,,,,,,,,,,,,,,,,,,,,,,,,,,,,,,,,,,,,,,,,,,,,,,,,,,,,,,,,,,,,,,,,,,,,,,,,,,,,,,,,,,,,,,,,,,,,,,,,,,,,,,,,,,,,,,,,,,,,,,,,,,,,,,,,,,,,,
,,,,,,,,,,,,,,,,,,,,,,,,,,,,,,,,,,,,,,,,,,,,,,,,,,,,,,,,,,,,,,,,,,,,,,,,,,,,,,,,,,,,,,,,,,,,,,,,,,,,,,,,,,,,,,,,,,,,,,,,,,,,,,,,,,,,,,,,,,,,,,,,,,,,
,,,,,,,,,,,,,,,,,,,,,,,,,,,,,,,,,,,,,,,,,,,,,,,,,,,,,,,,,,,,,,,,,,,,,,,,,,,,,,,,,,,,,,,,,,,,,,,,,,,,,,,,,,,,,,,,,,,,,,,,,,,,,,,,,,,,,,,,,,,,,,,,,,,,
,,,,,,,,,,,,,,,,,,,,,,,,,,,,,,,,,,,,,,,,,,,,,,,,,,,,,,,,,,,,,,,,,,,,,,,,,,,,,,,,,,,,,,,,,,,,,,,,,,,,,,,,,,,,,,,,,,,,,,,,,,,,,,,,,,,,,,,,,,,,,,,,,,,,
,,,,,,,,,,,,,,,,,,,,,,,,,,,,,,,,,,,,,,,,,,,,,,,,,,,,,,,,,,,,,,,,,,,,,,,,,,,,,,,,,,,,,,,,,,,,,,,,,,,,,,,,,,,,,,,,,,,,,,,,,,,,,,,,,,,,,,,,,,,,,,,,,,,,
,,,,,,,,,,,,,,,,,,,,,,,,,,,,,,,,,,,,,,,,,,,,,,,,,,,,,,,,,,,,,,,,,,,,,,,,,,,,,,,,,,,,,,,,,,,,,,,,,,,,,,,,,,,,,,,,,,,,,,,,,,,,,,,,,,,,,,,,,,,,,,,,,,,,
,,,,,,,,,,,,,,,,,,,,,,,,,,,,,,,,,,,,,,,,,,,,,,,,,,,,,,,,,,,,,,,,,,,,,,,,,,,,,,,,,,,,,,,,,,,,,,,,,,,,,,,,,,,,,,,,,,,,,,,,,,,,,,,,,,,,,,,,,,,,,,,,,,,,
,,,,,,,,,,,,,,,,,,,,,,,,,,,,,,,,,,,,,,,,,,,,,,,,,,,,,,,,,,,,,,,,,,,,,,,,,,,,,,,,,,,,,,,,,,,,,,,,,,,,,,,,,,,,,,,,,,,,,,,,,,,,,,,,,,,,,,,,,,,,,,,,,,,,
,,,,,,,,,,,,,,,,,,,,,,,,,,,,,,,,,,,,,,,,,,,,,,,,,,,,,,,,,,,,,,,,,,,,,,,,,,,,,,,,,,,,,,,,,,,,,,,,,,,,,,,,,,,,,,,,,,,,,,,,,,,,,,,,,,,,,,,,,,,,,,,,,,,,
,,,,,,,,,,,,,,,,,,,,,,,,,,,,,,,,,,,,,,,,,,,,,,,,,,,,,,,,,,,,,,,,,,,,,,,,,,,,,,,,,,,,,,,,,,,,,,,,,,,,,,,,,,,,,,,,,,,,,,,,,,,,,,,,,,,,,,,,,,,,,,,,,,,,
,,,,,,,,,,,,,,,,,,,,,,,,,,,,,,,,,,,,,,,,,,,,,,,,,,,,,,,,,,,,,,,,,,,,,,,,,,,,,,,,,,,,,,,,,,,,,,,,,,,,,,,,,,,,,,,,,,,,,,,,,,,,,,,,,,,,,,,,,,,,,,,,,,,,
,,,,,,,,,,,,,,,,,,,,,,,,,,,,,,,,,,,,,,,,,,,,,,,,,,,,,,,,,,,,,,,,,,,,,,,,,,,,,,,,,,,,,,,,,,,,,,,,,,,,,,,,,,,,,,,,,,,,,,,,,,,,,,,,,,,,,,,,,,,,,,,,,,,,
,,,,,,,,,,,,,,,,,,,,,,,,,,,,,,,,,,,,,,,,,,,,,,,,,,,,,,,,,,,,,,,,,,,,,,,,,,,,,,,,,,,,,,,,,,,,,,,,,,,,,,,,,,,,,,,,,,,,,,,,,,,,,,,,,,,,,,,,,,,,,,,,,,,,
,,,,,,,,,,,,,,,,,,,,,,,,,,,,,,,,,,,,,,,,,,,,,,,,,,,,,,,,,,,,,,,,,,,,,,,,,,,,,,,,,,,,,,,,,,,,,,,,,,,,,,,,,,,,,,,,,,,,,,,,,,,,,,,,,,,,,,,,,,,,,,,,,,,,
,,,,,,,,,,,,,,,,,,,,,,,,,,,,,,,,,,,,,,,,,,,,,,,,,,,,,,,,,,,,,,,,,,,,,,,,,,,,,,,,,,,,,,,,,,,,,,,,,,,,,,,,,,,,,,,,,,,,,,,,,,,,,,,,,,,,,,,,,,,,,,,,,,,,
,,,,,,,,,,,,,,,,,,,,,,,,,,,,,,,,,,,,,,,,,,,,,,,,,,,,,,,,,,,,,,,,,,,,,,,,,,,,,,,,,,,,,,,,,,,,,,,,,,,,,,,,,,,,,,,,,,,,,,,,,,,,,,,,,,,,,,,,,,,,,,,,,,,,
,,,,,,,,,,,,,,,,,,,,,,,,,,,,,,,,,,,,,,,,,,,,,,,,,,,,,,,,,,,,,,,,,,,,,,,,,,,,,,,,,,,,,,,,,,,,,,,,,,,,,,,,,,,,,,,,,,,,,,,,,,,,,,,,,,,,,,,,,,,,,,,,,,,,
,,,,,,,,,,,,,,,,,,,,,,,,,,,,,,,,,,,,,,,,,,,,,,,,,,,,,,,,,,,,,,,,,,,,,,,,,,,,,,,,,,,,,,,,,,,,,,,,,,,,,,,,,,,,,,,,,,,,,,,,,,,,,,,,,,,,,,,,,,,,,,,,,,,,
,,,,,,,,,,,,,,,,,,,,,,,,,,,,,,,,,,,,,,,,,,,,,,,,,,,,,,,,,,,,,,,,,,,,,,,,,,,,,,,,,,,,,,,,,,,,,,,,,,,,,,,,,,,,,,,,,,,,,,,,,,,,,,,,,,,,,,,,,,,,,,,,,,,,
,,,,,,,,,,,,,,,,,,,,,,,,,,,,,,,,,,,,,,,,,,,,,,,,,,,,,,,,,,,,,,,,,,,,,,,,,,,,,,,,,,,,,,,,,,,,,,,,,,,,,,,,,,,,,,,,,,,,,,,,,,,,,,,,,,,,,,,,,,,,,,,,,,,,
,,,,,,,,,,,,,,,,,,,,,,,,,,,,,,,,,,,,,,,,,,,,,,,,,,,,,,,,,,,,,,,,,,,,,,,,,,,,,,,,,,,,,,,,,,,,,,,,,,,,,,,,,,,,,,,,,,,,,,,,,,,,,,,,,,,,,,,,,,,,,,,,,,,,
,,,,,,,,,,,,,,,,,,,,,,,,,,,,,,,,,,,,,,,,,,,,,,,,,,,,,,,,,,,,,,,,,,,,,,,,,,,,,,,,,,,,,,,,,,,,,,,,,,,,,,,,,,,,,,,,,,,,,,,,,,,,,,,,,,,,,,,,,,,,,,,,,,,,
,,,,,,,,,,,,,,,,,,,,,,,,,,,,,,,,,,,,,,,,,,,,,,,,,,,,,,,,,,,,,,,,,,,,,,,,,,,,,,,,,,,,,,,,,,,,,,,,,,,,,,,,,,,,,,,,,,,,,,,,,,,,,,,,,,,,,,,,,,,,,,,,,,,,
,,,,,,,,,,,,,,,,,,,,,,,,,,,,,,,,,,,,,,,,,,,,,,,,,,,,,,,,,,,,,,,,,,,,,,,,,,,,,,,,,,,,,,,,,,,,,,,,,,,,,,,,,,,,,,,,,,,,,,,,,,,,,,,,,,,,,,,,,,,,,,,,,,,,
,,,,,,,,,,,,,,,,,,,,,,,,,,,,,,,,,,,,,,,,,,,,,,,,,,,,,,,,,,,,,,,,,,,,,,,,,,,,,,,,,,,,,,,,,,,,,,,,,,,,,,,,,,,,,,,,,,,,,,,,,,,,,,,,,,,,,,,,,,,,,,,,,,,,
,,,,,,,,,,,,,,,,,,,,,,,,,,,,,,,,,,,,,,,,,,,,,,,,,,,,,,,,,,,,,,,,,,,,,,,,,,,,,,,,,,,,,,,,,,,,,,,,,,,,,,,,,,,,,,,,,,,,,,,,,,,,,,,,,,,,,,,,,,,,,,,,,,,,
,,,,,,,,,,,,,,,,,,,,,,,,,,,,,,,,,,,,,,,,,,,,,,,,,,,,,,,,,,,,,,,,,,,,,,,,,,,,,,,,,,,,,,,,,,,,,,,,,,,,,,,,,,,,,,,,,,,,,,,,,,,,,,,,,,,,,,,,,,,,,,,,,,,,
,,,,,,,,,,,,,,,,,,,,,,,,,,,,,,,,,,,,,,,,,,,,,,,,,,,,,,,,,,,,,,,,,,,,,,,,,,,,,,,,,,,,,,,,,,,,,,,,,,,,,,,,,,,,,,,,,,,,,,,,,,,,,,,,,,,,,,,,,,,,,,,,,,,,
,,,,,,,,,,,,,,,,,,,,,,,,,,,,,,,,,,,,,,,,,,,,,,,,,,,,,,,,,,,,,,,,,,,,,,,,,,,,,,,,,,,,,,,,,,,,,,,,,,,,,,,,,,,,,,,,,,,,,,,,,,,,,,,,,,,,,,,,,,,,,,,,,,,,
,,,,,,,,,,,,,,,,,,,,,,,,,,,,,,,,,,,,,,,,,,,,,,,,,,,,,,,,,,,,,,,,,,,,,,,,,,,,,,,,,,,,,,,,,,,,,,,,,,,,,,,,,,,,,,,,,,,,,,,,,,,,,,,,,,,,,,,,,,,,,,,,,,,,
,,,,,,,,,,,,,,,,,,,,,,,,,,,,,,,,,,,,,,,,,,,,,,,,,,,,,,,,,,,,,,,,,,,,,,,,,,,,,,,,,,,,,,,,,,,,,,,,,,,,,,,,,,,,,,,,,,,,,,,,,,,,,,,,,,,,,,,,,,,,,,,,,,,,
,,,,,,,,,,,,,,,,,,,,,,,,,,,,,,,,,,,,,,,,,,,,,,,,,,,,,,,,,,,,,,,,,,,,,,,,,,,,,,,,,,,,,,,,,,,,,,,,,,,,,,,,,,,,,,,,,,,,,,,,,,,,,,,,,,,,,,,,,,,,,,,,,,,,
,,,,,,,,,,,,,,,,,,,,,,,,,,,,,,,,,,,,,,,,,,,,,,,,,,,,,,,,,,,,,,,,,,,,,,,,,,,,,,,,,,,,,,,,,,,,,,,,,,,,,,,,,,,,,,,,,,,,,,,,,,,,,,,,,,,,,,,,,,,,,,,,,,,,
,,,,,,,,,,,,,,,,,,,,,,,,,,,,,,,,,,,,,,,,,,,,,,,,,,,,,,,,,,,,,,,,,,,,,,,,,,,,,,,,,,,,,,,,,,,,,,,,,,,,,,,,,,,,,,,,,,,,,,,,,,,,,,,,,,,,,,,,,,,,,,,,,,,,
,,,,,,,,,,,,,,,,,,,,,,,,,,,,,,,,,,,,,,,,,,,,,,,,,,,,,,,,,,,,,,,,,,,,,,,,,,,,,,,,,,,,,,,,,,,,,,,,,,,,,,,,,,,,,,,,,,,,,,,,,,,,,,,,,,,,,,,,,,,,,,,,,,,,
,,,,,,,,,,,,,,,,,,,,,,,,,,,,,,,,,,,,,,,,,,,,,,,,,,,,,,,,,,,,,,,,,,,,,,,,,,,,,,,,,,,,,,,,,,,,,,,,,,,,,,,,,,,,,,,,,,,,,,,,,,,,,,,,,,,,,,,,,,,,,,,,,,,,
,,,,,,,,,,,,,,,,,,,,,,,,,,,,,,,,,,,,,,,,,,,,,,,,,,,,,,,,,,,,,,,,,,,,,,,,,,,,,,,,,,,,,,,,,,,,,,,,,,,,,,,,,,,,,,,,,,,,,,,,,,,,,,,,,,,,,,,,,,,,,,,,,,,,
,,,,,,,,,,,,,,,,,,,,,,,,,,,,,,,,,,,,,,,,,,,,,,,,,,,,,,,,,,,,,,,,,,,,,,,,,,,,,,,,,,,,,,,,,,,,,,,,,,,,,,,,,,,,,,,,,,,,,,,,,,,,,,,,,,,,,,,,,,,,,,,,,,,,
,,,,,,,,,,,,,,,,,,,,,,,,,,,,,,,,,,,,,,,,,,,,,,,,,,,,,,,,,,,,,,,,,,,,,,,,,,,,,,,,,,,,,,,,,,,,,,,,,,,,,,,,,,,,,,,,,,,,,,,,,,,,,,,,,,,,,,,,,,,,,,,,,,,,
,,,,,,,,,,,,,,,,,,,,,,,,,,,,,,,,,,,,,,,,,,,,,,,,,,,,,,,,,,,,,,,,,,,,,,,,,,,,,,,,,,,,,,,,,,,,,,,,,,,,,,,,,,,,,,,,,,,,,,,,,,,,,,,,,,,,,,,,,,,,,,,,,,,,
,,,,,,,,,,,,,,,,,,,,,,,,,,,,,,,,,,,,,,,,,,,,,,,,,,,,,,,,,,,,,,,,,,,,,,,,,,,,,,,,,,,,,,,,,,,,,,,,,,,,,,,,,,,,,,,,,,,,,,,,,,,,,,,,,,,,,,,,,,,,,,,,,,,,
,,,,,,,,,,,,,,,,,,,,,,,,,,,,,,,,,,,,,,,,,,,,,,,,,,,,,,,,,,,,,,,,,,,,,,,,,,,,,,,,,,,,,,,,,,,,,,,,,,,,,,,,,,,,,,,,,,,,,,,,,,,,,,,,,,,,,,,,,,,,,,,,,,,,
,,,,,,,,,,,,,,,,,,,,,,,,,,,,,,,,,,,,,,,,,,,,,,,,,,,,,,,,,,,,,,,,,,,,,,,,,,,,,,,,,,,,,,,,,,,,,,,,,,,,,,,,,,,,,,,,,,,,,,,,,,,,,,,,,,,,,,,,,,,,,,,,,,,,
,,,,,,,,,,,,,,,,,,,,,,,,,,,,,,,,,,,,,,,,,,,,,,,,,,,,,,,,,,,,,,,,,,,,,,,,,,,,,,,,,,,,,,,,,,,,,,,,,,,,,,,,,,,,,,,,,,,,,,,,,,,,,,,,,,,,,,,,,,,,,,,,,,,,
,,,,,,,,,,,,,,,,,,,,,,,,,,,,,,,,,,,,,,,,,,,,,,,,,,,,,,,,,,,,,,,,,,,,,,,,,,,,,,,,,,,,,,,,,,,,,,,,,,,,,,,,,,,,,,,,,,,,,,,,,,,,,,,,,,,,,,,,,,,,,,,,,,,,
,,,,,,,,,,,,,,,,,,,,,,,,,,,,,,,,,,,,,,,,,,,,,,,,,,,,,,,,,,,,,,,,,,,,,,,,,,,,,,,,,,,,,,,,,,,,,,,,,,,,,,,,,,,,,,,,,,,,,,,,,,,,,,,,,,,,,,,,,,,,,,,,,,,,
,,,,,,,,,,,,,,,,,,,,,,,,,,,,,,,,,,,,,,,,,,,,,,,,,,,,,,,,,,,,,,,,,,,,,,,,,,,,,,,,,,,,,,,,,,,,,,,,,,,,,,,,,,,,,,,,,,,,,,,,,,,,,,,,,,,,,,,,,,,,,,,,,,,,
,,,,,,,,,,,,,,,,,,,,,,,,,,,,,,,,,,,,,,,,,,,,,,,,,,,,,,,,,,,,,,,,,,,,,,,,,,,,,,,,,,,,,,,,,,,,,,,,,,,,,,,,,,,,,,,,,,,,,,,,,,,,,,,,,,,,,,,,,,,,,,,,,,,,
,,,,,,,,,,,,,,,,,,,,,,,,,,,,,,,,,,,,,,,,,,,,,,,,,,,,,,,,,,,,,,,,,,,,,,,,,,,,,,,,,,,,,,,,,,,,,,,,,,,,,,,,,,,,,,,,,,,,,,,,,,,,,,,,,,,,,,,,,,,,,,,,,,,,
,,,,,,,,,,,,,,,,,,,,,,,,,,,,,,,,,,,,,,,,,,,,,,,,,,,,,,,,,,,,,,,,,,,,,,,,,,,,,,,,,,,,,,,,,,,,,,,,,,,,,,,,,,,,,,,,,,,,,,,,,,,,,,,,,,,,,,,,,,,,,,,,,,,,
,,,,,,,,,,,,,,,,,,,,,,,,,,,,,,,,,,,,,,,,,,,,,,,,,,,,,,,,,,,,,,,,,,,,,,,,,,,,,,,,,,,,,,,,,,,,,,,,,,,,,,,,,,,,,,,,,,,,,,,,,,,,,,,,,,,,,,,,,,,,,,,,,,,,
,,,,,,,,,,,,,,,,,,,,,,,,,,,,,,,,,,,,,,,,,,,,,,,,,,,,,,,,,,,,,,,,,,,,,,,,,,,,,,,,,,,,,,,,,,,,,,,,,,,,,,,,,,,,,,,,,,,,,,,,,,,,,,,,,,,,,,,,,,,,,,,,,,,,
,,,,,,,,,,,,,,,,,,,,,,,,,,,,,,,,,,,,,,,,,,,,,,,,,,,,,,,,,,,,,,,,,,,,,,,,,,,,,,,,,,,,,,,,,,,,,,,,,,,,,,,,,,,,,,,,,,,,,,,,,,,,,,,,,,,,,,,,,,,,,,,,,,,,
,,,,,,,,,,,,,,,,,,,,,,,,,,,,,,,,,,,,,,,,,,,,,,,,,,,,,,,,,,,,,,,,,,,,,,,,,,,,,,,,,,,,,,,,,,,,,,,,,,,,,,,,,,,,,,,,,,,,,,,,,,,,,,,,,,,,,,,,,,,,,,,,,,,,
,,,,,,,,,,,,,,,,,,,,,,,,,,,,,,,,,,,,,,,,,,,,,,,,,,,,,,,,,,,,,,,,,,,,,,,,,,,,,,,,,,,,,,,,,,,,,,,,,,,,,,,,,,,,,,,,,,,,,,,,,,,,,,,,,,,,,,,,,,,,,,,,,,,,
,,,,,,,,,,,,,,,,,,,,,,,,,,,,,,,,,,,,,,,,,,,,,,,,,,,,,,,,,,,,,,,,,,,,,,,,,,,,,,,,,,,,,,,,,,,,,,,,,,,,,,,,,,,,,,,,,,,,,,,,,,,,,,,,,,,,,,,,,,,,,,,,,,,,
,,,,,,,,,,,,,,,,,,,,,,,,,,,,,,,,,,,,,,,,,,,,,,,,,,,,,,,,,,,,,,,,,,,,,,,,,,,,,,,,,,,,,,,,,,,,,,,,,,,,,,,,,,,,,,,,,,,,,,,,,,,,,,,,,,,,,,,,,,,,,,,,,,,,
,,,,,,,,,,,,,,,,,,,,,,,,,,,,,,,,,,,,,,,,,,,,,,,,,,,,,,,,,,,,,,,,,,,,,,,,,,,,,,,,,,,,,,,,,,,,,,,,,,,,,,,,,,,,,,,,,,,,,,,,,,,,,,,,,,,,,,,,,,,,,,,,,,,,
,,,,,,,,,,,,,,,,,,,,,,,,,,,,,,,,,,,,,,,,,,,,,,,,,,,,,,,,,,,,,,,,,,,,,,,,,,,,,,,,,,,,,,,,,,,,,,,,,,,,,,,,,,,,,,,,,,,,,,,,,,,,,,,,,,,,,,,,,,,,,,,,,,,,
,,,,,,,,,,,,,,,,,,,,,,,,,,,,,,,,,,,,,,,,,,,,,,,,,,,,,,,,,,,,,,,,,,,,,,,,,,,,,,,,,,,,,,,,,,,,,,,,,,,,,,,,,,,,,,,,,,,,,,,,,,,,,,,,,,,,,,,,,,,,,,,,,,,,
,,,,,,,,,,,,,,,,,,,,,,,,,,,,,,,,,,,,,,,,,,,,,,,,,,,,,,,,,,,,,,,,,,,,,,,,,,,,,,,,,,,,,,,,,,,,,,,,,,,,,,,,,,,,,,,,,,,,,,,,,,,,,,,,,,,,,,,,,,,,,,,,,,,,
,,,,,,,,,,,,,,,,,,,,,,,,,,,,,,,,,,,,,,,,,,,,,,,,,,,,,,,,,,,,,,,,,,,,,,,,,,,,,,,,,,,,,,,,,,,,,,,,,,,,,,,,,,,,,,,,,,,,,,,,,,,,,,,,,,,,,,,,,,,,,,,,,,,,
,,,,,,,,,,,,,,,,,,,,,,,,,,,,,,,,,,,,,,,,,,,,,,,,,,,,,,,,,,,,,,,,,,,,,,,,,,,,,,,,,,,,,,,,,,,,,,,,,,,,,,,,,,,,,,,,,,,,,,,,,,,,,,,,,,,,,,,,,,,,,,,,,,,,
,,,,,,,,,,,,,,,,,,,,,,,,,,,,,,,,,,,,,,,,,,,,,,,,,,,,,,,,,,,,,,,,,,,,,,,,,,,,,,,,,,,,,,,,,,,,,,,,,,,,,,,,,,,,,,,,,,,,,,,,,,,,,,,,,,,,,,,,,,,,,,,,,,,,
,,,,,,,,,,,,,,,,,,,,,,,,,,,,,,,,,,,,,,,,,,,,,,,,,,,,,,,,,,,,,,,,,,,,,,,,,,,,,,,,,,,,,,,,,,,,,,,,,,,,,,,,,,,,,,,,,,,,,,,,,,,,,,,,,,,,,,,,,,,,,,,,,,,,
,,,,,,,,,,,,,,,,,,,,,,,,,,,,,,,,,,,,,,,,,,,,,,,,,,,,,,,,,,,,,,,,,,,,,,,,,,,,,,,,,,,,,,,,,,,,,,,,,,,,,,,,,,,,,,,,,,,,,,,,,,,,,,,,,,,,,,,,,,,,,,,,,,,,
,,,,,,,,,,,,,,,,,,,,,,,,,,,,,,,,,,,,,,,,,,,,,,,,,,,,,,,,,,,,,,,,,,,,,,,,,,,,,,,,,,,,,,,,,,,,,,,,,,,,,,,,,,,,,,,,,,,,,,,,,,,,,,,,,,,,,,,,,,,,,,,,,,,,
,,,,,,,,,,,,,,,,,,,,,,,,,,,,,,,,,,,,,,,,,,,,,,,,,,,,,,,,,,,,,,,,,,,,,,,,,,,,,,,,,,,,,,,,,,,,,,,,,,,,,,,,,,,,,,,,,,,,,,,,,,,,,,,,,,,,,,,,,,,,,,,,,,,,
,,,,,,,,,,,,,,,,,,,,,,,,,,,,,,,,,,,,,,,,,,,,,,,,,,,,,,,,,,,,,,,,,,,,,,,,,,,,,,,,,,,,,,,,,,,,,,,,,,,,,,,,,,,,,,,,,,,,,,,,,,,,,,,,,,,,,,,,,,,,,,,,,,,,
,,,,,,,,,,,,,,,,,,,,,,,,,,,,,,,,,,,,,,,,,,,,,,,,,,,,,,,,,,,,,,,,,,,,,,,,,,,,,,,,,,,,,,,,,,,,,,,,,,,,,,,,,,,,,,,,,,,,,,,,,,,,,,,,,,,,,,,,,,,,,,,,,,,,
,,,,,,,,,,,,,,,,,,,,,,,,,,,,,,,,,,,,,,,,,,,,,,,,,,,,,,,,,,,,,,,,,,,,,,,,,,,,,,,,,,,,,,,,,,,,,,,,,,,,,,,,,,,,,,,,,,,,,,,,,,,,,,,,,,,,,,,,,,,,,,,,,,,,
,,,,,,,,,,,,,,,,,,,,,,,,,,,,,,,,,,,,,,,,,,,,,,,,,,,,,,,,,,,,,,,,,,,,,,,,,,,,,,,,,,,,,,,,,,,,,,,,,,,,,,,,,,,,,,,,,,,,,,,,,,,,,,,,,,,,,,,,,,,,,,,,,,,,
,,,,,,,,,,,,,,,,,,,,,,,,,,,,,,,,,,,,,,,,,,,,,,,,,,,,,,,,,,,,,,,,,,,,,,,,,,,,,,,,,,,,,,,,,,,,,,,,,,,,,,,,,,,,,,,,,,,,,,,,,,,,,,,,,,,,,,,,,,,,,,,,,,,,
,,,,,,,,,,,,,,,,,,,,,,,,,,,,,,,,,,,,,,,,,,,,,,,,,,,,,,,,,,,,,,,,,,,,,,,,,,,,,,,,,,,,,,,,,,,,,,,,,,,,,,,,,,,,,,,,,,,,,,,,,,,,,,,,,,,,,,,,,,,,,,,,,,,,
,,,,,,,,,,,,,,,,,,,,,,,,,,,,,,,,,,,,,,,,,,,,,,,,,,,,,,,,,,,,,,,,,,,,,,,,,,,,,,,,,,,,,,,,,,,,,,,,,,,,,,,,,,,,,,,,,,,,,,,,,,,,,,,,,,,,,,,,,,,,,,,,,,,,
,,,,,,,,,,,,,,,,,,,,,,,,,,,,,,,,,,,,,,,,,,,,,,,,,,,,,,,,,,,,,,,,,,,,,,,,,,,,,,,,,,,,,,,,,,,,,,,,,,,,,,,,,,,,,,,,,,,,,,,,,,,,,,,,,,,,,,,,,,,,,,,,,,,,
,,,,,,,,,,,,,,,,,,,,,,,,,,,,,,,,,,,,,,,,,,,,,,,,,,,,,,,,,,,,,,,,,,,,,,,,,,,,,,,,,,,,,,,,,,,,,,,,,,,,,,,,,,,,,,,,,,,,,,,,,,,,,,,,,,,,,,,,,,,,,,,,,,,,
,,,,,,,,,,,,,,,,,,,,,,,,,,,,,,,,,,,,,,,,,,,,,,,,,,,,,,,,,,,,,,,,,,,,,,,,,,,,,,,,,,,,,,,,,,,,,,,,,,,,,,,,,,,,,,,,,,,,,,,,,,,,,,,,,,,,,,,,,,,,,,,,,,,,
,,,,,,,,,,,,,,,,,,,,,,,,,,,,,,,,,,,,,,,,,,,,,,,,,,,,,,,,,,,,,,,,,,,,,,,,,,,,,,,,,,,,,,,,,,,,,,,,,,,,,,,,,,,,,,,,,,,,,,,,,,,,,,,,,,,,,,,,,,,,,,,,,,,,
,,,,,,,,,,,,,,,,,,,,,,,,,,,,,,,,,,,,,,,,,,,,,,,,,,,,,,,,,,,,,,,,,,,,,,,,,,,,,,,,,,,,,,,,,,,,,,,,,,,,,,,,,,,,,,,,,,,,,,,,,,,,,,,,,,,,,,,,,,,,,,,,,,,,
,,,,,,,,,,,,,,,,,,,,,,,,,,,,,,,,,,,,,,,,,,,,,,,,,,,,,,,,,,,,,,,,,,,,,,,,,,,,,,,,,,,,,,,,,,,,,,,,,,,,,,,,,,,,,,,,,,,,,,,,,,,,,,,,,,,,,,,,,,,,,,,,,,,,
,,,,,,,,,,,,,,,,,,,,,,,,,,,,,,,,,,,,,,,,,,,,,,,,,,,,,,,,,,,,,,,,,,,,,,,,,,,,,,,,,,,,,,,,,,,,,,,,,,,,,,,,,,,,,,,,,,,,,,,,,,,,,,,,,,,,,,,,,,,,,,,,,,,,
,,,,,,,,,,,,,,,,,,,,,,,,,,,,,,,,,,,,,,,,,,,,,,,,,,,,,,,,,,,,,,,,,,,,,,,,,,,,,,,,,,,,,,,,,,,,,,,,,,,,,,,,,,,,,,,,,,,,,,,,,,,,,,,,,,,,,,,,,,,,,,,,,,,,
,,,,,,,,,,,,,,,,,,,,,,,,,,,,,,,,,,,,,,,,,,,,,,,,,,,,,,,,,,,,,,,,,,,,,,,,,,,,,,,,,,,,,,,,,,,,,,,,,,,,,,,,,,,,,,,,,,,,,,,,,,,,,,,,,,,,,,,,,,,,,,,,,,,,
,,,,,,,,,,,,,,,,,,,,,,,,,,,,,,,,,,,,,,,,,,,,,,,,,,,,,,,,,,,,,,,,,,,,,,,,,,,,,,,,,,,,,,,,,,,,,,,,,,,,,,,,,,,,,,,,,,,,,,,,,,,,,,,,,,,,,,,,,,,,,,,,,,,,
,,,,,,,,,,,,,,,,,,,,,,,,,,,,,,,,,,,,,,,,,,,,,,,,,,,,,,,,,,,,,,,,,,,,,,,,,,,,,,,,,,,,,,,,,,,,,,,,,,,,,,,,,,,,,,,,,,,,,,,,,,,,,,,,,,,,,,,,,,,,,,,,,,,,
,,,,,,,,,,,,,,,,,,,,,,,,,,,,,,,,,,,,,,,,,,,,,,,,,,,,,,,,,,,,,,,,,,,,,,,,,,,,,,,,,,,,,,,,,,,,,,,,,,,,,,,,,,,,,,,,,,,,,,,,,,,,,,,,,,,,,,,,,,,,,,,,,,,,
,,,,,,,,,,,,,,,,,,,,,,,,,,,,,,,,,,,,,,,,,,,,,,,,,,,,,,,,,,,,,,,,,,,,,,,,,,,,,,,,,,,,,,,,,,,,,,,,,,,,,,,,,,,,,,,,,,,,,,,,,,,,,,,,,,,,,,,,,,,,,,,,,,,,
,,,,,,,,,,,,,,,,,,,,,,,,,,,,,,,,,,,,,,,,,,,,,,,,,,,,,,,,,,,,,,,,,,,,,,,,,,,,,,,,,,,,,,,,,,,,,,,,,,,,,,,,,,,,,,,,,,,,,,,,,,,,,,,,,,,,,,,,,,,,,,,,,,,,
,,,,,,,,,,,,,,,,,,,,,,,,,,,,,,,,,,,,,,,,,,,,,,,,,,,,,,,,,,,,,,,,,,,,,,,,,,,,,,,,,,,,,,,,,,,,,,,,,,,,,,,,,,,,,,,,,,,,,,,,,,,,,,,,,,,,,,,,,,,,,,,,,,,,
,,,,,,,,,,,,,,,,,,,,,,,,,,,,,,,,,,,,,,,,,,,,,,,,,,,,,,,,,,,,,,,,,,,,,,,,,,,,,,,,,,,,,,,,,,,,,,,,,,,,,,,,,,,,,,,,,,,,,,,,,,,,,,,,,,,,,,,,,,,,,,,,,,,,
,,,,,,,,,,,,,,,,,,,,,,,,,,,,,,,,,,,,,,,,,,,,,,,,,,,,,,,,,,,,,,,,,,,,,,,,,,,,,,,,,,,,,,,,,,,,,,,,,,,,,,,,,,,,,,,,,,,,,,,,,,,,,,,,,,,,,,,,,,,,,,,,,,,,
,,,,,,,,,,,,,,,,,,,,,,,,,,,,,,,,,,,,,,,,,,,,,,,,,,,,,,,,,,,,,,,,,,,,,,,,,,,,,,,,,,,,,,,,,,,,,,,,,,,,,,,,,,,,,,,,,,,,,,,,,,,,,,,,,,,,,,,,,,,,,,,,,,,,
,,,,,,,,,,,,,,,,,,,,,,,,,,,,,,,,,,,,,,,,,,,,,,,,,,,,,,,,,,,,,,,,,,,,,,,,,,,,,,,,,,,,,,,,,,,,,,,,,,,,,,,,,,,,,,,,,,,,,,,,,,,,,,,,,,,,,,,,,,,,,,,,,,,,
,,,,,,,,,,,,,,,,,,,,,,,,,,,,,,,,,,,,,,,,,,,,,,,,,,,,,,,,,,,,,,,,,,,,,,,,,,,,,,,,,,,,,,,,,,,,,,,,,,,,,,,,,,,,,,,,,,,,,,,,,,,,,,,,,,,,,,,,,,,,,,,,,,,,
,,,,,,,,,,,,,,,,,,,,,,,,,,,,,,,,,,,,,,,,,,,,,,,,,,,,,,,,,,,,,,,,,,,,,,,,,,,,,,,,,,,,,,,,,,,,,,,,,,,,,,,,,,,,,,,,,,,,,,,,,,,,,,,,,,,,,,,,,,,,,,,,,,,,
,,,,,,,,,,,,,,,,,,,,,,,,,,,,,,,,,,,,,,,,,,,,,,,,,,,,,,,,,,,,,,,,,,,,,,,,,,,,,,,,,,,,,,,,,,,,,,,,,,,,,,,,,,,,,,,,,,,,,,,,,,,,,,,,,,,,,,,,,,,,,,,,,,,,
,,,,,,,,,,,,,,,,,,,,,,,,,,,,,,,,,,,,,,,,,,,,,,,,,,,,,,,,,,,,,,,,,,,,,,,,,,,,,,,,,,,,,,,,,,,,,,,,,,,,,,,,,,,,,,,,,,,,,,,,,,,,,,,,,,,,,,,,,,,,,,,,,,,,
,,,,,,,,,,,,,,,,,,,,,,,,,,,,,,,,,,,,,,,,,,,,,,,,,,,,,,,,,,,,,,,,,,,,,,,,,,,,,,,,,,,,,,,,,,,,,,,,,,,,,,,,,,,,,,,,,,,,,,,,,,,,,,,,,,,,,,,,,,,,,,,,,,,,
,,,,,,,,,,,,,,,,,,,,,,,,,,,,,,,,,,,,,,,,,,,,,,,,,,,,,,,,,,,,,,,,,,,,,,,,,,,,,,,,,,,,,,,,,,,,,,,,,,,,,,,,,,,,,,,,,,,,,,,,,,,,,,,,,,,,,,,,,,,,,,,,,,,,
,,,,,,,,,,,,,,,,,,,,,,,,,,,,,,,,,,,,,,,,,,,,,,,,,,,,,,,,,,,,,,,,,,,,,,,,,,,,,,,,,,,,,,,,,,,,,,,,,,,,,,,,,,,,,,,,,,,,,,,,,,,,,,,,,,,,,,,,,,,,,,,,,,,,
,,,,,,,,,,,,,,,,,,,,,,,,,,,,,,,,,,,,,,,,,,,,,,,,,,,,,,,,,,,,,,,,,,,,,,,,,,,,,,,,,,,,,,,,,,,,,,,,,,,,,,,,,,,,,,,,,,,,,,,,,,,,,,,,,,,,,,,,,,,,,,,,,,,,
,,,,,,,,,,,,,,,,,,,,,,,,,,,,,,,,,,,,,,,,,,,,,,,,,,,,,,,,,,,,,,,,,,,,,,,,,,,,,,,,,,,,,,,,,,,,,,,,,,,,,,,,,,,,,,,,,,,,,,,,,,,,,,,,,,,,,,,,,,,,,,,,,,,,
,,,,,,,,,,,,,,,,,,,,,,,,,,,,,,,,,,,,,,,,,,,,,,,,,,,,,,,,,,,,,,,,,,,,,,,,,,,,,,,,,,,,,,,,,,,,,,,,,,,,,,,,,,,,,,,,,,,,,,,,,,,,,,,,,,,,,,,,,,,,,,,,,,,,
,,,,,,,,,,,,,,,,,,,,,,,,,,,,,,,,,,,,,,,,,,,,,,,,,,,,,,,,,,,,,,,,,,,,,,,,,,,,,,,,,,,,,,,,,,,,,,,,,,,,,,,,,,,,,,,,,,,,,,,,,,,,,,,,,,,,,,,,,,,,,,,,,,,,
,,,,,,,,,,,,,,,,,,,,,,,,,,,,,,,,,,,,,,,,,,,,,,,,,,,,,,,,,,,,,,,,,,,,,,,,,,,,,,,,,,,,,,,,,,,,,,,,,,,,,,,,,,,,,,,,,,,,,,,,,,,,,,,,,,,,,,,,,,,,,,,,,,,,
,,,,,,,,,,,,,,,,,,,,,,,,,,,,,,,,,,,,,,,,,,,,,,,,,,,,,,,,,,,,,,,,,,,,,,,,,,,,,,,,,,,,,,,,,,,,,,,,,,,,,,,,,,,,,,,,,,,,,,,,,,,,,,,,,,,,,,,,,,,,,,,,,,,,
,,,,,,,,,,,,,,,,,,,,,,,,,,,,,,,,,,,,,,,,,,,,,,,,,,,,,,,,,,,,,,,,,,,,,,,,,,,,,,,,,,,,,,,,,,,,,,,,,,,,,,,,,,,,,,,,,,,,,,,,,,,,,,,,,,,,,,,,,,,,,,,,,,,,
,,,,,,,,,,,,,,,,,,,,,,,,,,,,,,,,,,,,,,,,,,,,,,,,,,,,,,,,,,,,,,,,,,,,,,,,,,,,,,,,,,,,,,,,,,,,,,,,,,,,,,,,,,,,,,,,,,,,,,,,,,,,,,,,,,,,,,,,,,,,,,,,,,,,
,,,,,,,,,,,,,,,,,,,,,,,,,,,,,,,,,,,,,,,,,,,,,,,,,,,,,,,,,,,,,,,,,,,,,,,,,,,,,,,,,,,,,,,,,,,,,,,,,,,,,,,,,,,,,,,,,,,,,,,,,,,,,,,,,,,,,,,,,,,,,,,,,,,,
,,,,,,,,,,,,,,,,,,,,,,,,,,,,,,,,,,,,,,,,,,,,,,,,,,,,,,,,,,,,,,,,,,,,,,,,,,,,,,,,,,,,,,,,,,,,,,,,,,,,,,,,,,,,,,,,,,,,,,,,,,,,,,,,,,,,,,,,,,,,,,,,,,,,
,,,,,,,,,,,,,,,,,,,,,,,,,,,,,,,,,,,,,,,,,,,,,,,,,,,,,,,,,,,,,,,,,,,,,,,,,,,,,,,,,,,,,,,,,,,,,,,,,,,,,,,,,,,,,,,,,,,,,,,,,,,,,,,,,,,,,,,,,,,,,,,,,,,,
,,,,,,,,,,,,,,,,,,,,,,,,,,,,,,,,,,,,,,,,,,,,,,,,,,,,,,,,,,,,,,,,,,,,,,,,,,,,,,,,,,,,,,,,,,,,,,,,,,,,,,,,,,,,,,,,,,,,,,,,,,,,,,,,,,,,,,,,,,,,,,,,,,,,
,,,,,,,,,,,,,,,,,,,,,,,,,,,,,,,,,,,,,,,,,,,,,,,,,,,,,,,,,,,,,,,,,,,,,,,,,,,,,,,,,,,,,,,,,,,,,,,,,,,,,,,,,,,,,,,,,,,,,,,,,,,,,,,,,,,,,,,,,,,,,,,,,,,,
,,,,,,,,,,,,,,,,,,,,,,,,,,,,,,,,,,,,,,,,,,,,,,,,,,,,,,,,,,,,,,,,,,,,,,,,,,,,,,,,,,,,,,,,,,,,,,,,,,,,,,,,,,,,,,,,,,,,,,,,,,,,,,,,,,,,,,,,,,,,,,,,,,,,
,,,,,,,,,,,,,,,,,,,,,,,,,,,,,,,,,,,,,,,,,,,,,,,,,,,,,,,,,,,,,,,,,,,,,,,,,,,,,,,,,,,,,,,,,,,,,,,,,,,,,,,,,,,,,,,,,,,,,,,,,,,,,,,,,,,,,,,,,,,,,,,,,,,,
,,,,,,,,,,,,,,,,,,,,,,,,,,,,,,,,,,,,,,,,,,,,,,,,,,,,,,,,,,,,,,,,,,,,,,,,,,,,,,,,,,,,,,,,,,,,,,,,,,,,,,,,,,,,,,,,,,,,,,,,,,,,,,,,,,,,,,,,,,,,,,,,,,,,
,,,,,,,,,,,,,,,,,,,,,,,,,,,,,,,,,,,,,,,,,,,,,,,,,,,,,,,,,,,,,,,,,,,,,,,,,,,,,,,,,,,,,,,,,,,,,,,,,,,,,,,,,,,,,,,,,,,,,,,,,,,,,,,,,,,,,,,,,,,,,,,,,,,,
,,,,,,,,,,,,,,,,,,,,,,,,,,,,,,,,,,,,,,,,,,,,,,,,,,,,,,,,,,,,,,,,,,,,,,,,,,,,,,,,,,,,,,,,,,,,,,,,,,,,,,,,,,,,,,,,,,,,,,,,,,,,,,,,,,,,,,,,,,,,,,,,,,,,
,,,,,,,,,,,,,,,,,,,,,,,,,,,,,,,,,,,,,,,,,,,,,,,,,,,,,,,,,,,,,,,,,,,,,,,,,,,,,,,,,,,,,,,,,,,,,,,,,,,,,,,,,,,,,,,,,,,,,,,,,,,,,,,,,,,,,,,,,,,,,,,,,,,,
,,,,,,,,,,,,,,,,,,,,,,,,,,,,,,,,,,,,,,,,,,,,,,,,,,,,,,,,,,,,,,,,,,,,,,,,,,,,,,,,,,,,,,,,,,,,,,,,,,,,,,,,,,,,,,,,,,,,,,,,,,,,,,,,,,,,,,,,,,,,,,,,,,,,
,,,,,,,,,,,,,,,,,,,,,,,,,,,,,,,,,,,,,,,,,,,,,,,,,,,,,,,,,,,,,,,,,,,,,,,,,,,,,,,,,,,,,,,,,,,,,,,,,,,,,,,,,,,,,,,,,,,,,,,,,,,,,,,,,,,,,,,,,,,,,,,,,,,,
,,,,,,,,,,,,,,,,,,,,,,,,,,,,,,,,,,,,,,,,,,,,,,,,,,,,,,,,,,,,,,,,,,,,,,,,,,,,,,,,,,,,,,,,,,,,,,,,,,,,,,,,,,,,,,,,,,,,,,,,,,,,,,,,,,,,,,,,,,,,,,,,,,,,
,,,,,,,,,,,,,,,,,,,,,,,,,,,,,,,,,,,,,,,,,,,,,,,,,,,,,,,,,,,,,,,,,,,,,,,,,,,,,,,,,,,,,,,,,,,,,,,,,,,,,,,,,,,,,,,,,,,,,,,,,,,,,,,,,,,,,,,,,,,,,,,,,,,,
,,,,,,,,,,,,,,,,,,,,,,,,,,,,,,,,,,,,,,,,,,,,,,,,,,,,,,,,,,,,,,,,,,,,,,,,,,,,,,,,,,,,,,,,,,,,,,,,,,,,,,,,,,,,,,,,,,,,,,,,,,,,,,,,,,,,,,,,,,,,,,,,,,,,
,,,,,,,,,,,,,,,,,,,,,,,,,,,,,,,,,,,,,,,,,,,,,,,,,,,,,,,,,,,,,,,,,,,,,,,,,,,,,,,,,,,,,,,,,,,,,,,,,,,,,,,,,,,,,,,,,,,,,,,,,,,,,,,,,,,,,,,,,,,,,,,,,,,,
,,,,,,,,,,,,,,,,,,,,,,,,,,,,,,,,,,,,,,,,,,,,,,,,,,,,,,,,,,,,,,,,,,,,,,,,,,,,,,,,,,,,,,,,,,,,,,,,,,,,,,,,,,,,,,,,,,,,,,,,,,,,,,,,,,,,,,,,,,,,,,,,,,,,
,,,,,,,,,,,,,,,,,,,,,,,,,,,,,,,,,,,,,,,,,,,,,,,,,,,,,,,,,,,,,,,,,,,,,,,,,,,,,,,,,,,,,,,,,,,,,,,,,,,,,,,,,,,,,,,,,,,,,,,,,,,,,,,,,,,,,,,,,,,,,,,,,,,,
,,,,,,,,,,,,,,,,,,,,,,,,,,,,,,,,,,,,,,,,,,,,,,,,,,,,,,,,,,,,,,,,,,,,,,,,,,,,,,,,,,,,,,,,,,,,,,,,,,,,,,,,,,,,,,,,,,,,,,,,,,,,,,,,,,,,,,,,,,,,,,,,,,,,
,,,,,,,,,,,,,,,,,,,,,,,,,,,,,,,,,,,,,,,,,,,,,,,,,,,,,,,,,,,,,,,,,,,,,,,,,,,,,,,,,,,,,,,,,,,,,,,,,,,,,,,,,,,,,,,,,,,,,,,,,,,,,,,,,,,,,,,,,,,,,,,,,,,,
,,,,,,,,,,,,,,,,,,,,,,,,,,,,,,,,,,,,,,,,,,,,,,,,,,,,,,,,,,,,,,,,,,,,,,,,,,,,,,,,,,,,,,,,,,,,,,,,,,,,,,,,,,,,,,,,,,,,,,,,,,,,,,,,,,,,,,,,,,,,,,,,,,,,
,,,,,,,,,,,,,,,,,,,,,,,,,,,,,,,,,,,,,,,,,,,,,,,,,,,,,,,,,,,,,,,,,,,,,,,,,,,,,,,,,,,,,,,,,,,,,,,,,,,,,,,,,,,,,,,,,,,,,,,,,,,,,,,,,,,,,,,,,,,,,,,,,,,,
,,,,,,,,,,,,,,,,,,,,,,,,,,,,,,,,,,,,,,,,,,,,,,,,,,,,,,,,,,,,,,,,,,,,,,,,,,,,,,,,,,,,,,,,,,,,,,,,,,,,,,,,,,,,,,,,,,,,,,,,,,,,,,,,,,,,,,,,,,,,,,,,,,,,
,,,,,,,,,,,,,,,,,,,,,,,,,,,,,,,,,,,,,,,,,,,,,,,,,,,,,,,,,,,,,,,,,,,,,,,,,,,,,,,,,,,,,,,,,,,,,,,,,,,,,,,,,,,,,,,,,,,,,,,,,,,,,,,,,,,,,,,,,,,,,,,,,,,,
,,,,,,,,,,,,,,,,,,,,,,,,,,,,,,,,,,,,,,,,,,,,,,,,,,,,,,,,,,,,,,,,,,,,,,,,,,,,,,,,,,,,,,,,,,,,,,,,,,,,,,,,,,,,,,,,,,,,,,,,,,,,,,,,,,,,,,,,,,,,,,,,,,,,
,,,,,,,,,,,,,,,,,,,,,,,,,,,,,,,,,,,,,,,,,,,,,,,,,,,,,,,,,,,,,,,,,,,,,,,,,,,,,,,,,,,,,,,,,,,,,,,,,,,,,,,,,,,,,,,,,,,,,,,,,,,,,,,,,,,,,,,,,,,,,,,,,,,,
,,,,,,,,,,,,,,,,,,,,,,,,,,,,,,,,,,,,,,,,,,,,,,,,,,,,,,,,,,,,,,,,,,,,,,,,,,,,,,,,,,,,,,,,,,,,,,,,,,,,,,,,,,,,,,,,,,,,,,,,,,,,,,,,,,,,,,,,,,,,,,,,,,,,
,,,,,,,,,,,,,,,,,,,,,,,,,,,,,,,,,,,,,,,,,,,,,,,,,,,,,,,,,,,,,,,,,,,,,,,,,,,,,,,,,,,,,,,,,,,,,,,,,,,,,,,,,,,,,,,,,,,,,,,,,,,,,,,,,,,,,,,,,,,,,,,,,,,,
,,,,,,,,,,,,,,,,,,,,,,,,,,,,,,,,,,,,,,,,,,,,,,,,,,,,,,,,,,,,,,,,,,,,,,,,,,,,,,,,,,,,,,,,,,,,,,,,,,,,,,,,,,,,,,,,,,,,,,,,,,,,,,,,,,,,,,,,,,,,,,,,,,,,
,,,,,,,,,,,,,,,,,,,,,,,,,,,,,,,,,,,,,,,,,,,,,,,,,,,,,,,,,,,,,,,,,,,,,,,,,,,,,,,,,,,,,,,,,,,,,,,,,,,,,,,,,,,,,,,,,,,,,,,,,,,,,,,,,,,,,,,,,,,,,,,,,,,,
,,,,,,,,,,,,,,,,,,,,,,,,,,,,,,,,,,,,,,,,,,,,,,,,,,,,,,,,,,,,,,,,,,,,,,,,,,,,,,,,,,,,,,,,,,,,,,,,,,,,,,,,,,,,,,,,,,,,,,,,,,,,,,,,,,,,,,,,,,,,,,,,,,,,
,,,,,,,,,,,,,,,,,,,,,,,,,,,,,,,,,,,,,,,,,,,,,,,,,,,,,,,,,,,,,,,,,,,,,,,,,,,,,,,,,,,,,,,,,,,,,,,,,,,,,,,,,,,,,,,,,,,,,,,,,,,,,,,,,,,,,,,,,,,,,,,,,,,,
,,,,,,,,,,,,,,,,,,,,,,,,,,,,,,,,,,,,,,,,,,,,,,,,,,,,,,,,,,,,,,,,,,,,,,,,,,,,,,,,,,,,,,,,,,,,,,,,,,,,,,,,,,,,,,,,,,,,,,,,,,,,,,,,,,,,,,,,,,,,,,,,,,,,
,,,,,,,,,,,,,,,,,,,,,,,,,,,,,,,,,,,,,,,,,,,,,,,,,,,,,,,,,,,,,,,,,,,,,,,,,,,,,,,,,,,,,,,,,,,,,,,,,,,,,,,,,,,,,,,,,,,,,,,,,,,,,,,,,,,,,,,,,,,,,,,,,,,,
,,,,,,,,,,,,,,,,,,,,,,,,,,,,,,,,,,,,,,,,,,,,,,,,,,,,,,,,,,,,,,,,,,,,,,,,,,,,,,,,,,,,,,,,,,,,,,,,,,,,,,,,,,,,,,,,,,,,,,,,,,,,,,,,,,,,,,,,,,,,,,,,,,,,
,,,,,,,,,,,,,,,,,,,,,,,,,,,,,,,,,,,,,,,,,,,,,,,,,,,,,,,,,,,,,,,,,,,,,,,,,,,,,,,,,,,,,,,,,,,,,,,,,,,,,,,,,,,,,,,,,,,,,,,,,,,,,,,,,,,,,,,,,,,,,,,,,,,,
,,,,,,,,,,,,,,,,,,,,,,,,,,,,,,,,,,,,,,,,,,,,,,,,,,,,,,,,,,,,,,,,,,,,,,,,,,,,,,,,,,,,,,,,,,,,,,,,,,,,,,,,,,,,,,,,,,,,,,,,,,,,,,,,,,,,,,,,,,,,,,,,,,,,
,,,,,,,,,,,,,,,,,,,,,,,,,,,,,,,,,,,,,,,,,,,,,,,,,,,,,,,,,,,,,,,,,,,,,,,,,,,,,,,,,,,,,,,,,,,,,,,,,,,,,,,,,,,,,,,,,,,,,,,,,,,,,,,,,,,,,,,,,,,,,,,,,,,,
,,,,,,,,,,,,,,,,,,,,,,,,,,,,,,,,,,,,,,,,,,,,,,,,,,,,,,,,,,,,,,,,,,,,,,,,,,,,,,,,,,,,,,,,,,,,,,,,,,,,,,,,,,,,,,,,,,,,,,,,,,,,,,,,,,,,,,,,,,,,,,,,,,,,
,,,,,,,,,,,,,,,,,,,,,,,,,,,,,,,,,,,,,,,,,,,,,,,,,,,,,,,,,,,,,,,,,,,,,,,,,,,,,,,,,,,,,,,,,,,,,,,,,,,,,,,,,,,,,,,,,,,,,,,,,,,,,,,,,,,,,,,,,,,,,,,,,,,,
,,,,,,,,,,,,,,,,,,,,,,,,,,,,,,,,,,,,,,,,,,,,,,,,,,,,,,,,,,,,,,,,,,,,,,,,,,,,,,,,,,,,,,,,,,,,,,,,,,,,,,,,,,,,,,,,,,,,,,,,,,,,,,,,,,,,,,,,,,,,,,,,,,,,
,,,,,,,,,,,,,,,,,,,,,,,,,,,,,,,,,,,,,,,,,,,,,,,,,,,,,,,,,,,,,,,,,,,,,,,,,,,,,,,,,,,,,,,,,,,,,,,,,,,,,,,,,,,,,,,,,,,,,,,,,,,,,,,,,,,,,,,,,,,,,,,,,,,,
,,,,,,,,,,,,,,,,,,,,,,,,,,,,,,,,,,,,,,,,,,,,,,,,,,,,,,,,,,,,,,,,,,,,,,,,,,,,,,,,,,,,,,,,,,,,,,,,,,,,,,,,,,,,,,,,,,,,,,,,,,,,,,,,,,,,,,,,,,,,,,,,,,,,
,,,,,,,,,,,,,,,,,,,,,,,,,,,,,,,,,,,,,,,,,,,,,,,,,,,,,,,,,,,,,,,,,,,,,,,,,,,,,,,,,,,,,,,,,,,,,,,,,,,,,,,,,,,,,,,,,,,,,,,,,,,,,,,,,,,,,,,,,,,,,,,,,,,,
,,,,,,,,,,,,,,,,,,,,,,,,,,,,,,,,,,,,,,,,,,,,,,,,,,,,,,,,,,,,,,,,,,,,,,,,,,,,,,,,,,,,,,,,,,,,,,,,,,,,,,,,,,,,,,,,,,,,,,,,,,,,,,,,,,,,,,,,,,,,,,,,,,,,
,,,,,,,,,,,,,,,,,,,,,,,,,,,,,,,,,,,,,,,,,,,,,,,,,,,,,,,,,,,,,,,,,,,,,,,,,,,,,,,,,,,,,,,,,,,,,,,,,,,,,,,,,,,,,,,,,,,,,,,,,,,,,,,,,,,,,,,,,,,,,,,,,,,,
,,,,,,,,,,,,,,,,,,,,,,,,,,,,,,,,,,,,,,,,,,,,,,,,,,,,,,,,,,,,,,,,,,,,,,,,,,,,,,,,,,,,,,,,,,,,,,,,,,,,,,,,,,,,,,,,,,,,,,,,,,,,,,,,,,,,,,,,,,,,,,,,,,,,
,,,,,,,,,,,,,,,,,,,,,,,,,,,,,,,,,,,,,,,,,,,,,,,,,,,,,,,,,,,,,,,,,,,,,,,,,,,,,,,,,,,,,,,,,,,,,,,,,,,,,,,,,,,,,,,,,,,,,,,,,,,,,,,,,,,,,,,,,,,,,,,,,,,,
,,,,,,,,,,,,,,,,,,,,,,,,,,,,,,,,,,,,,,,,,,,,,,,,,,,,,,,,,,,,,,,,,,,,,,,,,,,,,,,,,,,,,,,,,,,,,,,,,,,,,,,,,,,,,,,,,,,,,,,,,,,,,,,,,,,,,,,,,,,,,,,,,,,,
,,,,,,,,,,,,,,,,,,,,,,,,,,,,,,,,,,,,,,,,,,,,,,,,,,,,,,,,,,,,,,,,,,,,,,,,,,,,,,,,,,,,,,,,,,,,,,,,,,,,,,,,,,,,,,,,,,,,,,,,,,,,,,,,,,,,,,,,,,,,,,,,,,,,
,,,,,,,,,,,,,,,,,,,,,,,,,,,,,,,,,,,,,,,,,,,,,,,,,,,,,,,,,,,,,,,,,,,,,,,,,,,,,,,,,,,,,,,,,,,,,,,,,,,,,,,,,,,,,,,,,,,,,,,,,,,,,,,,,,,,,,,,,,,,,,,,,,,,
,,,,,,,,,,,,,,,,,,,,,,,,,,,,,,,,,,,,,,,,,,,,,,,,,,,,,,,,,,,,,,,,,,,,,,,,,,,,,,,,,,,,,,,,,,,,,,,,,,,,,,,,,,,,,,,,,,,,,,,,,,,,,,,,,,,,,,,,,,,,,,,,,,,,
,,,,,,,,,,,,,,,,,,,,,,,,,,,,,,,,,,,,,,,,,,,,,,,,,,,,,,,,,,,,,,,,,,,,,,,,,,,,,,,,,,,,,,,,,,,,,,,,,,,,,,,,,,,,,,,,,,,,,,,,,,,,,,,,,,,,,,,,,,,,,,,,,,,,
,,,,,,,,,,,,,,,,,,,,,,,,,,,,,,,,,,,,,,,,,,,,,,,,,,,,,,,,,,,,,,,,,,,,,,,,,,,,,,,,,,,,,,,,,,,,,,,,,,,,,,,,,,,,,,,,,,,,,,,,,,,,,,,,,,,,,,,,,,,,,,,,,,,,
,,,,,,,,,,,,,,,,,,,,,,,,,,,,,,,,,,,,,,,,,,,,,,,,,,,,,,,,,,,,,,,,,,,,,,,,,,,,,,,,,,,,,,,,,,,,,,,,,,,,,,,,,,,,,,,,,,,,,,,,,,,,,,,,,,,,,,,,,,,,,,,,,,,,
,,,,,,,,,,,,,,,,,,,,,,,,,,,,,,,,,,,,,,,,,,,,,,,,,,,,,,,,,,,,,,,,,,,,,,,,,,,,,,,,,,,,,,,,,,,,,,,,,,,,,,,,,,,,,,,,,,,,,,,,,,,,,,,,,,,,,,,,,,,,,,,,,,,,
,,,,,,,,,,,,,,,,,,,,,,,,,,,,,,,,,,,,,,,,,,,,,,,,,,,,,,,,,,,,,,,,,,,,,,,,,,,,,,,,,,,,,,,,,,,,,,,,,,,,,,,,,,,,,,,,,,,,,,,,,,,,,,,,,,,,,,,,,,,,,,,,,,,,
,,,,,,,,,,,,,,,,,,,,,,,,,,,,,,,,,,,,,,,,,,,,,,,,,,,,,,,,,,,,,,,,,,,,,,,,,,,,,,,,,,,,,,,,,,,,,,,,,,,,,,,,,,,,,,,,,,,,,,,,,,,,,,,,,,,,,,,,,,,,,,,,,,,,
,,,,,,,,,,,,,,,,,,,,,,,,,,,,,,,,,,,,,,,,,,,,,,,,,,,,,,,,,,,,,,,,,,,,,,,,,,,,,,,,,,,,,,,,,,,,,,,,,,,,,,,,,,,,,,,,,,,,,,,,,,,,,,,,,,,,,,,,,,,,,,,,,,,,
,,,,,,,,,,,,,,,,,,,,,,,,,,,,,,,,,,,,,,,,,,,,,,,,,,,,,,,,,,,,,,,,,,,,,,,,,,,,,,,,,,,,,,,,,,,,,,,,,,,,,,,,,,,,,,,,,,,,,,,,,,,,,,,,,,,,,,,,,,,,,,,,,,,,
,,,,,,,,,,,,,,,,,,,,,,,,,,,,,,,,,,,,,,,,,,,,,,,,,,,,,,,,,,,,,,,,,,,,,,,,,,,,,,,,,,,,,,,,,,,,,,,,,,,,,,,,,,,,,,,,,,,,,,,,,,,,,,,,,,,,,,,,,,,,,,,,,,,,
,,,,,,,,,,,,,,,,,,,,,,,,,,,,,,,,,,,,,,,,,,,,,,,,,,,,,,,,,,,,,,,,,,,,,,,,,,,,,,,,,,,,,,,,,,,,,,,,,,,,,,,,,,,,,,,,,,,,,,,,,,,,,,,,,,,,,,,,,,,,,,,,,,,,
,,,,,,,,,,,,,,,,,,,,,,,,,,,,,,,,,,,,,,,,,,,,,,,,,,,,,,,,,,,,,,,,,,,,,,,,,,,,,,,,,,,,,,,,,,,,,,,,,,,,,,,,,,,,,,,,,,,,,,,,,,,,,,,,,,,,,,,,,,,,,,,,,,,,
,,,,,,,,,,,,,,,,,,,,,,,,,,,,,,,,,,,,,,,,,,,,,,,,,,,,,,,,,,,,,,,,,,,,,,,,,,,,,,,,,,,,,,,,,,,,,,,,,,,,,,,,,,,,,,,,,,,,,,,,,,,,,,,,,,,,,,,,,,,,,,,,,,,,
,,,,,,,,,,,,,,,,,,,,,,,,,,,,,,,,,,,,,,,,,,,,,,,,,,,,,,,,,,,,,,,,,,,,,,,,,,,,,,,,,,,,,,,,,,,,,,,,,,,,,,,,,,,,,,,,,,,,,,,,,,,,,,,,,,,,,,,,,,,,,,,,,,,,
,,,,,,,,,,,,,,,,,,,,,,,,,,,,,,,,,,,,,,,,,,,,,,,,,,,,,,,,,,,,,,,,,,,,,,,,,,,,,,,,,,,,,,,,,,,,,,,,,,,,,,,,,,,,,,,,,,,,,,,,,,,,,,,,,,,,,,,,,,,,,,,,,,,,
,,,,,,,,,,,,,,,,,,,,,,,,,,,,,,,,,,,,,,,,,,,,,,,,,,,,,,,,,,,,,,,,,,,,,,,,,,,,,,,,,,,,,,,,,,,,,,,,,,,,,,,,,,,,,,,,,,,,,,,,,,,,,,,,,,,,,,,,,,,,,,,,,,,,
,,,,,,,,,,,,,,,,,,,,,,,,,,,,,,,,,,,,,,,,,,,,,,,,,,,,,,,,,,,,,,,,,,,,,,,,,,,,,,,,,,,,,,,,,,,,,,,,,,,,,,,,,,,,,,,,,,,,,,,,,,,,,,,,,,,,,,,,,,,,,,,,,,,,
,,,,,,,,,,,,,,,,,,,,,,,,,,,,,,,,,,,,,,,,,,,,,,,,,,,,,,,,,,,,,,,,,,,,,,,,,,,,,,,,,,,,,,,,,,,,,,,,,,,,,,,,,,,,,,,,,,,,,,,,,,,,,,,,,,,,,,,,,,,,,,,,,,,,
,,,,,,,,,,,,,,,,,,,,,,,,,,,,,,,,,,,,,,,,,,,,,,,,,,,,,,,,,,,,,,,,,,,,,,,,,,,,,,,,,,,,,,,,,,,,,,,,,,,,,,,,,,,,,,,,,,,,,,,,,,,,,,,,,,,,,,,,,,,,,,,,,,,,
,,,,,,,,,,,,,,,,,,,,,,,,,,,,,,,,,,,,,,,,,,,,,,,,,,,,,,,,,,,,,,,,,,,,,,,,,,,,,,,,,,,,,,,,,,,,,,,,,,,,,,,,,,,,,,,,,,,,,,,,,,,,,,,,,,,,,,,,,,,,,,,,,,,,
,,,,,,,,,,,,,,,,,,,,,,,,,,,,,,,,,,,,,,,,,,,,,,,,,,,,,,,,,,,,,,,,,,,,,,,,,,,,,,,,,,,,,,,,,,,,,,,,,,,,,,,,,,,,,,,,,,,,,,,,,,,,,,,,,,,,,,,,,,,,,,,,,,,,
,,,,,,,,,,,,,,,,,,,,,,,,,,,,,,,,,,,,,,,,,,,,,,,,,,,,,,,,,,,,,,,,,,,,,,,,,,,,,,,,,,,,,,,,,,,,,,,,,,,,,,,,,,,,,,,,,,,,,,,,,,,,,,,,,,,,,,,,,,,,,,,,,,,,
,,,,,,,,,,,,,,,,,,,,,,,,,,,,,,,,,,,,,,,,,,,,,,,,,,,,,,,,,,,,,,,,,,,,,,,,,,,,,,,,,,,,,,,,,,,,,,,,,,,,,,,,,,,,,,,,,,,,,,,,,,,,,,,,,,,,,,,,,,,,,,,,,,,,
,,,,,,,,,,,,,,,,,,,,,,,,,,,,,,,,,,,,,,,,,,,,,,,,,,,,,,,,,,,,,,,,,,,,,,,,,,,,,,,,,,,,,,,,,,,,,,,,,,,,,,,,,,,,,,,,,,,,,,,,,,,,,,,,,,,,,,,,,,,,,,,,,,,,
,,,,,,,,,,,,,,,,,,,,,,,,,,,,,,,,,,,,,,,,,,,,,,,,,,,,,,,,,,,,,,,,,,,,,,,,,,,,,,,,,,,,,,,,,,,,,,,,,,,,,,,,,,,,,,,,,,,,,,,,,,,,,,,,,,,,,,,,,,,,,,,,,,,,
,,,,,,,,,,,,,,,,,,,,,,,,,,,,,,,,,,,,,,,,,,,,,,,,,,,,,,,,,,,,,,,,,,,,,,,,,,,,,,,,,,,,,,,,,,,,,,,,,,,,,,,,,,,,,,,,,,,,,,,,,,,,,,,,,,,,,,,,,,,,,,,,,,,,
,,,,,,,,,,,,,,,,,,,,,,,,,,,,,,,,,,,,,,,,,,,,,,,,,,,,,,,,,,,,,,,,,,,,,,,,,,,,,,,,,,,,,,,,,,,,,,,,,,,,,,,,,,,,,,,,,,,,,,,,,,,,,,,,,,,,,,,,,,,,,,,,,,,,
,,,,,,,,,,,,,,,,,,,,,,,,,,,,,,,,,,,,,,,,,,,,,,,,,,,,,,,,,,,,,,,,,,,,,,,,,,,,,,,,,,,,,,,,,,,,,,,,,,,,,,,,,,,,,,,,,,,,,,,,,,,,,,,,,,,,,,,,,,,,,,,,,,,,
,,,,,,,,,,,,,,,,,,,,,,,,,,,,,,,,,,,,,,,,,,,,,,,,,,,,,,,,,,,,,,,,,,,,,,,,,,,,,,,,,,,,,,,,,,,,,,,,,,,,,,,,,,,,,,,,,,,,,,,,,,,,,,,,,,,,,,,,,,,,,,,,,,,,
,,,,,,,,,,,,,,,,,,,,,,,,,,,,,,,,,,,,,,,,,,,,,,,,,,,,,,,,,,,,,,,,,,,,,,,,,,,,,,,,,,,,,,,,,,,,,,,,,,,,,,,,,,,,,,,,,,,,,,,,,,,,,,,,,,,,,,,,,,,,,,,,,,,,
,,,,,,,,,,,,,,,,,,,,,,,,,,,,,,,,,,,,,,,,,,,,,,,,,,,,,,,,,,,,,,,,,,,,,,,,,,,,,,,,,,,,,,,,,,,,,,,,,,,,,,,,,,,,,,,,,,,,,,,,,,,,,,,,,,,,,,,,,,,,,,,,,,,,
,,,,,,,,,,,,,,,,,,,,,,,,,,,,,,,,,,,,,,,,,,,,,,,,,,,,,,,,,,,,,,,,,,,,,,,,,,,,,,,,,,,,,,,,,,,,,,,,,,,,,,,,,,,,,,,,,,,,,,,,,,,,,,,,,,,,,,,,,,,,,,,,,,,,
,,,,,,,,,,,,,,,,,,,,,,,,,,,,,,,,,,,,,,,,,,,,,,,,,,,,,,,,,,,,,,,,,,,,,,,,,,,,,,,,,,,,,,,,,,,,,,,,,,,,,,,,,,,,,,,,,,,,,,,,,,,,,,,,,,,,,,,,,,,,,,,,,,,,
,,,,,,,,,,,,,,,,,,,,,,,,,,,,,,,,,,,,,,,,,,,,,,,,,,,,,,,,,,,,,,,,,,,,,,,,,,,,,,,,,,,,,,,,,,,,,,,,,,,,,,,,,,,,,,,,,,,,,,,,,,,,,,,,,,,,,,,,,,,,,,,,,,,,
,,,,,,,,,,,,,,,,,,,,,,,,,,,,,,,,,,,,,,,,,,,,,,,,,,,,,,,,,,,,,,,,,,,,,,,,,,,,,,,,,,,,,,,,,,,,,,,,,,,,,,,,,,,,,,,,,,,,,,,,,,,,,,,,,,,,,,,,,,,,,,,,,,,,
,,,,,,,,,,,,,,,,,,,,,,,,,,,,,,,,,,,,,,,,,,,,,,,,,,,,,,,,,,,,,,,,,,,,,,,,,,,,,,,,,,,,,,,,,,,,,,,,,,,,,,,,,,,,,,,,,,,,,,,,,,,,,,,,,,,,,,,,,,,,,,,,,,,,
,,,,,,,,,,,,,,,,,,,,,,,,,,,,,,,,,,,,,,,,,,,,,,,,,,,,,,,,,,,,,,,,,,,,,,,,,,,,,,,,,,,,,,,,,,,,,,,,,,,,,,,,,,,,,,,,,,,,,,,,,,,,,,,,,,,,,,,,,,,,,,,,,,,,
,,,,,,,,,,,,,,,,,,,,,,,,,,,,,,,,,,,,,,,,,,,,,,,,,,,,,,,,,,,,,,,,,,,,,,,,,,,,,,,,,,,,,,,,,,,,,,,,,,,,,,,,,,,,,,,,,,,,,,,,,,,,,,,,,,,,,,,,,,,,,,,,,,,,
,,,,,,,,,,,,,,,,,,,,,,,,,,,,,,,,,,,,,,,,,,,,,,,,,,,,,,,,,,,,,,,,,,,,,,,,,,,,,,,,,,,,,,,,,,,,,,,,,,,,,,,,,,,,,,,,,,,,,,,,,,,,,,,,,,,,,,,,,,,,,,,,,,,,
,,,,,,,,,,,,,,,,,,,,,,,,,,,,,,,,,,,,,,,,,,,,,,,,,,,,,,,,,,,,,,,,,,,,,,,,,,,,,,,,,,,,,,,,,,,,,,,,,,,,,,,,,,,,,,,,,,,,,,,,,,,,,,,,,,,,,,,,,,,,,,,,,,,,
,,,,,,,,,,,,,,,,,,,,,,,,,,,,,,,,,,,,,,,,,,,,,,,,,,,,,,,,,,,,,,,,,,,,,,,,,,,,,,,,,,,,,,,,,,,,,,,,,,,,,,,,,,,,,,,,,,,,,,,,,,,,,,,,,,,,,,,,,,,,,,,,,,,,
,,,,,,,,,,,,,,,,,,,,,,,,,,,,,,,,,,,,,,,,,,,,,,,,,,,,,,,,,,,,,,,,,,,,,,,,,,,,,,,,,,,,,,,,,,,,,,,,,,,,,,,,,,,,,,,,,,,,,,,,,,,,,,,,,,,,,,,,,,,,,,,,,,,,
,,,,,,,,,,,,,,,,,,,,,,,,,,,,,,,,,,,,,,,,,,,,,,,,,,,,,,,,,,,,,,,,,,,,,,,,,,,,,,,,,,,,,,,,,,,,,,,,,,,,,,,,,,,,,,,,,,,,,,,,,,,,,,,,,,,,,,,,,,,,,,,,,,,,
,,,,,,,,,,,,,,,,,,,,,,,,,,,,,,,,,,,,,,,,,,,,,,,,,,,,,,,,,,,,,,,,,,,,,,,,,,,,,,,,,,,,,,,,,,,,,,,,,,,,,,,,,,,,,,,,,,,,,,,,,,,,,,,,,,,,,,,,,,,,,,,,,,,,
,,,,,,,,,,,,,,,,,,,,,,,,,,,,,,,,,,,,,,,,,,,,,,,,,,,,,,,,,,,,,,,,,,,,,,,,,,,,,,,,,,,,,,,,,,,,,,,,,,,,,,,,,,,,,,,,,,,,,,,,,,,,,,,,,,,,,,,,,,,,,,,,,,,,
,,,,,,,,,,,,,,,,,,,,,,,,,,,,,,,,,,,,,,,,,,,,,,,,,,,,,,,,,,,,,,,,,,,,,,,,,,,,,,,,,,,,,,,,,,,,,,,,,,,,,,,,,,,,,,,,,,,,,,,,,,,,,,,,,,,,,,,,,,,,,,,,,,,,
,,,,,,,,,,,,,,,,,,,,,,,,,,,,,,,,,,,,,,,,,,,,,,,,,,,,,,,,,,,,,,,,,,,,,,,,,,,,,,,,,,,,,,,,,,,,,,,,,,,,,,,,,,,,,,,,,,,,,,,,,,,,,,,,,,,,,,,,,,,,,,,,,,,,
,,,,,,,,,,,,,,,,,,,,,,,,,,,,,,,,,,,,,,,,,,,,,,,,,,,,,,,,,,,,,,,,,,,,,,,,,,,,,,,,,,,,,,,,,,,,,,,,,,,,,,,,,,,,,,,,,,,,,,,,,,,,,,,,,,,,,,,,,,,,,,,,,,,,
,,,,,,,,,,,,,,,,,,,,,,,,,,,,,,,,,,,,,,,,,,,,,,,,,,,,,,,,,,,,,,,,,,,,,,,,,,,,,,,,,,,,,,,,,,,,,,,,,,,,,,,,,,,,,,,,,,,,,,,,,,,,,,,,,,,,,,,,,,,,,,,,,,,,
,,,,,,,,,,,,,,,,,,,,,,,,,,,,,,,,,,,,,,,,,,,,,,,,,,,,,,,,,,,,,,,,,,,,,,,,,,,,,,,,,,,,,,,,,,,,,,,,,,,,,,,,,,,,,,,,,,,,,,,,,,,,,,,,,,,,,,,,,,,,,,,,,,,,
,,,,,,,,,,,,,,,,,,,,,,,,,,,,,,,,,,,,,,,,,,,,,,,,,,,,,,,,,,,,,,,,,,,,,,,,,,,,,,,,,,,,,,,,,,,,,,,,,,,,,,,,,,,,,,,,,,,,,,,,,,,,,,,,,,,,,,,,,,,,,,,,,,,,
,,,,,,,,,,,,,,,,,,,,,,,,,,,,,,,,,,,,,,,,,,,,,,,,,,,,,,,,,,,,,,,,,,,,,,,,,,,,,,,,,,,,,,,,,,,,,,,,,,,,,,,,,,,,,,,,,,,,,,,,,,,,,,,,,,,,,,,,,,,,,,,,,,,,
,,,,,,,,,,,,,,,,,,,,,,,,,,,,,,,,,,,,,,,,,,,,,,,,,,,,,,,,,,,,,,,,,,,,,,,,,,,,,,,,,,,,,,,,,,,,,,,,,,,,,,,,,,,,,,,,,,,,,,,,,,,,,,,,,,,,,,,,,,,,,,,,,,,,
,,,,,,,,,,,,,,,,,,,,,,,,,,,,,,,,,,,,,,,,,,,,,,,,,,,,,,,,,,,,,,,,,,,,,,,,,,,,,,,,,,,,,,,,,,,,,,,,,,,,,,,,,,,,,,,,,,,,,,,,,,,,,,,,,,,,,,,,,,,,,,,,,,,,
,,,,,,,,,,,,,,,,,,,,,,,,,,,,,,,,,,,,,,,,,,,,,,,,,,,,,,,,,,,,,,,,,,,,,,,,,,,,,,,,,,,,,,,,,,,,,,,,,,,,,,,,,,,,,,,,,,,,,,,,,,,,,,,,,,,,,,,,,,,,,,,,,,,,
,,,,,,,,,,,,,,,,,,,,,,,,,,,,,,,,,,,,,,,,,,,,,,,,,,,,,,,,,,,,,,,,,,,,,,,,,,,,,,,,,,,,,,,,,,,,,,,,,,,,,,,,,,,,,,,,,,,,,,,,,,,,,,,,,,,,,,,,,,,,,,,,,,,,
,,,,,,,,,,,,,,,,,,,,,,,,,,,,,,,,,,,,,,,,,,,,,,,,,,,,,,,,,,,,,,,,,,,,,,,,,,,,,,,,,,,,,,,,,,,,,,,,,,,,,,,,,,,,,,,,,,,,,,,,,,,,,,,,,,,,,,,,,,,,,,,,,,,,
,,,,,,,,,,,,,,,,,,,,,,,,,,,,,,,,,,,,,,,,,,,,,,,,,,,,,,,,,,,,,,,,,,,,,,,,,,,,,,,,,,,,,,,,,,,,,,,,,,,,,,,,,,,,,,,,,,,,,,,,,,,,,,,,,,,,,,,,,,,,,,,,,,,,
,,,,,,,,,,,,,,,,,,,,,,,,,,,,,,,,,,,,,,,,,,,,,,,,,,,,,,,,,,,,,,,,,,,,,,,,,,,,,,,,,,,,,,,,,,,,,,,,,,,,,,,,,,,,,,,,,,,,,,,,,,,,,,,,,,,,,,,,,,,,,,,,,,,,
,,,,,,,,,,,,,,,,,,,,,,,,,,,,,,,,,,,,,,,,,,,,,,,,,,,,,,,,,,,,,,,,,,,,,,,,,,,,,,,,,,,,,,,,,,,,,,,,,,,,,,,,,,,,,,,,,,,,,,,,,,,,,,,,,,,,,,,,,,,,,,,,,,,,
,,,,,,,,,,,,,,,,,,,,,,,,,,,,,,,,,,,,,,,,,,,,,,,,,,,,,,,,,,,,,,,,,,,,,,,,,,,,,,,,,,,,,,,,,,,,,,,,,,,,,,,,,,,,,,,,,,,,,,,,,,,,,,,,,,,,,,,,,,,,,,,,,,,,
,,,,,,,,,,,,,,,,,,,,,,,,,,,,,,,,,,,,,,,,,,,,,,,,,,,,,,,,,,,,,,,,,,,,,,,,,,,,,,,,,,,,,,,,,,,,,,,,,,,,,,,,,,,,,,,,,,,,,,,,,,,,,,,,,,,,,,,,,,,,,,,,,,,,
,,,,,,,,,,,,,,,,,,,,,,,,,,,,,,,,,,,,,,,,,,,,,,,,,,,,,,,,,,,,,,,,,,,,,,,,,,,,,,,,,,,,,,,,,,,,,,,,,,,,,,,,,,,,,,,,,,,,,,,,,,,,,,,,,,,,,,,,,,,,,,,,,,,,
,,,,,,,,,,,,,,,,,,,,,,,,,,,,,,,,,,,,,,,,,,,,,,,,,,,,,,,,,,,,,,,,,,,,,,,,,,,,,,,,,,,,,,,,,,,,,,,,,,,,,,,,,,,,,,,,,,,,,,,,,,,,,,,,,,,,,,,,,,,,,,,,,,,,
,,,,,,,,,,,,,,,,,,,,,,,,,,,,,,,,,,,,,,,,,,,,,,,,,,,,,,,,,,,,,,,,,,,,,,,,,,,,,,,,,,,,,,,,,,,,,,,,,,,,,,,,,,,,,,,,,,,,,,,,,,,,,,,,,,,,,,,,,,,,,,,,,,,,
,,,,,,,,,,,,,,,,,,,,,,,,,,,,,,,,,,,,,,,,,,,,,,,,,,,,,,,,,,,,,,,,,,,,,,,,,,,,,,,,,,,,,,,,,,,,,,,,,,,,,,,,,,,,,,,,,,,,,,,,,,,,,,,,,,,,,,,,,,,,,,,,,,,,
,,,,,,,,,,,,,,,,,,,,,,,,,,,,,,,,,,,,,,,,,,,,,,,,,,,,,,,,,,,,,,,,,,,,,,,,,,,,,,,,,,,,,,,,,,,,,,,,,,,,,,,,,,,,,,,,,,,,,,,,,,,,,,,,,,,,,,,,,,,,,,,,,,,,
,,,,,,,,,,,,,,,,,,,,,,,,,,,,,,,,,,,,,,,,,,,,,,,,,,,,,,,,,,,,,,,,,,,,,,,,,,,,,,,,,,,,,,,,,,,,,,,,,,,,,,,,,,,,,,,,,,,,,,,,,,,,,,,,,,,,,,,,,,,,,,,,,,,,
,,,,,,,,,,,,,,,,,,,,,,,,,,,,,,,,,,,,,,,,,,,,,,,,,,,,,,,,,,,,,,,,,,,,,,,,,,,,,,,,,,,,,,,,,,,,,,,,,,,,,,,,,,,,,,,,,,,,,,,,,,,,,,,,,,,,,,,,,,,,,,,,,,,,
,,,,,,,,,,,,,,,,,,,,,,,,,,,,,,,,,,,,,,,,,,,,,,,,,,,,,,,,,,,,,,,,,,,,,,,,,,,,,,,,,,,,,,,,,,,,,,,,,,,,,,,,,,,,,,,,,,,,,,,,,,,,,,,,,,,,,,,,,,,,,,,,,,,,
,,,,,,,,,,,,,,,,,,,,,,,,,,,,,,,,,,,,,,,,,,,,,,,,,,,,,,,,,,,,,,,,,,,,,,,,,,,,,,,,,,,,,,,,,,,,,,,,,,,,,,,,,,,,,,,,,,,,,,,,,,,,,,,,,,,,,,,,,,,,,,,,,,,,
,,,,,,,,,,,,,,,,,,,,,,,,,,,,,,,,,,,,,,,,,,,,,,,,,,,,,,,,,,,,,,,,,,,,,,,,,,,,,,,,,,,,,,,,,,,,,,,,,,,,,,,,,,,,,,,,,,,,,,,,,,,,,,,,,,,,,,,,,,,,,,,,,,,,
,,,,,,,,,,,,,,,,,,,,,,,,,,,,,,,,,,,,,,,,,,,,,,,,,,,,,,,,,,,,,,,,,,,,,,,,,,,,,,,,,,,,,,,,,,,,,,,,,,,,,,,,,,,,,,,,,,,,,,,,,,,,,,,,,,,,,,,,,,,,,,,,,,,,
,,,,,,,,,,,,,,,,,,,,,,,,,,,,,,,,,,,,,,,,,,,,,,,,,,,,,,,,,,,,,,,,,,,,,,,,,,,,,,,,,,,,,,,,,,,,,,,,,,,,,,,,,,,,,,,,,,,,,,,,,,,,,,,,,,,,,,,,,,,,,,,,,,,,
,,,,,,,,,,,,,,,,,,,,,,,,,,,,,,,,,,,,,,,,,,,,,,,,,,,,,,,,,,,,,,,,,,,,,,,,,,,,,,,,,,,,,,,,,,,,,,,,,,,,,,,,,,,,,,,,,,,,,,,,,,,,,,,,,,,,,,,,,,,,,,,,,,,,
,,,,,,,,,,,,,,,,,,,,,,,,,,,,,,,,,,,,,,,,,,,,,,,,,,,,,,,,,,,,,,,,,,,,,,,,,,,,,,,,,,,,,,,,,,,,,,,,,,,,,,,,,,,,,,,,,,,,,,,,,,,,,,,,,,,,,,,,,,,,,,,,,,,,
,,,,,,,,,,,,,,,,,,,,,,,,,,,,,,,,,,,,,,,,,,,,,,,,,,,,,,,,,,,,,,,,,,,,,,,,,,,,,,,,,,,,,,,,,,,,,,,,,,,,,,,,,,,,,,,,,,,,,,,,,,,,,,,,,,,,,,,,,,,,,,,,,,,,
,,,,,,,,,,,,,,,,,,,,,,,,,,,,,,,,,,,,,,,,,,,,,,,,,,,,,,,,,,,,,,,,,,,,,,,,,,,,,,,,,,,,,,,,,,,,,,,,,,,,,,,,,,,,,,,,,,,,,,,,,,,,,,,,,,,,,,,,,,,,,,,,,,,,
,,,,,,,,,,,,,,,,,,,,,,,,,,,,,,,,,,,,,,,,,,,,,,,,,,,,,,,,,,,,,,,,,,,,,,,,,,,,,,,,,,,,,,,,,,,,,,,,,,,,,,,,,,,,,,,,,,,,,,,,,,,,,,,,,,,,,,,,,,,,,,,,,,,,
,,,,,,,,,,,,,,,,,,,,,,,,,,,,,,,,,,,,,,,,,,,,,,,,,,,,,,,,,,,,,,,,,,,,,,,,,,,,,,,,,,,,,,,,,,,,,,,,,,,,,,,,,,,,,,,,,,,,,,,,,,,,,,,,,,,,,,,,,,,,,,,,,,,,
,,,,,,,,,,,,,,,,,,,,,,,,,,,,,,,,,,,,,,,,,,,,,,,,,,,,,,,,,,,,,,,,,,,,,,,,,,,,,,,,,,,,,,,,,,,,,,,,,,,,,,,,,,,,,,,,,,,,,,,,,,,,,,,,,,,,,,,,,,,,,,,,,,,,
,,,,,,,,,,,,,,,,,,,,,,,,,,,,,,,,,,,,,,,,,,,,,,,,,,,,,,,,,,,,,,,,,,,,,,,,,,,,,,,,,,,,,,,,,,,,,,,,,,,,,,,,,,,,,,,,,,,,,,,,,,,,,,,,,,,,,,,,,,,,,,,,,,,,
,,,,,,,,,,,,,,,,,,,,,,,,,,,,,,,,,,,,,,,,,,,,,,,,,,,,,,,,,,,,,,,,,,,,,,,,,,,,,,,,,,,,,,,,,,,,,,,,,,,,,,,,,,,,,,,,,,,,,,,,,,,,,,,,,,,,,,,,,,,,,,,,,,,,
,,,,,,,,,,,,,,,,,,,,,,,,,,,,,,,,,,,,,,,,,,,,,,,,,,,,,,,,,,,,,,,,,,,,,,,,,,,,,,,,,,,,,,,,,,,,,,,,,,,,,,,,,,,,,,,,,,,,,,,,,,,,,,,,,,,,,,,,,,,,,,,,,,,,
,,,,,,,,,,,,,,,,,,,,,,,,,,,,,,,,,,,,,,,,,,,,,,,,,,,,,,,,,,,,,,,,,,,,,,,,,,,,,,,,,,,,,,,,,,,,,,,,,,,,,,,,,,,,,,,,,,,,,,,,,,,,,,,,,,,,,,,,,,,,,,,,,,,,
,,,,,,,,,,,,,,,,,,,,,,,,,,,,,,,,,,,,,,,,,,,,,,,,,,,,,,,,,,,,,,,,,,,,,,,,,,,,,,,,,,,,,,,,,,,,,,,,,,,,,,,,,,,,,,,,,,,,,,,,,,,,,,,,,,,,,,,,,,,,,,,,,,,,
,,,,,,,,,,,,,,,,,,,,,,,,,,,,,,,,,,,,,,,,,,,,,,,,,,,,,,,,,,,,,,,,,,,,,,,,,,,,,,,,,,,,,,,,,,,,,,,,,,,,,,,,,,,,,,,,,,,,,,,,,,,,,,,,,,,,,,,,,,,,,,,,,,,,
,,,,,,,,,,,,,,,,,,,,,,,,,,,,,,,,,,,,,,,,,,,,,,,,,,,,,,,,,,,,,,,,,,,,,,,,,,,,,,,,,,,,,,,,,,,,,,,,,,,,,,,,,,,,,,,,,,,,,,,,,,,,,,,,,,,,,,,,,,,,,,,,,,,,
,,,,,,,,,,,,,,,,,,,,,,,,,,,,,,,,,,,,,,,,,,,,,,,,,,,,,,,,,,,,,,,,,,,,,,,,,,,,,,,,,,,,,,,,,,,,,,,,,,,,,,,,,,,,,,,,,,,,,,,,,,,,,,,,,,,,,,,,,,,,,,,,,,,,
,,,,,,,,,,,,,,,,,,,,,,,,,,,,,,,,,,,,,,,,,,,,,,,,,,,,,,,,,,,,,,,,,,,,,,,,,,,,,,,,,,,,,,,,,,,,,,,,,,,,,,,,,,,,,,,,,,,,,,,,,,,,,,,,,,,,,,,,,,,,,,,,,,,,
,,,,,,,,,,,,,,,,,,,,,,,,,,,,,,,,,,,,,,,,,,,,,,,,,,,,,,,,,,,,,,,,,,,,,,,,,,,,,,,,,,,,,,,,,,,,,,,,,,,,,,,,,,,,,,,,,,,,,,,,,,,,,,,,,,,,,,,,,,,,,,,,,,,,
,,,,,,,,,,,,,,,,,,,,,,,,,,,,,,,,,,,,,,,,,,,,,,,,,,,,,,,,,,,,,,,,,,,,,,,,,,,,,,,,,,,,,,,,,,,,,,,,,,,,,,,,,,,,,,,,,,,,,,,,,,,,,,,,,,,,,,,,,,,,,,,,,,,,
,,,,,,,,,,,,,,,,,,,,,,,,,,,,,,,,,,,,,,,,,,,,,,,,,,,,,,,,,,,,,,,,,,,,,,,,,,,,,,,,,,,,,,,,,,,,,,,,,,,,,,,,,,,,,,,,,,,,,,,,,,,,,,,,,,,,,,,,,,,,,,,,,,,,
,,,,,,,,,,,,,,,,,,,,,,,,,,,,,,,,,,,,,,,,,,,,,,,,,,,,,,,,,,,,,,,,,,,,,,,,,,,,,,,,,,,,,,,,,,,,,,,,,,,,,,,,,,,,,,,,,,,,,,,,,,,,,,,,,,,,,,,,,,,,,,,,,,,,
,,,,,,,,,,,,,,,,,,,,,,,,,,,,,,,,,,,,,,,,,,,,,,,,,,,,,,,,,,,,,,,,,,,,,,,,,,,,,,,,,,,,,,,,,,,,,,,,,,,,,,,,,,,,,,,,,,,,,,,,,,,,,,,,,,,,,,,,,,,,,,,,,,,,
,,,,,,,,,,,,,,,,,,,,,,,,,,,,,,,,,,,,,,,,,,,,,,,,,,,,,,,,,,,,,,,,,,,,,,,,,,,,,,,,,,,,,,,,,,,,,,,,,,,,,,,,,,,,,,,,,,,,,,,,,,,,,,,,,,,,,,,,,,,,,,,,,,,,
,,,,,,,,,,,,,,,,,,,,,,,,,,,,,,,,,,,,,,,,,,,,,,,,,,,,,,,,,,,,,,,,,,,,,,,,,,,,,,,,,,,,,,,,,,,,,,,,,,,,,,,,,,,,,,,,,,,,,,,,,,,,,,,,,,,,,,,,,,,,,,,,,,,,
,,,,,,,,,,,,,,,,,,,,,,,,,,,,,,,,,,,,,,,,,,,,,,,,,,,,,,,,,,,,,,,,,,,,,,,,,,,,,,,,,,,,,,,,,,,,,,,,,,,,,,,,,,,,,,,,,,,,,,,,,,,,,,,,,,,,,,,,,,,,,,,,,,,,
,,,,,,,,,,,,,,,,,,,,,,,,,,,,,,,,,,,,,,,,,,,,,,,,,,,,,,,,,,,,,,,,,,,,,,,,,,,,,,,,,,,,,,,,,,,,,,,,,,,,,,,,,,,,,,,,,,,,,,,,,,,,,,,,,,,,,,,,,,,,,,,,,,,,
,,,,,,,,,,,,,,,,,,,,,,,,,,,,,,,,,,,,,,,,,,,,,,,,,,,,,,,,,,,,,,,,,,,,,,,,,,,,,,,,,,,,,,,,,,,,,,,,,,,,,,,,,,,,,,,,,,,,,,,,,,,,,,,,,,,,,,,,,,,,,,,,,,,,
,,,,,,,,,,,,,,,,,,,,,,,,,,,,,,,,,,,,,,,,,,,,,,,,,,,,,,,,,,,,,,,,,,,,,,,,,,,,,,,,,,,,,,,,,,,,,,,,,,,,,,,,,,,,,,,,,,,,,,,,,,,,,,,,,,,,,,,,,,,,,,,,,,,,
,,,,,,,,,,,,,,,,,,,,,,,,,,,,,,,,,,,,,,,,,,,,,,,,,,,,,,,,,,,,,,,,,,,,,,,,,,,,,,,,,,,,,,,,,,,,,,,,,,,,,,,,,,,,,,,,,,,,,,,,,,,,,,,,,,,,,,,,,,,,,,,,,,,,
,,,,,,,,,,,,,,,,,,,,,,,,,,,,,,,,,,,,,,,,,,,,,,,,,,,,,,,,,,,,,,,,,,,,,,,,,,,,,,,,,,,,,,,,,,,,,,,,,,,,,,,,,,,,,,,,,,,,,,,,,,,,,,,,,,,,,,,,,,,,,,,,,,,,
,,,,,,,,,,,,,,,,,,,,,,,,,,,,,,,,,,,,,,,,,,,,,,,,,,,,,,,,,,,,,,,,,,,,,,,,,,,,,,,,,,,,,,,,,,,,,,,,,,,,,,,,,,,,,,,,,,,,,,,,,,,,,,,,,,,,,,,,,,,,,,,,,,,,
,,,,,,,,,,,,,,,,,,,,,,,,,,,,,,,,,,,,,,,,,,,,,,,,,,,,,,,,,,,,,,,,,,,,,,,,,,,,,,,,,,,,,,,,,,,,,,,,,,,,,,,,,,,,,,,,,,,,,,,,,,,,,,,,,,,,,,,,,,,,,,,,,,,,
,,,,,,,,,,,,,,,,,,,,,,,,,,,,,,,,,,,,,,,,,,,,,,,,,,,,,,,,,,,,,,,,,,,,,,,,,,,,,,,,,,,,,,,,,,,,,,,,,,,,,,,,,,,,,,,,,,,,,,,,,,,,,,,,,,,,,,,,,,,,,,,,,,,,
,,,,,,,,,,,,,,,,,,,,,,,,,,,,,,,,,,,,,,,,,,,,,,,,,,,,,,,,,,,,,,,,,,,,,,,,,,,,,,,,,,,,,,,,,,,,,,,,,,,,,,,,,,,,,,,,,,,,,,,,,,,,,,,,,,,,,,,,,,,,,,,,,,,,
,,,,,,,,,,,,,,,,,,,,,,,,,,,,,,,,,,,,,,,,,,,,,,,,,,,,,,,,,,,,,,,,,,,,,,,,,,,,,,,,,,,,,,,,,,,,,,,,,,,,,,,,,,,,,,,,,,,,,,,,,,,,,,,,,,,,,,,,,,,,,,,,,,,,
,,,,,,,,,,,,,,,,,,,,,,,,,,,,,,,,,,,,,,,,,,,,,,,,,,,,,,,,,,,,,,,,,,,,,,,,,,,,,,,,,,,,,,,,,,,,,,,,,,,,,,,,,,,,,,,,,,,,,,,,,,,,,,,,,,,,,,,,,,,,,,,,,,,,
,,,,,,,,,,,,,,,,,,,,,,,,,,,,,,,,,,,,,,,,,,,,,,,,,,,,,,,,,,,,,,,,,,,,,,,,,,,,,,,,,,,,,,,,,,,,,,,,,,,,,,,,,,,,,,,,,,,,,,,,,,,,,,,,,,,,,,,,,,,,,,,,,,,,
,,,,,,,,,,,,,,,,,,,,,,,,,,,,,,,,,,,,,,,,,,,,,,,,,,,,,,,,,,,,,,,,,,,,,,,,,,,,,,,,,,,,,,,,,,,,,,,,,,,,,,,,,,,,,,,,,,,,,,,,,,,,,,,,,,,,,,,,,,,,,,,,,,,,
,,,,,,,,,,,,,,,,,,,,,,,,,,,,,,,,,,,,,,,,,,,,,,,,,,,,,,,,,,,,,,,,,,,,,,,,,,,,,,,,,,,,,,,,,,,,,,,,,,,,,,,,,,,,,,,,,,,,,,,,,,,,,,,,,,,,,,,,,,,,,,,,,,,,
,,,,,,,,,,,,,,,,,,,,,,,,,,,,,,,,,,,,,,,,,,,,,,,,,,,,,,,,,,,,,,,,,,,,,,,,,,,,,,,,,,,,,,,,,,,,,,,,,,,,,,,,,,,,,,,,,,,,,,,,,,,,,,,,,,,,,,,,,,,,,,,,,,,,
,,,,,,,,,,,,,,,,,,,,,,,,,,,,,,,,,,,,,,,,,,,,,,,,,,,,,,,,,,,,,,,,,,,,,,,,,,,,,,,,,,,,,,,,,,,,,,,,,,,,,,,,,,,,,,,,,,,,,,,,,,,,,,,,,,,,,,,,,,,,,,,,,,,,
,,,,,,,,,,,,,,,,,,,,,,,,,,,,,,,,,,,,,,,,,,,,,,,,,,,,,,,,,,,,,,,,,,,,,,,,,,,,,,,,,,,,,,,,,,,,,,,,,,,,,,,,,,,,,,,,,,,,,,,,,,,,,,,,,,,,,,,,,,,,,,,,,,,,
,,,,,,,,,,,,,,,,,,,,,,,,,,,,,,,,,,,,,,,,,,,,,,,,,,,,,,,,,,,,,,,,,,,,,,,,,,,,,,,,,,,,,,,,,,,,,,,,,,,,,,,,,,,,,,,,,,,,,,,,,,,,,,,,,,,,,,,,,,,,,,,,,,,,
,,,,,,,,,,,,,,,,,,,,,,,,,,,,,,,,,,,,,,,,,,,,,,,,,,,,,,,,,,,,,,,,,,,,,,,,,,,,,,,,,,,,,,,,,,,,,,,,,,,,,,,,,,,,,,,,,,,,,,,,,,,,,,,,,,,,,,,,,,,,,,,,,,,,
,,,,,,,,,,,,,,,,,,,,,,,,,,,,,,,,,,,,,,,,,,,,,,,,,,,,,,,,,,,,,,,,,,,,,,,,,,,,,,,,,,,,,,,,,,,,,,,,,,,,,,,,,,,,,,,,,,,,,,,,,,,,,,,,,,,,,,,,,,,,,,,,,,,,
,,,,,,,,,,,,,,,,,,,,,,,,,,,,,,,,,,,,,,,,,,,,,,,,,,,,,,,,,,,,,,,,,,,,,,,,,,,,,,,,,,,,,,,,,,,,,,,,,,,,,,,,,,,,,,,,,,,,,,,,,,,,,,,,,,,,,,,,,,,,,,,,,,,,
,,,,,,,,,,,,,,,,,,,,,,,,,,,,,,,,,,,,,,,,,,,,,,,,,,,,,,,,,,,,,,,,,,,,,,,,,,,,,,,,,,,,,,,,,,,,,,,,,,,,,,,,,,,,,,,,,,,,,,,,,,,,,,,,,,,,,,,,,,,,,,,,,,,,
,,,,,,,,,,,,,,,,,,,,,,,,,,,,,,,,,,,,,,,,,,,,,,,,,,,,,,,,,,,,,,,,,,,,,,,,,,,,,,,,,,,,,,,,,,,,,,,,,,,,,,,,,,,,,,,,,,,,,,,,,,,,,,,,,,,,,,,,,,,,,,,,,,,,
,,,,,,,,,,,,,,,,,,,,,,,,,,,,,,,,,,,,,,,,,,,,,,,,,,,,,,,,,,,,,,,,,,,,,,,,,,,,,,,,,,,,,,,,,,,,,,,,,,,,,,,,,,,,,,,,,,,,,,,,,,,,,,,,,,,,,,,,,,,,,,,,,,,,
,,,,,,,,,,,,,,,,,,,,,,,,,,,,,,,,,,,,,,,,,,,,,,,,,,,,,,,,,,,,,,,,,,,,,,,,,,,,,,,,,,,,,,,,,,,,,,,,,,,,,,,,,,,,,,,,,,,,,,,,,,,,,,,,,,,,,,,,,,,,,,,,,,,,
,,,,,,,,,,,,,,,,,,,,,,,,,,,,,,,,,,,,,,,,,,,,,,,,,,,,,,,,,,,,,,,,,,,,,,,,,,,,,,,,,,,,,,,,,,,,,,,,,,,,,,,,,,,,,,,,,,,,,,,,,,,,,,,,,,,,,,,,,,,,,,,,,,,,
,,,,,,,,,,,,,,,,,,,,,,,,,,,,,,,,,,,,,,,,,,,,,,,,,,,,,,,,,,,,,,,,,,,,,,,,,,,,,,,,,,,,,,,,,,,,,,,,,,,,,,,,,,,,,,,,,,,,,,,,,,,,,,,,,,,,,,,,,,,,,,,,,,,,
,,,,,,,,,,,,,,,,,,,,,,,,,,,,,,,,,,,,,,,,,,,,,,,,,,,,,,,,,,,,,,,,,,,,,,,,,,,,,,,,,,,,,,,,,,,,,,,,,,,,,,,,,,,,,,,,,,,,,,,,,,,,,,,,,,,,,,,,,,,,,,,,,,,,
,,,,,,,,,,,,,,,,,,,,,,,,,,,,,,,,,,,,,,,,,,,,,,,,,,,,,,,,,,,,,,,,,,,,,,,,,,,,,,,,,,,,,,,,,,,,,,,,,,,,,,,,,,,,,,,,,,,,,,,,,,,,,,,,,,,,,,,,,,,,,,,,,,,,
,,,,,,,,,,,,,,,,,,,,,,,,,,,,,,,,,,,,,,,,,,,,,,,,,,,,,,,,,,,,,,,,,,,,,,,,,,,,,,,,,,,,,,,,,,,,,,,,,,,,,,,,,,,,,,,,,,,,,,,,,,,,,,,,,,,,,,,,,,,,,,,,,,,,
,,,,,,,,,,,,,,,,,,,,,,,,,,,,,,,,,,,,,,,,,,,,,,,,,,,,,,,,,,,,,,,,,,,,,,,,,,,,,,,,,,,,,,,,,,,,,,,,,,,,,,,,,,,,,,,,,,,,,,,,,,,,,,,,,,,,,,,,,,,,,,,,,,,,
,,,,,,,,,,,,,,,,,,,,,,,,,,,,,,,,,,,,,,,,,,,,,,,,,,,,,,,,,,,,,,,,,,,,,,,,,,,,,,,,,,,,,,,,,,,,,,,,,,,,,,,,,,,,,,,,,,,,,,,,,,,,,,,,,,,,,,,,,,,,,,,,,,,,
,,,,,,,,,,,,,,,,,,,,,,,,,,,,,,,,,,,,,,,,,,,,,,,,,,,,,,,,,,,,,,,,,,,,,,,,,,,,,,,,,,,,,,,,,,,,,,,,,,,,,,,,,,,,,,,,,,,,,,,,,,,,,,,,,,,,,,,,,,,,,,,,,,,,
,,,,,,,,,,,,,,,,,,,,,,,,,,,,,,,,,,,,,,,,,,,,,,,,,,,,,,,,,,,,,,,,,,,,,,,,,,,,,,,,,,,,,,,,,,,,,,,,,,,,,,,,,,,,,,,,,,,,,,,,,,,,,,,,,,,,,,,,,,,,,,,,,,,,
,,,,,,,,,,,,,,,,,,,,,,,,,,,,,,,,,,,,,,,,,,,,,,,,,,,,,,,,,,,,,,,,,,,,,,,,,,,,,,,,,,,,,,,,,,,,,,,,,,,,,,,,,,,,,,,,,,,,,,,,,,,,,,,,,,,,,,,,,,,,,,,,,,,,
,,,,,,,,,,,,,,,,,,,,,,,,,,,,,,,,,,,,,,,,,,,,,,,,,,,,,,,,,,,,,,,,,,,,,,,,,,,,,,,,,,,,,,,,,,,,,,,,,,,,,,,,,,,,,,,,,,,,,,,,,,,,,,,,,,,,,,,,,,,,,,,,,,,,
,,,,,,,,,,,,,,,,,,,,,,,,,,,,,,,,,,,,,,,,,,,,,,,,,,,,,,,,,,,,,,,,,,,,,,,,,,,,,,,,,,,,,,,,,,,,,,,,,,,,,,,,,,,,,,,,,,,,,,,,,,,,,,,,,,,,,,,,,,,,,,,,,,,,
,,,,,,,,,,,,,,,,,,,,,,,,,,,,,,,,,,,,,,,,,,,,,,,,,,,,,,,,,,,,,,,,,,,,,,,,,,,,,,,,,,,,,,,,,,,,,,,,,,,,,,,,,,,,,,,,,,,,,,,,,,,,,,,,,,,,,,,,,,,,,,,,,,,,
,,,,,,,,,,,,,,,,,,,,,,,,,,,,,,,,,,,,,,,,,,,,,,,,,,,,,,,,,,,,,,,,,,,,,,,,,,,,,,,,,,,,,,,,,,,,,,,,,,,,,,,,,,,,,,,,,,,,,,,,,,,,,,,,,,,,,,,,,,,,,,,,,,,,
,,,,,,,,,,,,,,,,,,,,,,,,,,,,,,,,,,,,,,,,,,,,,,,,,,,,,,,,,,,,,,,,,,,,,,,,,,,,,,,,,,,,,,,,,,,,,,,,,,,,,,,,,,,,,,,,,,,,,,,,,,,,,,,,,,,,,,,,,,,,,,,,,,,,
,,,,,,,,,,,,,,,,,,,,,,,,,,,,,,,,,,,,,,,,,,,,,,,,,,,,,,,,,,,,,,,,,,,,,,,,,,,,,,,,,,,,,,,,,,,,,,,,,,,,,,,,,,,,,,,,,,,,,,,,,,,,,,,,,,,,,,,,,,,,,,,,,,,,
,,,,,,,,,,,,,,,,,,,,,,,,,,,,,,,,,,,,,,,,,,,,,,,,,,,,,,,,,,,,,,,,,,,,,,,,,,,,,,,,,,,,,,,,,,,,,,,,,,,,,,,,,,,,,,,,,,,,,,,,,,,,,,,,,,,,,,,,,,,,,,,,,,,,
,,,,,,,,,,,,,,,,,,,,,,,,,,,,,,,,,,,,,,,,,,,,,,,,,,,,,,,,,,,,,,,,,,,,,,,,,,,,,,,,,,,,,,,,,,,,,,,,,,,,,,,,,,,,,,,,,,,,,,,,,,,,,,,,,,,,,,,,,,,,,,,,,,,,
,,,,,,,,,,,,,,,,,,,,,,,,,,,,,,,,,,,,,,,,,,,,,,,,,,,,,,,,,,,,,,,,,,,,,,,,,,,,,,,,,,,,,,,,,,,,,,,,,,,,,,,,,,,,,,,,,,,,,,,,,,,,,,,,,,,,,,,,,,,,,,,,,,,,
,,,,,,,,,,,,,,,,,,,,,,,,,,,,,,,,,,,,,,,,,,,,,,,,,,,,,,,,,,,,,,,,,,,,,,,,,,,,,,,,,,,,,,,,,,,,,,,,,,,,,,,,,,,,,,,,,,,,,,,,,,,,,,,,,,,,,,,,,,,,,,,,,,,,
,,,,,,,,,,,,,,,,,,,,,,,,,,,,,,,,,,,,,,,,,,,,,,,,,,,,,,,,,,,,,,,,,,,,,,,,,,,,,,,,,,,,,,,,,,,,,,,,,,,,,,,,,,,,,,,,,,,,,,,,,,,,,,,,,,,,,,,,,,,,,,,,,,,,
,,,,,,,,,,,,,,,,,,,,,,,,,,,,,,,,,,,,,,,,,,,,,,,,,,,,,,,,,,,,,,,,,,,,,,,,,,,,,,,,,,,,,,,,,,,,,,,,,,,,,,,,,,,,,,,,,,,,,,,,,,,,,,,,,,,,,,,,,,,,,,,,,,,,
,,,,,,,,,,,,,,,,,,,,,,,,,,,,,,,,,,,,,,,,,,,,,,,,,,,,,,,,,,,,,,,,,,,,,,,,,,,,,,,,,,,,,,,,,,,,,,,,,,,,,,,,,,,,,,,,,,,,,,,,,,,,,,,,,,,,,,,,,,,,,,,,,,,,
,,,,,,,,,,,,,,,,,,,,,,,,,,,,,,,,,,,,,,,,,,,,,,,,,,,,,,,,,,,,,,,,,,,,,,,,,,,,,,,,,,,,,,,,,,,,,,,,,,,,,,,,,,,,,,,,,,,,,,,,,,,,,,,,,,,,,,,,,,,,,,,,,,,,
,,,,,,,,,,,,,,,,,,,,,,,,,,,,,,,,,,,,,,,,,,,,,,,,,,,,,,,,,,,,,,,,,,,,,,,,,,,,,,,,,,,,,,,,,,,,,,,,,,,,,,,,,,,,,,,,,,,,,,,,,,,,,,,,,,,,,,,,,,,,,,,,,,,,
,,,,,,,,,,,,,,,,,,,,,,,,,,,,,,,,,,,,,,,,,,,,,,,,,,,,,,,,,,,,,,,,,,,,,,,,,,,,,,,,,,,,,,,,,,,,,,,,,,,,,,,,,,,,,,,,,,,,,,,,,,,,,,,,,,,,,,,,,,,,,,,,,,,,
,,,,,,,,,,,,,,,,,,,,,,,,,,,,,,,,,,,,,,,,,,,,,,,,,,,,,,,,,,,,,,,,,,,,,,,,,,,,,,,,,,,,,,,,,,,,,,,,,,,,,,,,,,,,,,,,,,,,,,,,,,,,,,,,,,,,,,,,,,,,,,,,,,,,
,,,,,,,,,,,,,,,,,,,,,,,,,,,,,,,,,,,,,,,,,,,,,,,,,,,,,,,,,,,,,,,,,,,,,,,,,,,,,,,,,,,,,,,,,,,,,,,,,,,,,,,,,,,,,,,,,,,,,,,,,,,,,,,,,,,,,,,,,,,,,,,,,,,,
,,,,,,,,,,,,,,,,,,,,,,,,,,,,,,,,,,,,,,,,,,,,,,,,,,,,,,,,,,,,,,,,,,,,,,,,,,,,,,,,,,,,,,,,,,,,,,,,,,,,,,,,,,,,,,,,,,,,,,,,,,,,,,,,,,,,,,,,,,,,,,,,,,,,
,,,,,,,,,,,,,,,,,,,,,,,,,,,,,,,,,,,,,,,,,,,,,,,,,,,,,,,,,,,,,,,,,,,,,,,,,,,,,,,,,,,,,,,,,,,,,,,,,,,,,,,,,,,,,,,,,,,,,,,,,,,,,,,,,,,,,,,,,,,,,,,,,,,,
,,,,,,,,,,,,,,,,,,,,,,,,,,,,,,,,,,,,,,,,,,,,,,,,,,,,,,,,,,,,,,,,,,,,,,,,,,,,,,,,,,,,,,,,,,,,,,,,,,,,,,,,,,,,,,,,,,,,,,,,,,,,,,,,,,,,,,,,,,,,,,,,,,,,
,,,,,,,,,,,,,,,,,,,,,,,,,,,,,,,,,,,,,,,,,,,,,,,,,,,,,,,,,,,,,,,,,,,,,,,,,,,,,,,,,,,,,,,,,,,,,,,,,,,,,,,,,,,,,,,,,,,,,,,,,,,,,,,,,,,,,,,,,,,,,,,,,,,,
,,,,,,,,,,,,,,,,,,,,,,,,,,,,,,,,,,,,,,,,,,,,,,,,,,,,,,,,,,,,,,,,,,,,,,,,,,,,,,,,,,,,,,,,,,,,,,,,,,,,,,,,,,,,,,,,,,,,,,,,,,,,,,,,,,,,,,,,,,,,,,,,,,,,
,,,,,,,,,,,,,,,,,,,,,,,,,,,,,,,,,,,,,,,,,,,,,,,,,,,,,,,,,,,,,,,,,,,,,,,,,,,,,,,,,,,,,,,,,,,,,,,,,,,,,,,,,,,,,,,,,,,,,,,,,,,,,,,,,,,,,,,,,,,,,,,,,,,,
,,,,,,,,,,,,,,,,,,,,,,,,,,,,,,,,,,,,,,,,,,,,,,,,,,,,,,,,,,,,,,,,,,,,,,,,,,,,,,,,,,,,,,,,,,,,,,,,,,,,,,,,,,,,,,,,,,,,,,,,,,,,,,,,,,,,,,,,,,,,,,,,,,,,
,,,,,,,,,,,,,,,,,,,,,,,,,,,,,,,,,,,,,,,,,,,,,,,,,,,,,,,,,,,,,,,,,,,,,,,,,,,,,,,,,,,,,,,,,,,,,,,,,,,,,,,,,,,,,,,,,,,,,,,,,,,,,,,,,,,,,,,,,,,,,,,,,,,,
,,,,,,,,,,,,,,,,,,,,,,,,,,,,,,,,,,,,,,,,,,,,,,,,,,,,,,,,,,,,,,,,,,,,,,,,,,,,,,,,,,,,,,,,,,,,,,,,,,,,,,,,,,,,,,,,,,,,,,,,,,,,,,,,,,,,,,,,,,,,,,,,,,,,
,,,,,,,,,,,,,,,,,,,,,,,,,,,,,,,,,,,,,,,,,,,,,,,,,,,,,,,,,,,,,,,,,,,,,,,,,,,,,,,,,,,,,,,,,,,,,,,,,,,,,,,,,,,,,,,,,,,,,,,,,,,,,,,,,,,,,,,,,,,,,,,,,,,,
,,,,,,,,,,,,,,,,,,,,,,,,,,,,,,,,,,,,,,,,,,,,,,,,,,,,,,,,,,,,,,,,,,,,,,,,,,,,,,,,,,,,,,,,,,,,,,,,,,,,,,,,,,,,,,,,,,,,,,,,,,,,,,,,,,,,,,,,,,,,,,,,,,,,
,,,,,,,,,,,,,,,,,,,,,,,,,,,,,,,,,,,,,,,,,,,,,,,,,,,,,,,,,,,,,,,,,,,,,,,,,,,,,,,,,,,,,,,,,,,,,,,,,,,,,,,,,,,,,,,,,,,,,,,,,,,,,,,,,,,,,,,,,,,,,,,,,,,,
,,,,,,,,,,,,,,,,,,,,,,,,,,,,,,,,,,,,,,,,,,,,,,,,,,,,,,,,,,,,,,,,,,,,,,,,,,,,,,,,,,,,,,,,,,,,,,,,,,,,,,,,,,,,,,,,,,,,,,,,,,,,,,,,,,,,,,,,,,,,,,,,,,,,
,,,,,,,,,,,,,,,,,,,,,,,,,,,,,,,,,,,,,,,,,,,,,,,,,,,,,,,,,,,,,,,,,,,,,,,,,,,,,,,,,,,,,,,,,,,,,,,,,,,,,,,,,,,,,,,,,,,,,,,,,,,,,,,,,,,,,,,,,,,,,,,,,,,,
,,,,,,,,,,,,,,,,,,,,,,,,,,,,,,,,,,,,,,,,,,,,,,,,,,,,,,,,,,,,,,,,,,,,,,,,,,,,,,,,,,,,,,,,,,,,,,,,,,,,,,,,,,,,,,,,,,,,,,,,,,,,,,,,,,,,,,,,,,,,,,,,,,,,
,,,,,,,,,,,,,,,,,,,,,,,,,,,,,,,,,,,,,,,,,,,,,,,,,,,,,,,,,,,,,,,,,,,,,,,,,,,,,,,,,,,,,,,,,,,,,,,,,,,,,,,,,,,,,,,,,,,,,,,,,,,,,,,,,,,,,,,,,,,,,,,,,,,,
,,,,,,,,,,,,,,,,,,,,,,,,,,,,,,,,,,,,,,,,,,,,,,,,,,,,,,,,,,,,,,,,,,,,,,,,,,,,,,,,,,,,,,,,,,,,,,,,,,,,,,,,,,,,,,,,,,,,,,,,,,,,,,,,,,,,,,,,,,,,,,,,,,,,
,,,,,,,,,,,,,,,,,,,,,,,,,,,,,,,,,,,,,,,,,,,,,,,,,,,,,,,,,,,,,,,,,,,,,,,,,,,,,,,,,,,,,,,,,,,,,,,,,,,,,,,,,,,,,,,,,,,,,,,,,,,,,,,,,,,,,,,,,,,,,,,,,,,,
,,,,,,,,,,,,,,,,,,,,,,,,,,,,,,,,,,,,,,,,,,,,,,,,,,,,,,,,,,,,,,,,,,,,,,,,,,,,,,,,,,,,,,,,,,,,,,,,,,,,,,,,,,,,,,,,,,,,,,,,,,,,,,,,,,,,,,,,,,,,,,,,,,,,
,,,,,,,,,,,,,,,,,,,,,,,,,,,,,,,,,,,,,,,,,,,,,,,,,,,,,,,,,,,,,,,,,,,,,,,,,,,,,,,,,,,,,,,,,,,,,,,,,,,,,,,,,,,,,,,,,,,,,,,,,,,,,,,,,,,,,,,,,,,,,,,,,,,,
,,,,,,,,,,,,,,,,,,,,,,,,,,,,,,,,,,,,,,,,,,,,,,,,,,,,,,,,,,,,,,,,,,,,,,,,,,,,,,,,,,,,,,,,,,,,,,,,,,,,,,,,,,,,,,,,,,,,,,,,,,,,,,,,,,,,,,,,,,,,,,,,,,,,
,,,,,,,,,,,,,,,,,,,,,,,,,,,,,,,,,,,,,,,,,,,,,,,,,,,,,,,,,,,,,,,,,,,,,,,,,,,,,,,,,,,,,,,,,,,,,,,,,,,,,,,,,,,,,,,,,,,,,,,,,,,,,,,,,,,,,,,,,,,,,,,,,,,,
,,,,,,,,,,,,,,,,,,,,,,,,,,,,,,,,,,,,,,,,,,,,,,,,,,,,,,,,,,,,,,,,,,,,,,,,,,,,,,,,,,,,,,,,,,,,,,,,,,,,,,,,,,,,,,,,,,,,,,,,,,,,,,,,,,,,,,,,,,,,,,,,,,,,
,,,,,,,,,,,,,,,,,,,,,,,,,,,,,,,,,,,,,,,,,,,,,,,,,,,,,,,,,,,,,,,,,,,,,,,,,,,,,,,,,,,,,,,,,,,,,,,,,,,,,,,,,,,,,,,,,,,,,,,,,,,,,,,,,,,,,,,,,,,,,,,,,,,,
,,,,,,,,,,,,,,,,,,,,,,,,,,,,,,,,,,,,,,,,,,,,,,,,,,,,,,,,,,,,,,,,,,,,,,,,,,,,,,,,,,,,,,,,,,,,,,,,,,,,,,,,,,,,,,,,,,,,,,,,,,,,,,,,,,,,,,,,,,,,,,,,,,,,
,,,,,,,,,,,,,,,,,,,,,,,,,,,,,,,,,,,,,,,,,,,,,,,,,,,,,,,,,,,,,,,,,,,,,,,,,,,,,,,,,,,,,,,,,,,,,,,,,,,,,,,,,,,,,,,,,,,,,,,,,,,,,,,,,,,,,,,,,,,,,,,,,,,,
,,,,,,,,,,,,,,,,,,,,,,,,,,,,,,,,,,,,,,,,,,,,,,,,,,,,,,,,,,,,,,,,,,,,,,,,,,,,,,,,,,,,,,,,,,,,,,,,,,,,,,,,,,,,,,,,,,,,,,,,,,,,,,,,,,,,,,,,,,,,,,,,,,,,
,,,,,,,,,,,,,,,,,,,,,,,,,,,,,,,,,,,,,,,,,,,,,,,,,,,,,,,,,,,,,,,,,,,,,,,,,,,,,,,,,,,,,,,,,,,,,,,,,,,,,,,,,,,,,,,,,,,,,,,,,,,,,,,,,,,,,,,,,,,,,,,,,,,,
,,,,,,,,,,,,,,,,,,,,,,,,,,,,,,,,,,,,,,,,,,,,,,,,,,,,,,,,,,,,,,,,,,,,,,,,,,,,,,,,,,,,,,,,,,,,,,,,,,,,,,,,,,,,,,,,,,,,,,,,,,,,,,,,,,,,,,,,,,,,,,,,,,,,
,,,,,,,,,,,,,,,,,,,,,,,,,,,,,,,,,,,,,,,,,,,,,,,,,,,,,,,,,,,,,,,,,,,,,,,,,,,,,,,,,,,,,,,,,,,,,,,,,,,,,,,,,,,,,,,,,,,,,,,,,,,,,,,,,,,,,,,,,,,,,,,,,,,,
,,,,,,,,,,,,,,,,,,,,,,,,,,,,,,,,,,,,,,,,,,,,,,,,,,,,,,,,,,,,,,,,,,,,,,,,,,,,,,,,,,,,,,,,,,,,,,,,,,,,,,,,,,,,,,,,,,,,,,,,,,,,,,,,,,,,,,,,,,,,,,,,,,,,
,,,,,,,,,,,,,,,,,,,,,,,,,,,,,,,,,,,,,,,,,,,,,,,,,,,,,,,,,,,,,,,,,,,,,,,,,,,,,,,,,,,,,,,,,,,,,,,,,,,,,,,,,,,,,,,,,,,,,,,,,,,,,,,,,,,,,,,,,,,,,,,,,,,,
,,,,,,,,,,,,,,,,,,,,,,,,,,,,,,,,,,,,,,,,,,,,,,,,,,,,,,,,,,,,,,,,,,,,,,,,,,,,,,,,,,,,,,,,,,,,,,,,,,,,,,,,,,,,,,,,,,,,,,,,,,,,,,,,,,,,,,,,,,,,,,,,,,,,
,,,,,,,,,,,,,,,,,,,,,,,,,,,,,,,,,,,,,,,,,,,,,,,,,,,,,,,,,,,,,,,,,,,,,,,,,,,,,,,,,,,,,,,,,,,,,,,,,,,,,,,,,,,,,,,,,,,,,,,,,,,,,,,,,,,,,,,,,,,,,,,,,,,,
,,,,,,,,,,,,,,,,,,,,,,,,,,,,,,,,,,,,,,,,,,,,,,,,,,,,,,,,,,,,,,,,,,,,,,,,,,,,,,,,,,,,,,,,,,,,,,,,,,,,,,,,,,,,,,,,,,,,,,,,,,,,,,,,,,,,,,,,,,,,,,,,,,,,
,,,,,,,,,,,,,,,,,,,,,,,,,,,,,,,,,,,,,,,,,,,,,,,,,,,,,,,,,,,,,,,,,,,,,,,,,,,,,,,,,,,,,,,,,,,,,,,,,,,,,,,,,,,,,,,,,,,,,,,,,,,,,,,,,,,,,,,,,,,,,,,,,,,,
,,,,,,,,,,,,,,,,,,,,,,,,,,,,,,,,,,,,,,,,,,,,,,,,,,,,,,,,,,,,,,,,,,,,,,,,,,,,,,,,,,,,,,,,,,,,,,,,,,,,,,,,,,,,,,,,,,,,,,,,,,,,,,,,,,,,,,,,,,,,,,,,,,,,
,,,,,,,,,,,,,,,,,,,,,,,,,,,,,,,,,,,,,,,,,,,,,,,,,,,,,,,,,,,,,,,,,,,,,,,,,,,,,,,,,,,,,,,,,,,,,,,,,,,,,,,,,,,,,,,,,,,,,,,,,,,,,,,,,,,,,,,,,,,,,,,,,,,,
,,,,,,,,,,,,,,,,,,,,,,,,,,,,,,,,,,,,,,,,,,,,,,,,,,,,,,,,,,,,,,,,,,,,,,,,,,,,,,,,,,,,,,,,,,,,,,,,,,,,,,,,,,,,,,,,,,,,,,,,,,,,,,,,,,,,,,,,,,,,,,,,,,,,
,,,,,,,,,,,,,,,,,,,,,,,,,,,,,,,,,,,,,,,,,,,,,,,,,,,,,,,,,,,,,,,,,,,,,,,,,,,,,,,,,,,,,,,,,,,,,,,,,,,,,,,,,,,,,,,,,,,,,,,,,,,,,,,,,,,,,,,,,,,,,,,,,,,,
,,,,,,,,,,,,,,,,,,,,,,,,,,,,,,,,,,,,,,,,,,,,,,,,,,,,,,,,,,,,,,,,,,,,,,,,,,,,,,,,,,,,,,,,,,,,,,,,,,,,,,,,,,,,,,,,,,,,,,,,,,,,,,,,,,,,,,,,,,,,,,,,,,,,
,,,,,,,,,,,,,,,,,,,,,,,,,,,,,,,,,,,,,,,,,,,,,,,,,,,,,,,,,,,,,,,,,,,,,,,,,,,,,,,,,,,,,,,,,,,,,,,,,,,,,,,,,,,,,,,,,,,,,,,,,,,,,,,,,,,,,,,,,,,,,,,,,,,,
,,,,,,,,,,,,,,,,,,,,,,,,,,,,,,,,,,,,,,,,,,,,,,,,,,,,,,,,,,,,,,,,,,,,,,,,,,,,,,,,,,,,,,,,,,,,,,,,,,,,,,,,,,,,,,,,,,,,,,,,,,,,,,,,,,,,,,,,,,,,,,,,,,,,
