composition,temperature,NComp,mean_Number,maxdiff_Number,dev_Number,min_Number,most_Number,mean_MendeleevNumber,maxdiff_MendeleevNumber,dev_MendeleevNumber,max_MendeleevNumber,most_MendeleevNumber,maxdiff_MeltingT,dev_MeltingT,max_MeltingT,maxdiff_Column,dev_Column,maxdiff_Row,dev_Row,mean_Electronegativity,maxdiff_NsValence,dev_NpValence,maxdiff_NdValence,dev_NdValence,max_NdValence,mean_NfValence,most_NfValence,mean_NValance,maxdiff_NValance,min_NValance,most_NValance,mean_NpUnfilled,maxdiff_NpUnfilled,most_NpUnfilled,mean_NdUnfilled,maxdiff_NdUnfilled,dev_NdUnfilled,mean_NfUnfilled,mean_NUnfilled,maxdiff_NUnfilled,dev_NUnfilled,min_NUnfilled,mean_GSvolume_pa,maxdiff_GSvolume_pa,dev_GSvolume_pa,min_GSvolume_pa,most_GSvolume_pa,most_GSbandgap,max_SpaceGroupNumber,CanFormIonic,thermal_conductivity
Hf0.2Zr0.2Ta0.2Nb0.2Ti0.2C,302.65,6,27.8,67,22.96,6,6.0,61.2,34,15.8,77,77.0,1882.0,673.4,3823.0,10,4.8,4,1.6,2.002,1,1.0,4,1.3,4,2.8,0.0,7.0,15,4,4.0,2.0,4,4.0,3.7,8,3.7,0.0,5.8,4,1.8,4,12.6585,17.555,7.0185,5.64,5.64,4.496,229,1,6.45
Hf0.2Zr0.2Ta0.2Nb0.2Ti0.2C,323.85,6,27.8,67,22.96,6,6.0,61.2,34,15.8,77,77.0,1882.0,673.4,3823.0,10,4.8,4,1.6,2.002,1,1.0,4,1.3,4,2.8,0.0,7.0,15,4,4.0,2.0,4,4.0,3.7,8,3.7,0.0,5.8,4,1.8,4,12.6585,17.555,7.0185,5.64,5.64,4.496,229,1,5.56
Hf0.2Zr0.2Ta0.2Nb0.2Ti0.2C,343.95,6,27.8,67,22.96,6,6.0,61.2,34,15.8,77,77.0,1882.0,673.4,3823.0,10,4.8,4,1.6,2.002,1,1.0,4,1.3,4,2.8,0.0,7.0,15,4,4.0,2.0,4,4.0,3.7,8,3.7,0.0,5.8,4,1.8,4,12.6585,17.555,7.0185,5.64,5.64,4.496,229,1,5.42
HfC,298.15,2,39.0,66,33.0,6,39.0,61.0,32,16.0,77,61.0,1317.0,658.5,3823.0,10,5.0,4,2.0,1.925,0,1.0,2,1.0,2,7.0,7.0,11.0,14,4,11.0,2.0,4,2.0,4.0,8,4.0,0.0,6.0,4,2.0,4,13.92,16.56,8.28,5.64,13.92,2.248,194,1,29.3
NbC,298.15,2,23.5,35,17.5,6,23.5,62.0,30,15.0,77,62.0,1073.0,536.5,3823.0,9,4.5,3,1.5,2.075,1,1.0,4,2.0,4,0.0,0.0,4.5,1,4,4.5,2.0,4,2.0,3.0,6,3.0,0.0,5.5,3,1.5,4,11.91,12.54,6.27,5.64,11.91,2.248,229,0,6.3
TiC,298.15,2,14.0,16,8.0,6,14.0,60.0,34,17.0,77,60.0,1882.0,941.0,3823.0,10,5.0,2,1.0,2.045,0,1.0,2,1.0,2,0.0,0.0,4.0,0,4,4.0,2.0,4,2.0,4.0,8,4.0,0.0,6.0,4,2.0,4,11.165,11.05,5.525,5.64,11.165,2.248,194,1,22.2
Y2SiO7,298.0,3,14.8,31,9.68,8,8.0,71.1,75,23.64,87,87.0,1744.2,716.884,1799.0,13,4.08,3,0.98,2.842,0,1.4,1,0.32,1,0.0,0.0,5.2,3,3,6.0,1.8,4,2.0,1.8,9,2.88,0.0,3.6,7,2.24,2,14.8905,23.26,8.0997,9.105,9.105,0.0,227,0,4.31
Nd0.8Sm0.8Eu0.8Y0.8Yb0.8Al2O9,298.15,7,22.21333333,62,19.51288889,8,8.0,68.22666667,75,23.80088889,87,87.0,1744.2,547.0512,1799.0,13,4.871111111,4,1.415111111,2.597333333,0,1.76,1,0.100977778,1,1.653333333,0.0,6.24,13,3,6.0,1.866666667,5,2.0,0.48,9,0.9088,1.333333333,3.68,10,2.408533333,0,16.77953333,27.355,9.289315556,9.105,9.105,0.0,229,1,1.5
Y4Al2O9,298.15,3,16.93333333,31,11.76888889,8,8.0,65.13333333,75,28.33777778,87,87.0,1744.2,698.7312,1799.0,13,4.871111111,3,1.12,2.604,0,1.76,1,0.391111111,1,0.0,0.0,4.8,3,3,6.0,1.866666667,5,2.0,2.4,9,3.52,0.0,4.266666667,7,2.72,2,16.291,23.26,8.6232,9.105,9.105,0.0,225,1,3.31
ZrB2,298.15,2,16.66666667,35,15.55555556,5,5.0,62.66666667,28,12.44444444,72,72.0,220.0,97.77777778,2348.0,9,4.0,3,1.333333333,1.803333333,0,0.444444444,2,0.888888889,2,0.0,0.0,3.333333333,1,3,3.0,3.333333333,5,5.0,2.666666667,8,3.555555556,0.0,6.0,3,1.333333333,5,12.51333333,16.0225,7.121111111,7.1725,7.1725,1.524,194,0,83.8
ZrB2,1500.15,2,16.66666667,35,15.55555556,5,5.0,62.66666667,28,12.44444444,72,72.0,220.0,97.77777778,2348.0,9,4.0,3,1.333333333,1.803333333,0,0.444444444,2,0.888888889,2,0.0,0.0,3.333333333,1,3,3.0,3.333333333,5,5.0,2.666666667,8,3.555555556,0.0,6.0,3,1.333333333,5,12.51333333,16.0225,7.121111111,7.1725,7.1725,1.524,194,0,81.8
ZrB2,298.15,2,16.66666667,35,15.55555556,5,5.0,62.66666667,28,12.44444444,72,72.0,220.0,97.77777778,2348.0,9,4.0,3,1.333333333,1.803333333,0,0.444444444,2,0.888888889,2,0.0,0.0,3.333333333,1,3,3.0,3.333333333,5,5.0,2.666666667,8,3.555555556,0.0,6.0,3,1.333333333,5,12.51333333,16.0225,7.121111111,7.1725,7.1725,1.524,194,0,56.0
Hf0.2Ta0.2Ti0.2Nb0.2Zr0.2C,298.15,6,27.8,67,22.96,6,6.0,61.2,34,15.8,77,77.0,1882.0,673.4,3823.0,10,4.8,4,1.6,2.002,1,1.0,4,1.3,4,2.8,0.0,7.0,15,4,4.0,2.0,4,4.0,3.7,8,3.7,0.0,5.8,4,1.8,4,12.6585,17.555,7.0185,5.64,5.64,4.496,229,1,5.6
Hf0.2Ta0.2Ti0.2Nb0.2Mo0.2C,298.15,6,28.0,67,23.2,6,6.0,61.8,34,15.2,77,77.0,1882.0,581.24,3823.0,10,4.6,4,1.6,2.085,1,1.0,5,1.6,5,2.8,0.0,7.2,15,4,4.0,2.0,4,4.0,3.4,8,3.4,0.0,5.6,4,1.6,4,11.908,16.56,6.268,5.64,5.64,4.496,229,1,5.9
La0.4Ce0.4Nd0.4Sm0.4Eu0.4Zr2O7,298.15,7,23.27272727,55,19.43801653,8,8.0,66.81818182,74,25.68595041,87,87.0,2073.2,744.661157,2128.0,13,5.785123967,4,1.619834711,2.638727273,0,1.851239669,2,0.650578512,2,0.654545455,0.0,5.636363636,6,3,6.0,1.272727273,2,2.0,2.109090909,9,3.14446281,1.381818182,4.763636364,20,3.517355372,2,16.50727273,28.135,9.42107438,9.105,9.105,0.0,229,1,0.76
La0.2Ce0.2Nd0.2Sm0.2Eu0.2PO4,298.15,7,17.83333333,55,14.05555556,8,8.0,75.0,74,18.66666667,87,87.0,1290.2,312.7333333,1345.0,13,3.555555556,4,1.111111111,2.848833333,0,1.111111111,1,0.124444444,1,0.6,0.0,5.833333333,6,3,6.0,1.833333333,3,2.0,0.6,9,1.12,1.266666667,3.7,20,2.5,2,15.78628968,28.135,8.908386243,9.105,9.105,0.0,229,1,2.08
LaPO4,298.15,3,17.33333333,49,13.22222222,8,8.0,74.0,74,20.33333333,87,87.0,1138.2,311.2666667,1193.0,13,3.555555556,4,1.111111111,2.841666667,0,1.111111111,1,0.277777778,1,0.0,0.0,5.333333333,3,3,6.0,1.833333333,3,2.0,1.5,9,2.5,0.0,3.333333333,7,1.888888889,2,15.98128968,27.7925,9.168386243,9.105,9.105,0.0,194,1,3.61
CePO4,298.15,3,17.5,50,13.5,8,8.0,74.33333333,72,19.77777778,87,87.0,1016.2,284.1555556,1071.0,13,3.555555556,4,1.111111111,2.845,0,1.111111111,1,0.277777778,1,0.166666667,0.0,5.5,2,4,6.0,1.833333333,3,2.0,1.5,9,2.5,2.166666667,5.5,20,5.5,2,16.03837302,28.135,9.244497354,9.105,9.105,0.0,194,1,3.14
NdPO4,298.15,3,17.83333333,52,14.05555556,8,8.0,75.0,68,18.66666667,87,87.0,1239.2,333.7111111,1294.0,13,3.555555556,4,1.111111111,2.848333333,0,1.111111111,0,0.0,0,0.666666667,0.0,5.833333333,1,5,6.0,1.833333333,3,2.0,0.0,0,0.0,1.666666667,3.5,8,2.166666667,2,15.63337302,25.705,8.704497354,9.105,9.105,0.0,194,1,3.05
SmPO4,298.15,3,18.16666667,54,14.61111111,8,8.0,75.66666667,64,17.55555556,87,87.0,1290.2,345.0444444,1345.0,13,3.555555556,4,1.111111111,2.853333333,0,1.111111111,0,0.0,0,1.0,0.0,6.166666667,3,5,6.0,1.833333333,3,2.0,0.0,0,0.0,1.333333333,3.166666667,6,1.611111111,2,15.37003968,24.125,8.353386243,9.105,9.105,0.0,166,1,2.87
EuPO4,298.15,3,18.33333333,55,14.88888889,8,8.0,76.0,62,17.0,87,87.0,1040.2,289.4888889,1095.0,13,3.555555556,4,1.111111111,2.855833333,0,1.111111111,0,0.0,0,1.166666667,0.0,6.333333333,4,5,6.0,1.833333333,3,2.0,0.0,0,0.0,1.166666667,3.0,5,1.333333333,2,15.90837302,27.355,9.071164021,9.105,9.105,0.0,229,1,2.99
Mo0.2Nb0.2Ta0.2Ti0.2W0.2Si2,298.15,6,26.13333333,60,16.72888889,14,14.0,67.93333333,35,13.42222222,78,78.0,2008.0,566.1955556,3695.0,10,3.911111111,3,0.977777778,1.877333333,1,0.888888889,5,1.6,5,1.866666667,0.0,6.266666667,16,4,4.0,2.666666667,4,4.0,2.133333333,8,2.844444444,0.0,4.933333333,4,1.244444444,4,19.27533333,4.75,1.552888889,15.69,20.44,0.773,229,0,6.9
MoSi2,313.15,2,23.33333333,28,12.44444444,14,14.0,68.66666667,28,12.44444444,78,78.0,1209.0,537.3333333,2896.0,8,3.555555556,2,0.888888889,1.986666667,1,0.888888889,5,2.222222222,5,0.0,0.0,4.666666667,2,4,4.0,2.666666667,4,4.0,1.666666667,5,2.222222222,0.0,4.666666667,2,0.888888889,4,18.85666667,4.75,2.111111111,15.69,20.44,0.773,229,0,65.0
VC,313.15,2,14.5,17,8.5,6,14.5,61.5,31,15.5,77,61.5,1640.0,820.0,3823.0,9,4.5,2,1.0,2.09,0,1.0,3,1.5,3,0.0,0.0,4.5,1,4,4.5,2.0,4,2.0,3.5,7,3.5,0.0,5.5,3,1.5,4,9.325,7.37,3.685,5.64,9.325,2.248,229,1,19.1
TaSi2,313.15,2,33.66666667,59,26.22222222,14,14.0,68.0,30,13.33333333,78,78.0,1603.0,712.4444444,3290.0,9,4.0,3,1.333333333,1.766666667,0,0.888888889,3,1.333333333,3,4.666666667,0.0,9.0,15,4,4.0,2.666666667,4,4.0,2.333333333,7,3.111111111,0.0,5.0,3,1.333333333,4,19.66666667,2.32,1.031111111,18.12,20.44,0.773,229,0,21.9
TiSi2,313.15,2,16.66666667,8,3.555555556,14,14.0,66.33333333,35,15.55555556,78,78.0,254.0,112.8888889,1941.0,10,4.444444444,1,0.444444444,1.78,0,0.888888889,2,0.888888889,2,0.0,0.0,4.0,0,4,4.0,2.666666667,4,4.0,2.666666667,8,3.555555556,0.0,5.333333333,4,1.777777778,4,19.19,3.75,1.666666667,16.69,20.44,0.773,227,0,45.9
WSi2,313.15,2,34.0,60,26.66666667,14,14.0,69.0,27,12.0,78,78.0,2008.0,892.4444444,3695.0,8,3.555555556,3,1.333333333,2.053333333,0,0.888888889,4,1.777777778,4,4.666666667,0.0,9.333333333,16,4,4.0,2.666666667,4,4.0,2.0,6,2.666666667,0.0,4.666666667,2,0.888888889,4,18.97666667,4.39,1.951111111,16.05,20.44,0.773,229,0,46.9
Mo0.2Ta0.2Ni0.2Cr0.2W0.2B,673.15,6,26.6,69,22.12,5,5.0,61.9,24,10.1,72,72.0,1967.0,444.46,3695.0,8,3.24,4,1.5,1.979,1,0.5,8,2.5,8,2.8,0.0,7.6,17,3,3.0,2.5,5,5.0,2.5,7,2.6,0.0,5.2,5,0.84,2,10.72325,10.9475,3.6314,7.1725,7.1725,1.524,229,0,2.05
MoB,673.15,2,23.5,37,18.5,5,23.5,61.0,22,11.0,72,61.0,548.0,274.0,2896.0,7,3.5,3,1.5,2.1,1,0.5,5,2.5,5,0.0,0.0,4.5,3,3,4.5,2.5,5,2.5,2.5,5,2.5,0.0,5.5,1,0.5,5,11.43125,8.5175,4.25875,7.1725,11.43125,0.762,229,0,9.67
CrB,673.15,2,14.5,19,9.5,5,14.5,60.5,23,11.5,72,60.5,168.0,84.0,2348.0,7,3.5,2,1.0,1.85,1,0.5,5,2.5,5,0.0,0.0,4.5,3,3,4.5,2.5,5,2.5,2.5,5,2.5,0.0,5.5,1,0.5,5,9.18125,4.0175,2.00875,7.1725,9.18125,0.762,229,0,12.0
WB,673.15,2,39.5,69,34.5,5,39.5,61.5,21,10.5,72,61.5,1347.0,673.5,3695.0,7,3.5,4,2.0,2.2,0,0.5,4,2.0,4,7.0,7.0,11.5,17,3,11.5,2.5,5,2.5,3.0,6,3.0,0.0,5.5,1,0.5,5,11.61125,8.8775,4.43875,7.1725,11.61125,0.762,229,0,9.57
TiP2O7,298.15,3,10.8,14,3.92,8,8.0,81.8,44,7.76,87,87.0,1886.2,337.568,1941.0,12,2.12,2,0.56,3.0,0,0.84,2,0.36,2,0.0,0.0,5.6,2,4,6.0,2.0,3,2.0,0.8,8,1.44,0.0,2.8,6,1.12,2,12.55654762,13.4652381,4.832166667,9.105,9.105,0.0,194,1,1.08
ZrP2O7,298.15,3,12.6,32,6.44,8,8.0,81.9,43,7.58,87,87.0,2073.2,363.748,2128.0,12,2.12,3,0.7,2.979,0,0.84,2,0.36,2,0.0,0.0,5.6,2,4,6.0,2.0,3,2.0,0.8,8,1.44,0.0,2.8,6,1.12,2,13.20704762,14.09,5.742866667,9.105,9.105,0.0,194,1,0.92
HfP2O7,298.15,3,15.8,64,11.24,8,8.0,82.0,42,7.4,87,87.0,2451.2,430.716,2506.0,12,2.12,4,0.84,2.976,0,0.84,2,0.36,2,1.4,0.0,7.0,13,5,6.0,2.0,3,2.0,0.8,8,1.44,0.0,2.8,6,1.12,2,13.10754762,13.4652381,5.603566667,9.105,9.105,0.0,194,1,0.79
TiZrHfP2O7,298.15,5,18.33333333,64,13.16666667,8,8.0,75.58333333,44,15.79166667,87,87.0,2451.2,779.45,2506.0,12,4.416666667,4,1.069444444,2.719166667,0,1.416666667,2,0.75,2,1.166666667,0.0,6.5,14,4,6.0,1.666666667,3,2.0,2.0,8,3.0,0.0,3.666666667,6,2.166666667,2,14.24670635,14.09,5.998657407,9.105,9.105,0.0,194,0,0.78
Y0.6Yb0.6Lu0.6Eu0.6Er0.6Al5O12,300.0,7,17.38,63,13.446,8,8.0,75.01,75,14.388,87,87.0,1881.2,530.649,1936.0,13,3.24,4,0.984,2.65175,0,1.62,1,0.1128,1,1.41,0.0,6.12,14,3,6.0,2.45,5,2.0,0.54,9,1.0152,0.27,3.26,9,1.7832,0,14.45485,27.355,6.41982,9.105,9.105,0.0,229,1,3.81
Yb3Al5O12,300.0,3,18.55,62,15.435,8,8.0,76.3,48,12.84,87,87.0,1037.2,450.297,1092.0,13,3.24,4,1.02,2.6555,0,1.62,0,0.0,0,2.1,0.0,6.75,13,3,6.0,2.45,5,2.0,0.0,0,0.0,0.0,2.45,5,1.275,0,14.701,25.015,6.7152,9.105,9.105,0.0,225,1,4.67
Y3Al5O12,300.0,3,13.9,31,7.53,8,8.0,72.25,75,18.075,87,87.0,1744.2,577.557,1799.0,13,3.24,3,0.84,2.6495,0,1.62,1,0.255,1,0.0,0.0,4.8,3,3,6.0,2.45,5,2.0,1.35,9,2.295,0.0,3.8,7,2.16,2,14.43775,23.26,6.3993,9.105,9.105,0.0,225,1,11.2
ZrC,298.15,2,23.0,34,17.0,6,23.0,60.5,33,16.5,77,60.5,1695.0,847.5,3823.0,10,5.0,3,1.5,1.94,0,1.0,2,1.0,2,0.0,0.0,4.0,0,4,4.0,2.0,4,2.0,4.0,8,4.0,0.0,6.0,4,2.0,4,14.4175,17.555,8.7775,5.64,14.4175,2.248,194,1,33.5
NbC,298.15,2,23.5,35,17.5,6,23.5,62.0,30,15.0,77,62.0,1073.0,536.5,3823.0,9,4.5,3,1.5,2.075,1,1.0,4,2.0,4,0.0,0.0,4.5,1,4,4.5,2.0,4,2.0,3.0,6,3.0,0.0,5.5,3,1.5,4,11.91,12.54,6.27,5.64,11.91,2.248,229,0,16.3
TiC,298.15,2,14.0,16,8.0,6,14.0,60.0,34,17.0,77,60.0,1882.0,941.0,3823.0,10,5.0,2,1.0,2.045,0,1.0,2,1.0,2,0.0,0.0,4.0,0,4,4.0,2.0,4,2.0,4.0,8,4.0,0.0,6.0,4,2.0,4,11.165,11.05,5.525,5.64,11.165,2.248,194,1,22.2
VC,298.15,2,14.5,17,8.5,6,14.5,61.5,31,15.5,77,61.5,1640.0,820.0,3823.0,9,4.5,2,1.0,2.09,0,1.0,3,1.5,3,0.0,0.0,4.5,1,4,4.5,2.0,4,2.0,3.5,7,3.5,0.0,5.5,3,1.5,4,9.325,7.37,3.685,5.64,9.325,2.248,229,1,38.9
Zr0.25Nb0.25Ti0.25V0.25C,298.15,5,18.75,35,12.75,6,6.0,61.0,34,16.0,77,77.0,1882.0,786.25,3823.0,10,4.75,3,1.25,2.0375,1,1.0,4,1.375,4,0.0,0.0,4.25,1,4,4.0,2.0,4,4.0,3.625,8,3.625,0.0,5.75,4,1.75,4,11.704375,17.555,6.064375,5.64,5.64,4.496,229,1,15.3
Zn0.1Ca0.1Sr0.4Ba0.4ZrO3,298.15,6,21.32,48,16.0368,8,8.0,63.88,80,27.9488,87,87.0,2073.2,724.60032,2128.0,14,6.04,4,1.488,2.5302,0,1.92,10,0.936,10,0.0,0.0,5.0,10,2,6.0,1.2,2,2.0,1.6,8,2.56,0.0,2.8,8,2.08,0,20.5622,54.485,14.012728,9.105,9.105,0.0,229,1,1.46
Zn0.1Ca0.1Sr0.4Ba0.4ZrO3,1473.15,6,21.32,48,16.0368,8,8.0,63.88,80,27.9488,87,87.0,2073.2,724.60032,2128.0,14,6.04,4,1.488,2.5302,0,1.92,10,0.936,10,0.0,0.0,5.0,10,2,6.0,1.2,2,2.0,1.6,8,2.56,0.0,2.8,8,2.08,0,20.5622,54.485,14.012728,9.105,9.105,0.0,229,1,1.87
BaZrO3,1273.15,3,24.0,48,19.2,8,8.0,62.8,78,29.04,87,87.0,2073.2,724.416,2128.0,14,6.24,4,1.68,2.508,0,1.92,2,0.64,2,0.0,0.0,4.8,4,2,6.0,1.2,2,2.0,1.6,8,2.56,0.0,2.8,8,2.08,0,22.82,54.485,16.458,9.105,9.105,0.0,229,1,5.75
SrZrO3,623.15,3,20.4,32,14.88,8,8.0,62.6,79,29.28,87,87.0,2073.2,736.416,2128.0,14,6.24,3,1.44,2.52,0,1.92,2,0.64,2,0.0,0.0,4.8,4,2,6.0,1.2,2,2.0,1.6,8,2.56,0.0,2.8,8,2.08,0,20.948,45.125,14.2116,9.105,9.105,0.0,225,1,2.23
BaZrO3,298.15,3,24.0,48,19.2,8,8.0,62.8,78,29.04,87,87.0,2073.2,724.416,2128.0,14,6.24,4,1.68,2.508,0,1.92,2,0.64,2,0.0,0.0,4.8,4,2,6.0,1.2,2,2.0,1.6,8,2.56,0.0,2.8,8,2.08,0,22.82,54.485,16.458,9.105,9.105,0.0,229,1,2.84
La2Zr2O7,298.15,3,22.72727273,49,18.74380165,8,8.0,65.72727273,74,27.07438017,87,87.0,2073.2,743.1338843,2128.0,13,5.785123967,4,1.619834711,2.630909091,0,1.851239669,2,0.694214876,2,0.0,0.0,5.090909091,3,3,6.0,1.272727273,2,2.0,3.090909091,9,3.933884298,0.0,4.363636364,7,3.008264463,2,16.72,27.7925,9.691818182,9.105,9.105,0.0,194,1,1.9
SrZrO3,1223.15,3,20.4,32,14.88,8,8.0,62.6,79,29.28,87,87.0,2073.2,736.416,2128.0,14,6.24,3,1.44,2.52,0,1.92,2,0.64,2,0.0,0.0,4.8,4,2,6.0,1.2,2,2.0,1.6,8,2.56,0.0,2.8,8,2.08,0,20.948,45.125,14.2116,9.105,9.105,0.0,225,1,3.3
CaZrO3,298.0,3,16.8,32,10.56,8,8.0,62.4,80,29.52,87,87.0,2073.2,752.016,2128.0,14,6.24,3,1.2,2.53,0,1.92,2,0.64,2,0.0,0.0,4.8,4,2,6.0,1.2,2,2.0,1.6,8,2.56,0.0,2.8,8,2.08,0,17.656,28.665,10.2612,9.105,9.105,0.0,225,1,2.02
CaZrO3,1473.15,3,16.8,32,10.56,8,8.0,62.4,80,29.52,87,87.0,2073.2,752.016,2128.0,14,6.24,3,1.2,2.53,0,1.92,2,0.64,2,0.0,0.0,4.8,4,2,6.0,1.2,2,2.0,1.6,8,2.56,0.0,2.8,8,2.08,0,17.656,28.665,10.2612,9.105,9.105,0.0,225,1,2.33
ZrY2O5,298.0,3,19.75,32,14.6875,8,8.0,62.875,75,30.15625,87,87.0,2073.2,869.0,2128.0,13,5.9375,3,1.40625,2.62125,0,1.875,2,0.625,2,0.0,0.0,5.0,3,3,6.0,1.25,2,2.0,3.25,9,4.0625,0.0,4.5,7,3.125,2,16.68125,23.26,9.4703125,9.105,9.105,0.0,194,1,2.3
ZrY2O5,973.15,3,19.75,32,14.6875,8,8.0,62.875,75,30.15625,87,87.0,2073.2,869.0,2128.0,13,5.9375,3,1.40625,2.62125,0,1.875,2,0.625,2,0.0,0.0,5.0,3,3,6.0,1.25,2,2.0,3.25,9,4.0625,0.0,4.5,7,3.125,2,16.68125,23.26,9.4703125,9.105,9.105,0.0,194,1,3.0
Mg0.2Ni0.2Cu0.2Co0.2Zn0.2O,298.0,6,16.6,22,9.52,8,8.0,75.5,29,11.5,87,87.0,1713.2,619.545,1768.0,14,3.6,2,0.9,2.585,1,2.0,10,4.2,10,0.0,0.0,7.4,10,2,6.0,1.0,2,2.0,0.5,3,0.8,0.0,1.6,3,0.76,0,11.401,13.785,2.8096,9.105,9.105,0.0,225,1,2.95
Mg0.167Ni0.167Cu0.167Co0.167Zn0.167Sc0.167O,298.0,7,16.25824176,22,8.960407724,8,8.0,71.06743257,76,15.91665078,87,87.0,1759.2,667.1694,1814.0,14,4.097912577,2,0.916665752,2.553281718,1,1.999998004,10,3.835162839,10,0.0,0.0,6.917582418,10,2,6.0,0.999000999,2,2.0,1.167832168,9,1.751164919,0.0,2.25024975,9,1.251165418,0,12.1155045,13.785,3.793533714,9.105,9.105,0.0,225,0,1.68
Mg0.167Ni0.167Cu0.167Co0.167Zn0.167Sb0.167O,298.0,7,18.76073926,43,11.87790481,8,8.0,77.24025974,29,11.04457231,87,87.0,1713.2,587.0352475,1768.0,14,3.431413242,3,1.000165668,2.610839161,1,1.875414795,10,4.376245632,10,0.0,0.0,7.918581419,13,2,6.0,1.249250749,3,2.0,0.417082917,3,0.694999306,0.0,1.74975025,3,0.708915959,0,12.89336414,22.455,4.959934633,9.105,9.105,0.0,225,0,1.41
Mg0.167Ni0.167Cu0.167Co0.167Zn0.167Sn0.167O,298.0,7,18.67732268,42,11.78065491,8,8.0,76.82317682,29,10.69665599,87,87.0,1713.2,571.1749591,1768.0,14,3.361829978,3,1.000165668,2.603331668,1,1.833331504,10,4.376245632,10,0.0,0.0,7.835164835,12,2,6.0,1.332667333,4,2.0,0.417082917,3,0.694999306,0.0,1.833166833,4,0.750665917,0,13.03725774,24.18,5.175703168,9.105,9.105,0.0,225,0,1.44
Mg0.167Ni0.167Cu0.167Co0.167Zn0.167Cr0.167O,298.0,7,16.50849151,22,9.252157433,8,8.0,74.23726274,38,12.74998728,87,87.0,2125.2,702.7628645,2180.0,14,3.833329508,2,0.916665752,2.578306693,1,1.999998004,10,3.889996118,10,0.0,0.0,7.167832168,10,2,6.0,0.999000999,2,2.0,0.834165834,5,1.250832085,0.0,2.0,6,0.834165834,0,11.19416833,13.785,2.412685092,9.105,9.105,0.0,229,0,1.64
Mg0.167Ni0.167Cu0.167Co0.167Zn0.167Ge0.167O,298.0,7,17.17582418,24,10.03015666,8,8.0,76.73976024,29,10.62707273,87,87.0,1713.2,612.6702219,1768.0,14,3.361829978,2,0.916665752,2.607502498,1,1.833331504,10,4.376245632,10,0.0,0.0,7.835164835,12,2,6.0,1.332667333,4,2.0,0.417082917,3,0.694999306,0.0,1.833166833,4,0.750665917,0,12.17973526,13.9,3.889847785,9.105,9.105,0.0,225,0,1.6
Sn0.525Ge0.15Pb0.75Mn0.275,900.0,4,58.48529412,57,20.7482699,25,82.0,75.82352941,29,7.707612457,81,81.0,1013.92,318.4354412,1519.0,7,1.898356401,2,0.71366782,2.061323529,0,0.542387543,5,1.355968858,10,6.176470588,14.0,19.04411765,21,7,28.0,3.352941176,4,4.0,0.808823529,5,1.355968858,0.0,4.161764706,1,0.271193772,4,26.407036,22.79741379,5.750769523,10.48758621,28.11,0.0,225,0,0.32
Lu2Zr2O7,298.0,3,25.27272727,63,21.98347107,8,8.0,70.81818182,46,20.59504132,87,87.0,2073.2,915.0677686,2128.0,13,5.785123967,4,1.619834711,2.661818182,0,1.851239669,2,0.694214876,2,2.545454545,0.0,7.636363636,13,4,6.0,1.272727273,2,2.0,3.090909091,9,3.933884298,0.0,4.363636364,7,3.008264463,2,15.25954545,19.76,7.833057851,9.105,9.105,0.0,194,1,2.6
Lu2Zr2O7,500.0,3,25.27272727,63,21.98347107,8,8.0,70.81818182,46,20.59504132,87,87.0,2073.2,915.0677686,2128.0,13,5.785123967,4,1.619834711,2.661818182,0,1.851239669,2,0.694214876,2,2.545454545,0.0,7.636363636,13,4,6.0,1.272727273,2,2.0,3.090909091,9,3.933884298,0.0,4.363636364,7,3.008264463,2,15.25954545,19.76,7.833057851,9.105,9.105,0.0,194,1,1.85
Lu2Zr2O7,700.0,3,25.27272727,63,21.98347107,8,8.0,70.81818182,46,20.59504132,87,87.0,2073.2,915.0677686,2128.0,13,5.785123967,4,1.619834711,2.661818182,0,1.851239669,2,0.694214876,2,2.545454545,0.0,7.636363636,13,4,6.0,1.272727273,2,2.0,3.090909091,9,3.933884298,0.0,4.363636364,7,3.008264463,2,15.25954545,19.76,7.833057851,9.105,9.105,0.0,194,1,1.7
Lu2Zr2O7,900.0,3,25.27272727,63,21.98347107,8,8.0,70.81818182,46,20.59504132,87,87.0,2073.2,915.0677686,2128.0,13,5.785123967,4,1.619834711,2.661818182,0,1.851239669,2,0.694214876,2,2.545454545,0.0,7.636363636,13,4,6.0,1.272727273,2,2.0,3.090909091,9,3.933884298,0.0,4.363636364,7,3.008264463,2,15.25954545,19.76,7.833057851,9.105,9.105,0.0,194,1,1.85
Lu2Zr2O7,1100.0,3,25.27272727,63,21.98347107,8,8.0,70.81818182,46,20.59504132,87,87.0,2073.2,915.0677686,2128.0,13,5.785123967,4,1.619834711,2.661818182,0,1.851239669,2,0.694214876,2,2.545454545,0.0,7.636363636,13,4,6.0,1.272727273,2,2.0,3.090909091,9,3.933884298,0.0,4.363636364,7,3.008264463,2,15.25954545,19.76,7.833057851,9.105,9.105,0.0,194,1,2.0
Lu2Zr2O7,1300.0,3,25.27272727,63,21.98347107,8,8.0,70.81818182,46,20.59504132,87,87.0,2073.2,915.0677686,2128.0,13,5.785123967,4,1.619834711,2.661818182,0,1.851239669,2,0.694214876,2,2.545454545,0.0,7.636363636,13,4,6.0,1.272727273,2,2.0,3.090909091,9,3.933884298,0.0,4.363636364,7,3.008264463,2,15.25954545,19.76,7.833057851,9.105,9.105,0.0,194,1,2.2
Sm2Zr2O7,298.0,3,23.63636364,54,19.90082645,8,8.0,67.54545455,64,24.76033058,87,87.0,2073.2,778.307438,2128.0,13,5.785123967,4,1.619834711,2.643636364,0,1.851239669,2,0.595041322,2,1.090909091,0.0,6.0,4,4,6.0,1.272727273,2,2.0,1.454545455,8,2.380165289,1.454545455,4.181818182,6,2.776859504,2,16.05318182,24.125,8.843140496,9.105,9.105,0.0,194,1,2.0
Sm2Zr2O7,500.0,3,23.63636364,54,19.90082645,8,8.0,67.54545455,64,24.76033058,87,87.0,2073.2,778.307438,2128.0,13,5.785123967,4,1.619834711,2.643636364,0,1.851239669,2,0.595041322,2,1.090909091,0.0,6.0,4,4,6.0,1.272727273,2,2.0,1.454545455,8,2.380165289,1.454545455,4.181818182,6,2.776859504,2,16.05318182,24.125,8.843140496,9.105,9.105,0.0,194,1,1.7
Sm2Zr2O7,700.0,3,23.63636364,54,19.90082645,8,8.0,67.54545455,64,24.76033058,87,87.0,2073.2,778.307438,2128.0,13,5.785123967,4,1.619834711,2.643636364,0,1.851239669,2,0.595041322,2,1.090909091,0.0,6.0,4,4,6.0,1.272727273,2,2.0,1.454545455,8,2.380165289,1.454545455,4.181818182,6,2.776859504,2,16.05318182,24.125,8.843140496,9.105,9.105,0.0,194,1,1.6
Sm2Zr2O7,900.0,3,23.63636364,54,19.90082645,8,8.0,67.54545455,64,24.76033058,87,87.0,2073.2,778.307438,2128.0,13,5.785123967,4,1.619834711,2.643636364,0,1.851239669,2,0.595041322,2,1.090909091,0.0,6.0,4,4,6.0,1.272727273,2,2.0,1.454545455,8,2.380165289,1.454545455,4.181818182,6,2.776859504,2,16.05318182,24.125,8.843140496,9.105,9.105,0.0,194,1,1.6
Sm2Zr2O7,1100.0,3,23.63636364,54,19.90082645,8,8.0,67.54545455,64,24.76033058,87,87.0,2073.2,778.307438,2128.0,13,5.785123967,4,1.619834711,2.643636364,0,1.851239669,2,0.595041322,2,1.090909091,0.0,6.0,4,4,6.0,1.272727273,2,2.0,1.454545455,8,2.380165289,1.454545455,4.181818182,6,2.776859504,2,16.05318182,24.125,8.843140496,9.105,9.105,0.0,194,1,1.75
Sm2Zr2O7,1300.0,3,23.63636364,54,19.90082645,8,8.0,67.54545455,64,24.76033058,87,87.0,2073.2,778.307438,2128.0,13,5.785123967,4,1.619834711,2.643636364,0,1.851239669,2,0.595041322,2,1.090909091,0.0,6.0,4,4,6.0,1.272727273,2,2.0,1.454545455,8,2.380165289,1.454545455,4.181818182,6,2.776859504,2,16.05318182,24.125,8.843140496,9.105,9.105,0.0,194,1,1.8
La2Zr2O7,298.0,3,22.72727273,49,18.74380165,8,8.0,65.72727273,74,27.07438017,87,87.0,2073.2,743.1338843,2128.0,13,5.785123967,4,1.619834711,2.630909091,0,1.851239669,2,0.694214876,2,0.0,0.0,5.090909091,3,3,6.0,1.272727273,2,2.0,3.090909091,9,3.933884298,0.0,4.363636364,7,3.008264463,2,16.72,27.7925,9.691818182,9.105,9.105,0.0,194,1,2.6
La2Zr2O7,500.0,3,22.72727273,49,18.74380165,8,8.0,65.72727273,74,27.07438017,87,87.0,2073.2,743.1338843,2128.0,13,5.785123967,4,1.619834711,2.630909091,0,1.851239669,2,0.694214876,2,0.0,0.0,5.090909091,3,3,6.0,1.272727273,2,2.0,3.090909091,9,3.933884298,0.0,4.363636364,7,3.008264463,2,16.72,27.7925,9.691818182,9.105,9.105,0.0,194,1,2.4
La2Zr2O7,700.0,3,22.72727273,49,18.74380165,8,8.0,65.72727273,74,27.07438017,87,87.0,2073.2,743.1338843,2128.0,13,5.785123967,4,1.619834711,2.630909091,0,1.851239669,2,0.694214876,2,0.0,0.0,5.090909091,3,3,6.0,1.272727273,2,2.0,3.090909091,9,3.933884298,0.0,4.363636364,7,3.008264463,2,16.72,27.7925,9.691818182,9.105,9.105,0.0,194,1,2.25
La2Zr2O7,900.0,3,22.72727273,49,18.74380165,8,8.0,65.72727273,74,27.07438017,87,87.0,2073.2,743.1338843,2128.0,13,5.785123967,4,1.619834711,2.630909091,0,1.851239669,2,0.694214876,2,0.0,0.0,5.090909091,3,3,6.0,1.272727273,2,2.0,3.090909091,9,3.933884298,0.0,4.363636364,7,3.008264463,2,16.72,27.7925,9.691818182,9.105,9.105,0.0,194,1,2.0
La2Zr2O7,1100.0,3,22.72727273,49,18.74380165,8,8.0,65.72727273,74,27.07438017,87,87.0,2073.2,743.1338843,2128.0,13,5.785123967,4,1.619834711,2.630909091,0,1.851239669,2,0.694214876,2,0.0,0.0,5.090909091,3,3,6.0,1.272727273,2,2.0,3.090909091,9,3.933884298,0.0,4.363636364,7,3.008264463,2,16.72,27.7925,9.691818182,9.105,9.105,0.0,194,1,1.75
La2Zr2O7,1300.0,3,22.72727273,49,18.74380165,8,8.0,65.72727273,74,27.07438017,87,87.0,2073.2,743.1338843,2128.0,13,5.785123967,4,1.619834711,2.630909091,0,1.851239669,2,0.694214876,2,0.0,0.0,5.090909091,3,3,6.0,1.272727273,2,2.0,3.090909091,9,3.933884298,0.0,4.363636364,7,3.008264463,2,16.72,27.7925,9.691818182,9.105,9.105,0.0,194,1,1.6
LaYbZr2O7,298.0,4,23.90909091,62,20.24793388,8,8.0,68.09090909,74,24.0661157,87,87.0,2073.2,731.4479339,2128.0,13,5.785123967,4,1.619834711,2.645454545,0,1.851239669,2,0.661157025,2,1.272727273,0.0,6.272727273,13,3,6.0,1.272727273,2,2.0,2.272727273,9,3.305785124,0.0,3.545454545,9,2.611570248,0,16.4675,27.7925,9.370454545,9.105,9.105,0.0,225,1,1.3
LaYbZr2O7,500.0,4,23.90909091,62,20.24793388,8,8.0,68.09090909,74,24.0661157,87,87.0,2073.2,731.4479339,2128.0,13,5.785123967,4,1.619834711,2.645454545,0,1.851239669,2,0.661157025,2,1.272727273,0.0,6.272727273,13,3,6.0,1.272727273,2,2.0,2.272727273,9,3.305785124,0.0,3.545454545,9,2.611570248,0,16.4675,27.7925,9.370454545,9.105,9.105,0.0,225,1,1.4
LaYbZr2O7,700.0,4,23.90909091,62,20.24793388,8,8.0,68.09090909,74,24.0661157,87,87.0,2073.2,731.4479339,2128.0,13,5.785123967,4,1.619834711,2.645454545,0,1.851239669,2,0.661157025,2,1.272727273,0.0,6.272727273,13,3,6.0,1.272727273,2,2.0,2.272727273,9,3.305785124,0.0,3.545454545,9,2.611570248,0,16.4675,27.7925,9.370454545,9.105,9.105,0.0,225,1,1.45
LaYbZr2O7,900.0,4,23.90909091,62,20.24793388,8,8.0,68.09090909,74,24.0661157,87,87.0,2073.2,731.4479339,2128.0,13,5.785123967,4,1.619834711,2.645454545,0,1.851239669,2,0.661157025,2,1.272727273,0.0,6.272727273,13,3,6.0,1.272727273,2,2.0,2.272727273,9,3.305785124,0.0,3.545454545,9,2.611570248,0,16.4675,27.7925,9.370454545,9.105,9.105,0.0,225,1,1.4
LaYbZr2O7,1100.0,4,23.90909091,62,20.24793388,8,8.0,68.09090909,74,24.0661157,87,87.0,2073.2,731.4479339,2128.0,13,5.785123967,4,1.619834711,2.645454545,0,1.851239669,2,0.661157025,2,1.272727273,0.0,6.272727273,13,3,6.0,1.272727273,2,2.0,2.272727273,9,3.305785124,0.0,3.545454545,9,2.611570248,0,16.4675,27.7925,9.370454545,9.105,9.105,0.0,225,1,1.35
La0.4Nd0.4Sm0.4Gd0.4Yb0.4Zr2O7,298.0,7,23.74545455,62,20.03966942,8,8.0,67.76363636,74,24.48264463,87,87.0,2073.2,768.3570248,2128.0,13,5.785123967,4,1.619834711,2.644363636,0,1.851239669,2,0.650578512,2,1.127272727,0.0,6.109090909,13,3,6.0,1.272727273,2,2.0,2.109090909,9,3.14446281,0.909090909,4.290909091,16,3.227768595,0,16.23345455,27.7925,9.072578512,9.105,9.105,0.0,225,1,1.6
La0.4Nd0.4Sm0.4Gd0.4Yb0.4Zr2O7,500.0,7,23.74545455,62,20.03966942,8,8.0,67.76363636,74,24.48264463,87,87.0,2073.2,768.3570248,2128.0,13,5.785123967,4,1.619834711,2.644363636,0,1.851239669,2,0.650578512,2,1.127272727,0.0,6.109090909,13,3,6.0,1.272727273,2,2.0,2.109090909,9,3.14446281,0.909090909,4.290909091,16,3.227768595,0,16.23345455,27.7925,9.072578512,9.105,9.105,0.0,225,1,1.4
La0.4Nd0.4Sm0.4Gd0.4Yb0.4Zr2O7,700.0,7,23.74545455,62,20.03966942,8,8.0,67.76363636,74,24.48264463,87,87.0,2073.2,768.3570248,2128.0,13,5.785123967,4,1.619834711,2.644363636,0,1.851239669,2,0.650578512,2,1.127272727,0.0,6.109090909,13,3,6.0,1.272727273,2,2.0,2.109090909,9,3.14446281,0.909090909,4.290909091,16,3.227768595,0,16.23345455,27.7925,9.072578512,9.105,9.105,0.0,225,1,1.35
La0.4Nd0.4Sm0.4Gd0.4Yb0.4Zr2O7,900.0,7,23.74545455,62,20.03966942,8,8.0,67.76363636,74,24.48264463,87,87.0,2073.2,768.3570248,2128.0,13,5.785123967,4,1.619834711,2.644363636,0,1.851239669,2,0.650578512,2,1.127272727,0.0,6.109090909,13,3,6.0,1.272727273,2,2.0,2.109090909,9,3.14446281,0.909090909,4.290909091,16,3.227768595,0,16.23345455,27.7925,9.072578512,9.105,9.105,0.0,225,1,1.2
La0.4Nd0.4Sm0.4Gd0.4Yb0.4Zr2O7,1100.0,7,23.74545455,62,20.03966942,8,8.0,67.76363636,74,24.48264463,87,87.0,2073.2,768.3570248,2128.0,13,5.785123967,4,1.619834711,2.644363636,0,1.851239669,2,0.650578512,2,1.127272727,0.0,6.109090909,13,3,6.0,1.272727273,2,2.0,2.109090909,9,3.14446281,0.909090909,4.290909091,16,3.227768595,0,16.23345455,27.7925,9.072578512,9.105,9.105,0.0,225,1,1.0
La0.4Nd0.4Sm0.4Gd0.4Yb0.4Zr2O7,1300.0,7,23.74545455,62,20.03966942,8,8.0,67.76363636,74,24.48264463,87,87.0,2073.2,768.3570248,2128.0,13,5.785123967,4,1.619834711,2.644363636,0,1.851239669,2,0.650578512,2,1.127272727,0.0,6.109090909,13,3,6.0,1.272727273,2,2.0,2.109090909,9,3.14446281,0.909090909,4.290909091,16,3.227768595,0,16.23345455,27.7925,9.072578512,9.105,9.105,0.0,225,1,0.9
La0.66Sm0.66Yb0.66Zr2O7,298.0,5,23.74681239,62,20.07790286,8,8.0,67.98724954,74,24.24212262,87,87.0,2073.2,747.1088683,2128.0,13,5.776025959,4,1.616451173,2.647522769,0,1.848699905,2,0.643183002,2,1.202185792,0.0,6.176684882,13,3,6.0,1.275045537,2,2.0,1.998178506,9,3.02820495,0.480874317,3.754098361,9,2.687867658,0,16.29584244,27.7925,9.168651564,9.105,9.105,0.0,225,0,1.65
La0.66Sm0.66Yb0.66Zr2O7,500.0,5,23.74681239,62,20.07790286,8,8.0,67.98724954,74,24.24212262,87,87.0,2073.2,747.1088683,2128.0,13,5.776025959,4,1.616451173,2.647522769,0,1.848699905,2,0.643183002,2,1.202185792,0.0,6.176684882,13,3,6.0,1.275045537,2,2.0,1.998178506,9,3.02820495,0.480874317,3.754098361,9,2.687867658,0,16.29584244,27.7925,9.168651564,9.105,9.105,0.0,225,0,1.6
La0.66Sm0.66Yb0.66Zr2O7,700.0,5,23.74681239,62,20.07790286,8,8.0,67.98724954,74,24.24212262,87,87.0,2073.2,747.1088683,2128.0,13,5.776025959,4,1.616451173,2.647522769,0,1.848699905,2,0.643183002,2,1.202185792,0.0,6.176684882,13,3,6.0,1.275045537,2,2.0,1.998178506,9,3.02820495,0.480874317,3.754098361,9,2.687867658,0,16.29584244,27.7925,9.168651564,9.105,9.105,0.0,225,0,1.5
La0.66Sm0.66Yb0.66Zr2O7,900.0,5,23.74681239,62,20.07790286,8,8.0,67.98724954,74,24.24212262,87,87.0,2073.2,747.1088683,2128.0,13,5.776025959,4,1.616451173,2.647522769,0,1.848699905,2,0.643183002,2,1.202185792,0.0,6.176684882,13,3,6.0,1.275045537,2,2.0,1.998178506,9,3.02820495,0.480874317,3.754098361,9,2.687867658,0,16.29584244,27.7925,9.168651564,9.105,9.105,0.0,225,0,1.45
La0.66Sm0.66Yb0.66Zr2O7,1100.0,5,23.74681239,62,20.07790286,8,8.0,67.98724954,74,24.24212262,87,87.0,2073.2,747.1088683,2128.0,13,5.776025959,4,1.616451173,2.647522769,0,1.848699905,2,0.643183002,2,1.202185792,0.0,6.176684882,13,3,6.0,1.275045537,2,2.0,1.998178506,9,3.02820495,0.480874317,3.754098361,9,2.687867658,0,16.29584244,27.7925,9.168651564,9.105,9.105,0.0,225,0,1.4
La0.66Sm0.66Yb0.66Zr2O7,1300.0,5,23.74681239,62,20.07790286,8,8.0,67.98724954,74,24.24212262,87,87.0,2073.2,747.1088683,2128.0,13,5.776025959,4,1.616451173,2.647522769,0,1.848699905,2,0.643183002,2,1.202185792,0.0,6.176684882,13,3,6.0,1.275045537,2,2.0,1.998178506,9,3.02820495,0.480874317,3.754098361,9,2.687867658,0,16.29584244,27.7925,9.168651564,9.105,9.105,0.0,225,0,1.3
Yb2Zr2O7,298.0,3,25.09090909,62,21.75206612,8,8.0,70.45454545,48,21.05785124,87,87.0,2073.2,719.7619835,2128.0,13,5.785123967,4,1.619834711,2.66,0,1.851239669,2,0.595041322,2,2.545454545,0.0,7.454545455,12,4,6.0,1.272727273,2,2.0,1.454545455,8,2.380165289,0.0,2.727272727,8,1.917355372,0,16.215,25.015,9.049090909,9.105,9.105,0.0,225,1,2.2
Yb2Zr2O7,500.0,3,25.09090909,62,21.75206612,8,8.0,70.45454545,48,21.05785124,87,87.0,2073.2,719.7619835,2128.0,13,5.785123967,4,1.619834711,2.66,0,1.851239669,2,0.595041322,2,2.545454545,0.0,7.454545455,12,4,6.0,1.272727273,2,2.0,1.454545455,8,2.380165289,0.0,2.727272727,8,1.917355372,0,16.215,25.015,9.049090909,9.105,9.105,0.0,225,1,1.8
Yb2Zr2O7,700.0,3,25.09090909,62,21.75206612,8,8.0,70.45454545,48,21.05785124,87,87.0,2073.2,719.7619835,2128.0,13,5.785123967,4,1.619834711,2.66,0,1.851239669,2,0.595041322,2,2.545454545,0.0,7.454545455,12,4,6.0,1.272727273,2,2.0,1.454545455,8,2.380165289,0.0,2.727272727,8,1.917355372,0,16.215,25.015,9.049090909,9.105,9.105,0.0,225,1,1.75
Yb2Zr2O7,900.0,3,25.09090909,62,21.75206612,8,8.0,70.45454545,48,21.05785124,87,87.0,2073.2,719.7619835,2128.0,13,5.785123967,4,1.619834711,2.66,0,1.851239669,2,0.595041322,2,2.545454545,0.0,7.454545455,12,4,6.0,1.272727273,2,2.0,1.454545455,8,2.380165289,0.0,2.727272727,8,1.917355372,0,16.215,25.015,9.049090909,9.105,9.105,0.0,225,1,1.8
Yb2Zr2O7,1100.0,3,25.09090909,62,21.75206612,8,8.0,70.45454545,48,21.05785124,87,87.0,2073.2,719.7619835,2128.0,13,5.785123967,4,1.619834711,2.66,0,1.851239669,2,0.595041322,2,2.545454545,0.0,7.454545455,12,4,6.0,1.272727273,2,2.0,1.454545455,8,2.380165289,0.0,2.727272727,8,1.917355372,0,16.215,25.015,9.049090909,9.105,9.105,0.0,225,1,2.1
Yb2Zr2O7,1300.0,3,25.09090909,62,21.75206612,8,8.0,70.45454545,48,21.05785124,87,87.0,2073.2,719.7619835,2128.0,13,5.785123967,4,1.619834711,2.66,0,1.851239669,2,0.595041322,2,2.545454545,0.0,7.454545455,12,4,6.0,1.272727273,2,2.0,1.454545455,8,2.380165289,0.0,2.727272727,8,1.917355372,0,16.215,25.015,9.049090909,9.105,9.105,0.0,225,1,2.2
Sm0.4Eu0.4Tb0.4Dy0.4Lu0.4Zr2O7,1273.0,7,24.25454545,63,20.68760331,8,8.0,68.78181818,64,23.18677686,87,87.0,2073.2,822.968595,2128.0,13,5.785123967,4,1.619834711,2.651090909,0,1.851239669,2,0.625454545,2,1.672727273,0.0,6.618181818,13,4,6.0,1.272727273,2,2.0,1.781818182,9,2.786115702,0.872727273,3.927272727,7,2.452892562,2,15.88524242,27.355,8.629399449,9.105,9.105,0.0,229,1,0.86
Sm0.4Eu0.4Tb0.4Dy0.4Lu0.4Zr2O7,300.0,7,24.25454545,63,20.68760331,8,8.0,68.78181818,64,23.18677686,87,87.0,2073.2,822.968595,2128.0,13,5.785123967,4,1.619834711,2.651090909,0,1.851239669,2,0.625454545,2,1.672727273,0.0,6.618181818,13,4,6.0,1.272727273,2,2.0,1.781818182,9,2.786115702,0.872727273,3.927272727,7,2.452892562,2,15.88524242,27.355,8.629399449,9.105,9.105,0.0,229,1,1.45
Sm0.4Eu0.4Tb0.4Dy0.4Lu0.4Zr2O7,500.0,7,24.25454545,63,20.68760331,8,8.0,68.78181818,64,23.18677686,87,87.0,2073.2,822.968595,2128.0,13,5.785123967,4,1.619834711,2.651090909,0,1.851239669,2,0.625454545,2,1.672727273,0.0,6.618181818,13,4,6.0,1.272727273,2,2.0,1.781818182,9,2.786115702,0.872727273,3.927272727,7,2.452892562,2,15.88524242,27.355,8.629399449,9.105,9.105,0.0,229,1,1.2
Sm0.4Eu0.4Tb0.4Dy0.4Lu0.4Zr2O7,700.0,7,24.25454545,63,20.68760331,8,8.0,68.78181818,64,23.18677686,87,87.0,2073.2,822.968595,2128.0,13,5.785123967,4,1.619834711,2.651090909,0,1.851239669,2,0.625454545,2,1.672727273,0.0,6.618181818,13,4,6.0,1.272727273,2,2.0,1.781818182,9,2.786115702,0.872727273,3.927272727,7,2.452892562,2,15.88524242,27.355,8.629399449,9.105,9.105,0.0,229,1,1.1
Sm0.4Eu0.4Tb0.4Dy0.4Lu0.4Zr2O7,900.0,7,24.25454545,63,20.68760331,8,8.0,68.78181818,64,23.18677686,87,87.0,2073.2,822.968595,2128.0,13,5.785123967,4,1.619834711,2.651090909,0,1.851239669,2,0.625454545,2,1.672727273,0.0,6.618181818,13,4,6.0,1.272727273,2,2.0,1.781818182,9,2.786115702,0.872727273,3.927272727,7,2.452892562,2,15.88524242,27.355,8.629399449,9.105,9.105,0.0,229,1,1.0
Sm0.4Eu0.4Tb0.4Dy0.4Lu0.4Zr2O7,1100.0,7,24.25454545,63,20.68760331,8,8.0,68.78181818,64,23.18677686,87,87.0,2073.2,822.968595,2128.0,13,5.785123967,4,1.619834711,2.651090909,0,1.851239669,2,0.625454545,2,1.672727273,0.0,6.618181818,13,4,6.0,1.272727273,2,2.0,1.781818182,9,2.786115702,0.872727273,3.927272727,7,2.452892562,2,15.88524242,27.355,8.629399449,9.105,9.105,0.0,229,1,0.8
Sm0.66Eu0.66Dy0.66Zr2O7,298.0,5,23.86703097,58,20.23118702,8,8.0,68.2276867,64,23.93555429,87,87.0,2073.2,785.0466986,2128.0,13,5.776025959,4,1.616451173,2.650227687,0,1.848699905,2,0.595883889,2,1.382513661,0.0,6.296903461,8,4,6.0,1.275045537,2,2.0,1.4571949,8,2.383535556,1.142076503,3.87431694,6,2.38983945,2,16.09642987,27.355,8.914391459,9.105,9.105,0.0,229,0,1.9
Sm0.66Eu0.66Dy0.66Zr2O7,500.0,5,23.86703097,58,20.23118702,8,8.0,68.2276867,64,23.93555429,87,87.0,2073.2,785.0466986,2128.0,13,5.776025959,4,1.616451173,2.650227687,0,1.848699905,2,0.595883889,2,1.382513661,0.0,6.296903461,8,4,6.0,1.275045537,2,2.0,1.4571949,8,2.383535556,1.142076503,3.87431694,6,2.38983945,2,16.09642987,27.355,8.914391459,9.105,9.105,0.0,229,0,1.7
Sm0.66Eu0.66Dy0.66Zr2O7,700.0,5,23.86703097,58,20.23118702,8,8.0,68.2276867,64,23.93555429,87,87.0,2073.2,785.0466986,2128.0,13,5.776025959,4,1.616451173,2.650227687,0,1.848699905,2,0.595883889,2,1.382513661,0.0,6.296903461,8,4,6.0,1.275045537,2,2.0,1.4571949,8,2.383535556,1.142076503,3.87431694,6,2.38983945,2,16.09642987,27.355,8.914391459,9.105,9.105,0.0,229,0,1.6
Sm0.66Eu0.66Dy0.66Zr2O7,900.0,5,23.86703097,58,20.23118702,8,8.0,68.2276867,64,23.93555429,87,87.0,2073.2,785.0466986,2128.0,13,5.776025959,4,1.616451173,2.650227687,0,1.848699905,2,0.595883889,2,1.382513661,0.0,6.296903461,8,4,6.0,1.275045537,2,2.0,1.4571949,8,2.383535556,1.142076503,3.87431694,6,2.38983945,2,16.09642987,27.355,8.914391459,9.105,9.105,0.0,229,0,1.55
Sm0.66Eu0.66Dy0.66Zr2O7,1100.0,5,23.86703097,58,20.23118702,8,8.0,68.2276867,64,23.93555429,87,87.0,2073.2,785.0466986,2128.0,13,5.776025959,4,1.616451173,2.650227687,0,1.848699905,2,0.595883889,2,1.382513661,0.0,6.296903461,8,4,6.0,1.275045537,2,2.0,1.4571949,8,2.383535556,1.142076503,3.87431694,6,2.38983945,2,16.09642987,27.355,8.914391459,9.105,9.105,0.0,229,0,1.5
Sm0.66Eu0.66Dy0.66Zr2O7,1300.0,5,23.86703097,58,20.23118702,8,8.0,68.2276867,64,23.93555429,87,87.0,2073.2,785.0466986,2128.0,13,5.776025959,4,1.616451173,2.650227687,0,1.848699905,2,0.595883889,2,1.382513661,0.0,6.296903461,8,4,6.0,1.275045537,2,2.0,1.4571949,8,2.383535556,1.142076503,3.87431694,6,2.38983945,2,16.09642987,27.355,8.914391459,9.105,9.105,0.0,229,0,1.45
Zr0.92O1.84Y0.16O0.24,298.0,3,18.88607595,32,14.33103669,8,8.0,70.6835443,75,21.47989104,87,87.0,2073.2,910.8606954,2128.0,13,5.465790739,3,1.349783689,2.713291139,0,1.799711585,2,0.833199808,2,0.0,0.0,5.265822785,3,3,6.0,1.316455696,2,2.0,2.784810127,9,3.666079154,0.0,4.101265823,7,2.766223362,2,14.38487342,23.26,6.950719436,9.105,9.105,0.0,194,1,2.02
Hf0.25Zr0.25Ce0.25Y0.25O2,298.0,5,22.75,64,19.66666667,8,8.0,67.66666667,75,25.77777778,87,87.0,2451.2,809.4222222,2506.0,13,5.555555556,4,1.555555556,2.7075,0,1.777777778,2,0.666666667,2,1.25,0.0,6.416666667,15,3,6.0,1.333333333,2,2.0,2.833333333,9,3.777777778,1.083333333,5.25,20,4.333333333,2,15.65333333,28.135,8.731111111,9.105,9.105,0.0,194,0,1.74
Hf0.25Zr0.25Ce0.25Y0.125Yb0.125O2,298.0,6,24.04166667,64,21.38888889,8,8.0,68.79166667,75,24.27777778,87,87.0,2451.2,770.1444444,2506.0,13,5.555555556,4,1.611111111,2.709166667,0,1.777777778,2,0.649305556,2,1.833333333,0.0,6.958333333,15,3,6.0,1.333333333,2,2.0,2.458333333,9,3.482638889,1.083333333,4.875,22,4.239583333,0,15.72645833,28.135,8.828611111,9.105,9.105,0.0,225,0,1.55
Hf0.2Zr0.2Ce0.2Y0.2Yb0.2O2,298.0,6,23.93333333,64,21.24444444,8,8.0,68.33333333,75,24.88888889,87,87.0,2451.2,739.7333333,2506.0,13,5.6,4,1.6,2.708666667,0,1.777777778,2,0.586666667,2,1.933333333,0.0,7.0,15,3,6.0,1.333333333,2,2.0,2.266666667,9,3.324444444,0.866666667,4.466666667,22,3.884444444,0,16.01133333,28.135,9.208444444,9.105,9.105,0.0,225,0,1.29
Hf0.25Zr0.25Ce0.25Y0.125Ca0.125O2,298.0,6,21.95833333,64,18.77430556,8,8.0,67.45833333,80,26.05555556,87,87.0,2451.2,771.4222222,2506.0,14,5.611111111,4,1.5,2.698333333,0,1.777777778,2,0.649305556,2,1.25,0.0,6.375,16,2,6.0,1.333333333,2,2.0,2.458333333,9,3.482638889,1.083333333,4.875,22,4.239583333,0,15.87854167,28.665,9.031388889,9.105,9.105,0.0,225,0,1.1
Hf0.25Zr0.25Ce0.25Y0.125Gd0.125O2,298.0,6,23.79166667,64,21.05555556,8,8.0,68.29166667,75,24.94444444,87,87.0,2451.2,797.5888889,2506.0,13,5.555555556,4,1.611111111,2.706666667,0,1.777777778,2,0.666666667,2,1.541666667,0.0,6.708333333,15,3,6.0,1.333333333,2,2.0,2.833333333,9,3.777777778,1.375,5.541666667,20,4.722222222,2,15.64020833,28.135,8.713611111,9.105,9.105,0.0,194,0,1.17
Hf0.2Zr0.2Ce0.2Y0.2Gd0.2O2,298.0,6,23.53333333,64,20.71111111,8,8.0,67.53333333,75,25.95555556,87,87.0,2451.2,783.6444444,2506.0,13,5.6,4,1.6,2.704666667,0,1.777777778,2,0.622222222,2,1.466666667,0.0,6.6,15,3,6.0,1.333333333,2,2.0,2.866666667,9,3.822222222,1.333333333,5.533333333,20,4.711111111,2,15.87333333,28.135,9.024444444,9.105,9.105,0.0,194,0,1.61
Hf0.25Zr0.25Ce0.25Yb0.125Gd0.125O2,298.0,6,25.08333333,64,22.77777778,8,8.0,69.41666667,72,23.44444444,87,87.0,2451.2,758.3111111,2506.0,13,5.555555556,4,1.666666667,2.708333333,0,1.777777778,2,0.649305556,2,2.125,0.0,7.25,14,4,6.0,1.333333333,2,2.0,2.458333333,9,3.482638889,1.375,5.166666667,22,4.652777778,0,15.71333333,28.135,8.811111111,9.105,9.105,0.0,225,0,1.81
Hf0.2Zr0.2Ce0.2Yb0.2Gd0.2O2,298.0,6,25.6,64,23.46666667,8,8.0,69.33333333,72,23.55555556,87,87.0,2451.2,720.8,2506.0,13,5.6,4,1.688888889,2.707333333,0,1.777777778,2,0.586666667,2,2.4,0.0,7.466666667,14,4,6.0,1.333333333,2,2.0,2.266666667,9,3.324444444,1.333333333,4.933333333,22,4.568888889,0,15.99033333,28.135,9.180444444,9.105,9.105,0.0,225,0,1.62
Cu1.92S,300.0,2,24.54794521,13,5.85475699,16,29.0,72.21917808,24,10.80878214,88,64.0,969.41,436.5892287,1357.77,5,2.251829612,1,0.450365922,2.132876712,1,1.801463689,10,4.503659223,10,0.0,0.0,9.287671233,5,6,11.0,0.684931507,2,0.0,0.0,0,0.0,0.0,1.342465753,1,0.450365922,1,16.11002568,14.716875,6.627978983,11.07,11.07,0.0,225,0,1.06
Cu1.9Se,300.0,2,30.72413793,5,2.25921522,29,29.0,72.62068966,25,11.2960761,89,64.0,863.77,390.2884661,1357.77,5,2.25921522,0,0.0,2.124137931,1,1.807372176,0,0.0,10,0.0,0.0,12.72413793,5,11,11.0,0.689655172,2,0.0,0.0,0,0.0,0.0,1.344827586,1,0.451843044,1,16.19068966,14.85,6.709869203,11.07,11.07,0.0,225,0,2.16
Cu2Te,300.0,2,36.66666667,23,10.22222222,29,29.0,72.66666667,26,11.55555556,90,64.0,635.11,282.2711111,1357.77,5,2.222222222,1,0.444444444,1.966666667,1,1.777777778,0,0.0,10,0.0,0.0,12.66666667,5,11,11.0,0.666666667,2,0.0,0.0,0,0.0,0.0,1.333333333,1,0.444444444,1,18.96777778,23.69333333,10.53037037,11.07,11.07,0.0,225,1,2.08
Cu2Se0.8Te0.2,300.0,3,31.86666667,23,3.822222222,29,29.0,72.4,26,11.2,90,64.0,863.77,363.5724444,1357.77,5,2.222222222,1,0.124444444,2.086666667,1,1.777777778,0,0.0,10,0.0,0.0,12.66666667,5,11,11.0,0.666666667,2,0.0,0.0,0,0.0,0.0,1.333333333,1,0.444444444,1,16.60955556,23.69333333,7.386074074,11.07,11.07,0.0,225,1,1.37
Cu2Se0.5Te0.5,300.0,3,33.66666667,23,6.222222222,29,29.0,72.5,26,11.33333333,90,64.0,863.77,333.0844444,1357.77,5,2.222222222,1,0.277777778,2.041666667,1,1.777777778,0,1.78e-15,10,0.0,0.0,12.66666667,5,11,11.0,0.666666667,2,0.0,0.0,0,0.0,0.0,1.333333333,1,0.444444444,1,17.49388889,23.69333333,8.565185185,11.07,11.07,0.0,225,1,1.03
Cu2S0.50Te0.50,300.0,3,30.66666667,36,7.111111111,16,29.0,72.33333333,26,11.11111111,90,64.0,969.41,356.56,1357.77,5,2.222222222,2,0.333333333,2.046666667,1,1.777777778,10,2.777777778,10,0.0,0.0,11.0,10,6,11.0,0.666666667,2,0.0,0.0,0,0.0,0.0,1.333333333,1,0.444444444,1,17.47170139,23.69333333,8.535601852,11.07,11.07,0.0,225,1,0.52
Cu2S0.52Te0.48,300.0,3,30.42666667,36,6.903466667,16,29.0,72.32,26,11.09333333,90,64.0,969.41,359.5315556,1357.77,5,2.222222222,2,0.342044444,2.049866667,1,1.777777778,10,2.865777778,10,0.0,0.0,10.93333333,10,6,11.0,0.666666667,2,0.0,0.0,0,0.0,0.0,1.333333333,1,0.444444444,1,17.41185833,23.69333333,8.455811111,11.07,11.07,0.0,225,1,0.48
Cu2S0.54Te0.46,300.0,3,30.18666667,36,6.689422222,16,29.0,72.30666667,26,11.07555556,90,64.0,969.41,362.5031111,1357.77,5,2.222222222,2,0.3504,2.053066667,1,1.777777778,10,2.952,10,0.0,0.0,10.86666667,10,6,11.0,0.666666667,2,0.0,0.0,0,0.0,0.0,1.333333333,1,0.444444444,1,17.35201528,23.69333333,8.37602037,11.07,11.07,0.0,225,1,0.41
Cu1.94S0.5Se0.5,300.0,3,27.63945578,18,3.958998565,16,29.0,72.33333333,25,10.99773243,89,64.0,969.41,411.44537,1357.77,5,2.244435189,1,0.282289787,2.126190476,1,1.795548151,10,2.822897867,10,0.0,0.0,11.0,10,6,11.0,0.680272109,2,0.0,0.0,0,0.0,0.0,1.340136054,1,0.448887038,1,16.0983801,14.85,6.636093468,11.07,11.07,0.0,225,0,0.67
Cu2S0.333Se0.333Te0.333,300.0,4,30.66555519,36,5.478319604,16,29.0,72.32777593,26,11.1074037,90,64.0,969.41,365.5505798,1357.77,5,2.22148074,2,0.222074025,2.069886629,1,1.777184592,10,1.974155885,10,0.0,0.0,11.55518506,10,6,11.0,0.666222074,2,0.0,0.0,0,0.0,0.0,1.333111037,1,0.444296148,1,16.98385441,23.69333333,7.887768469,11.07,11.07,0.0,225,0,0.35
Cu1.95Ag0.05S0.333Se0.333Te0.333,300.0,5,30.96565522,36,5.879687138,16,29.0,72.34444815,26,11.0962963,90,64.0,969.41,364.1861463,1357.77,5,2.22148074,2,0.251160079,2.070386796,1,1.777184592,10,1.974155885,10,0.0,0.0,11.55518506,10,6,11.0,0.666222074,2,0.0,0.0,0,0.0,0.0,1.333111037,1,0.444296148,1,17.07155031,23.69333333,7.829343526,11.07,11.07,0.0,225,0,0.39
CuInTe2,300.0,3,45.5,23,8.25,29,52.0,79.75,26,10.25,90,90.0,928.02,274.78,1357.77,5,2.0,1,0.375,1.97,1,1.75,0,0.0,10,0.0,0.0,14.0,5,11,16.0,2.25,5,2.0,0.0,0,0.0,0.0,2.5,4,1.25,1,26.21416667,23.69333333,8.549166667,11.07,34.76333333,0.464,225,1,6.03
Cu0.99GaTe2,300.0,3,41.03007519,23,10.99741836,29,52.0,79.53884712,26,10.48737131,90,90.0,1054.86,289.1727062,1357.77,5,1.99747489,1,0.499996859,1.977694236,1,1.748732734,0,0.0,10,0.0,0.0,14.0075188,5,11,16.0,2.255639098,5,2.0,0.0,0,0.0,0.0,2.503759398,4,1.251248422,1,24.89811195,23.69333333,9.889946252,11.07,34.76333333,0.464,225,0,7.8
Cu0.99In0.5Ga0.5Te2,300.0,4,43.28571429,23,10.16827784,29,52.0,79.6641604,26,10.36174396,90,90.0,1054.86,281.2850924,1357.77,5,1.99747489,1,0.467961885,1.973934837,1,1.748732734,0,0.0,10,0.0,0.0,14.0075188,5,11,16.0,2.255639098,5,2.0,0.0,0,0.0,0.0,2.503759398,4,1.251248422,1,25.57511696,23.69333333,9.211244485,11.07,34.76333333,0.464,225,0,3.5
Cu0.88Ag0.1InTe2,300.0,4,46.03517588,23,7.533143102,29,52.0,79.85427136,26,10.1967122,90,90.0,928.02,267.344663,1357.77,5,1.994899119,1,0.344435747,1.971105528,1,1.74743062,0,0.0,10,0.0,0.0,14.01507538,5,11,16.0,2.261306533,5,2.0,0.0,0,0.0,0.0,2.507537688,4,1.252493624,1,26.42242881,23.69333333,8.382818616,11.07,34.76333333,0.464,225,0,2.84
Cu0.75Ag0.2InTe2,300.0,4,46.62025316,23,6.691235379,29,52.0,80.0,26,10.12658228,90,90.0,928.02,258.243743,1357.77,5,1.98686108,1,0.307643006,1.972405063,1,1.743310367,0,0.0,10,0.0,0.0,14.03797468,5,11,16.0,2.278481013,5,2.0,0.0,0,0.0,0.0,2.518987342,4,1.256208941,1,26.67219409,23.69333333,8.193558725,11.07,34.76333333,0.464,225,0,1.84
Cu0.88Ag0.1InTe2,300.0,4,46.03517588,23,7.533143102,29,52.0,79.85427136,26,10.1967122,90,90.0,928.02,267.344663,1357.77,5,1.994899119,1,0.344435747,1.971105528,1,1.74743062,0,0.0,10,0.0,0.0,14.01507538,5,11,16.0,2.261306533,5,2.0,0.0,0,0.0,0.0,2.507537688,4,1.252493624,1,26.42242881,23.69333333,8.382818616,11.07,34.76333333,0.464,225,0,2.9
Cu0.75Ag0.2InTe2,300.0,4,46.62025316,23,6.691235379,29,52.0,80.0,26,10.12658228,90,90.0,928.02,258.243743,1357.77,5,1.98686108,1,0.307643006,1.972405063,1,1.743310367,0,0.0,10,0.0,0.0,14.03797468,5,11,16.0,2.278481013,5,2.0,0.0,0,0.0,0.0,2.518987342,4,1.256208941,1,26.67219409,23.69333333,8.193558725,11.07,34.76333333,0.464,225,0,1.95
Cu0.9Ag0.1In0.5Ga0.5Te2,300.0,5,43.7,23,9.79,29,52.0,79.65,26,10.35,90,90.0,1054.86,278.101,1357.77,5,2.0,1,0.455,1.9745,1,1.75,0,0.0,10,0.0,0.0,14.0,5,11,16.0,2.25,5,2.0,0.0,0,0.0,0.0,2.5,4,1.25,1,25.67035417,23.69333333,9.092979167,11.07,34.76333333,0.464,225,1,2.58
Cu0.8Ag0.2In0.5Ga0.5Te2,300.0,5,44.15,23,9.3475,29,52.0,79.675,26,10.325,90,90.0,1054.86,273.4945,1357.77,5,2.0,1,0.43875,1.97525,1,1.75,0,0.0,10,0.0,0.0,14.0,5,11,16.0,2.25,5,2.0,0.0,0,0.0,0.0,2.5,4,1.25,1,25.80185417,23.69333333,8.961479167,11.07,34.76333333,0.464,225,1,1.9
Cu0.5Ag0.5In0.5Ga0.5Te2,300.0,5,45.5,23,7.75,29,52.0,79.75,26,10.25,90,90.0,1054.86,259.675,1357.77,5,2.0,1,0.375,1.9775,1,1.75,0,0.0,10,0.0,0.0,14.0,5,11,16.0,2.25,5,2.0,0.0,0,0.0,0.0,2.5,4,1.25,1,26.19635417,23.69333333,8.566979167,11.07,34.76333333,0.464,225,1,1.42
Mn0.25Ge0.25Sn0.25Pb0.25Te,300.0,5,49.625,57,10.5625,25,52.0,81.5,38,8.5,90,90.0,1013.92,262.179375,1519.0,9,1.875,2,0.4375,2.03125,0,1.25,5,1.09375,10,1.75,0.0,15.875,21,7,16.0,2.5,4,2.0,0.625,5,1.09375,0.0,3.125,3,1.125,2,29.24261494,24.27574713,6.531314655,10.48758621,34.76333333,0.464,225,1,1.15
Cu8GeSe6,300.0,3,31.2,5,2.346666667,29,29.0,75.0,25,11.73333333,89,64.0,863.77,406.8032,1357.77,5,2.346666667,0,0.0,2.167333333,1,1.848888889,0,0.0,10,0.0,0.0,13.2,5,11,11.0,1.066666667,4,0.0,0.0,0,0.0,0.0,1.6,3,0.64,1,17.80566667,14.85,7.184711111,11.07,11.07,0.0,225,1,0.31
Cu8GeSe5.7Te0.3,300.0,4,31.56,23,2.730666667,29,29.0,75.02,26,11.75466667,90,64.0,863.77,401.31536,1357.77,5,2.346666667,1,0.0392,2.158333333,1,1.848888889,0,0.0,10,0.0,0.0,13.2,5,11,11.0,1.066666667,4,0.0,0.0,0,0.0,0.0,1.6,3,0.64,1,17.98253333,23.69333333,7.373368889,11.07,11.07,0.0,225,1,0.29
Cu8GeSe5.4Te0.6,300.0,4,31.92,23,3.114666667,29,29.0,75.04,26,11.776,90,64.0,863.77,395.82752,1357.77,5,2.346666667,1,0.0768,2.149333333,1,1.848888889,0,0.0,10,0.0,0.0,13.2,5,11,11.0,1.066666667,4,0.0,0.0,0,0.0,0.0,1.6,3,0.64,1,18.1594,23.69333333,7.562026667,11.07,11.07,0.0,225,1,0.51
Cu7.6Ag0.4GeSe5.1Te0.9,300.0,5,32.76,23,3.911466667,29,29.0,75.08666667,26,11.77244444,90,64.0,863.77,387.7190933,1357.77,5,2.346666667,1,0.158311111,2.141133333,1,1.848888889,0,0.0,10,0.0,0.0,13.2,5,11,11.0,1.066666667,4,0.0,0.0,0,0.0,0.0,1.6,3,0.64,1,18.47653333,23.69333333,7.619768889,11.07,11.07,0.0,225,1,0.41
CaSrBaZr3O9,304.15,5,20.4,48,14.93333333,8,8.0,62.6,80,29.28,87,87.0,2073.2,737.616,2128.0,14,6.24,4,1.44,2.519333333,0,1.92,2,0.64,2,0.0,0.0,4.8,4,2,6.0,1.2,2,2.0,1.6,8,2.56,0.0,2.8,8,2.08,0,20.47466667,54.485,13.6436,9.105,9.105,0.0,229,1,1.466
CaSrBaZr3O9,304.05,5,20.4,48,14.93333333,8,8.0,62.6,80,29.28,87,87.0,2073.2,737.616,2128.0,14,6.24,4,1.44,2.519333333,0,1.92,2,0.64,2,0.0,0.0,4.8,4,2,6.0,1.2,2,2.0,1.6,8,2.56,0.0,2.8,8,2.08,0,20.47466667,54.485,13.6436,9.105,9.105,0.0,229,1,1.292
CaSrBaZr3O9,303.75,5,20.4,48,14.93333333,8,8.0,62.6,80,29.28,87,87.0,2073.2,737.616,2128.0,14,6.24,4,1.44,2.519333333,0,1.92,2,0.64,2,0.0,0.0,4.8,4,2,6.0,1.2,2,2.0,1.6,8,2.56,0.0,2.8,8,2.08,0,20.47466667,54.485,13.6436,9.105,9.105,0.0,229,1,1.089
Ce0.2Zr0.2Hf0.2Sn0.2Ti0.2O2,298.0,6,21.46666667,64,17.95555556,8,8.0,73.13333333,72,19.40444444,87,87.0,2451.2,710.1660444,2506.0,13,4.72,4,1.422222222,2.776666667,0,1.6,10,1.528888889,10,1.0,0.0,6.933333333,14,4,6.0,1.6,4,2.0,2.2,9,3.226666667,0.866666667,4.666666667,20,3.644444444,2,14.91066667,28.135,7.740888889,9.105,9.105,0.0,194,1,1.28
BaZrO3,1273.15,3,24.0,48,19.2,8,8.0,62.8,78,29.04,87,87.0,2073.2,724.416,2128.0,14,6.24,4,1.68,2.508,0,1.92,2,0.64,2,0.0,0.0,4.8,4,2,6.0,1.2,2,2.0,1.6,8,2.56,0.0,2.8,8,2.08,0,22.82,54.485,16.458,9.105,9.105,0.0,229,1,3.42
SrZrO3,1273.15,3,20.4,32,14.88,8,8.0,62.6,79,29.28,87,87.0,2073.2,736.416,2128.0,14,6.24,3,1.44,2.52,0,1.92,2,0.64,2,0.0,0.0,4.8,4,2,6.0,1.2,2,2.0,1.6,8,2.56,0.0,2.8,8,2.08,0,20.948,45.125,14.2116,9.105,9.105,0.0,225,1,2.3
CaZrO3,1273.15,3,16.8,32,10.56,8,8.0,62.4,80,29.52,87,87.0,2073.2,752.016,2128.0,14,6.24,3,1.2,2.53,0,1.92,2,0.64,2,0.0,0.0,4.8,4,2,6.0,1.2,2,2.0,1.6,8,2.56,0.0,2.8,8,2.08,0,17.656,28.665,10.2612,9.105,9.105,0.0,225,1,2.0
LaMgAl11O19,1273.15,4,11.375,49,4.0078125,8,8.0,79.28125,74,9.166015625,87,87.0,1138.2,433.1320898,1193.0,14,2.2265625,4,0.59375,2.67125,0,1.521484375,1,0.060546875,1,0.0,0.0,4.75,4,2,6.0,2.90625,5,2.0,0.28125,9,0.544921875,0.0,3.1875,9,1.609375,0,12.93945313,27.7925,4.553413086,9.105,9.105,0.0,225,1,2.7
GdMgAl11O19,1273.15,4,11.59375,56,4.267578125,8,8.0,79.71875,60,8.646484375,87,87.0,1531.2,447.7160742,1586.0,14,2.2265625,4,0.59375,2.674375,0,1.521484375,1,0.060546875,1,0.21875,0.0,4.96875,8,2,6.0,2.90625,5,2.0,0.28125,9,0.544921875,0.21875,3.40625,16,1.8828125,0,12.78796875,22.945,4.373525391,9.105,9.105,0.0,225,1,2.6
Gd0.7Yb0.3MgAl11O19,1273.15,5,11.65,62,4.334375,8,8.0,79.83125,60,8.512890625,87,87.0,1531.2,442.2164648,1586.0,14,2.2265625,4,0.59375,2.6749375,0,1.521484375,1,0.042792969,1,0.284375,0.0,5.025,14,2,6.0,2.90625,5,2.0,0.196875,9,0.385136719,0.153125,3.25625,16,1.756367188,0,12.807375,25.015,4.396570313,9.105,9.105,0.0,225,1,1.9
LaLiAl11O18.5,1273.15,4,11.14285714,54,4.20861678,3,8.0,77.03174603,86,11.70874276,87,87.0,1138.2,417.7284152,1193.0,15,2.27462837,4,0.589569161,2.648571429,1,1.528848576,1,0.061476442,1,0.0,0.0,4.698412698,5,1,6.0,2.920634921,5,2.0,0.285714286,9,0.553287982,0.0,3.238095238,8,1.596371882,1,12.80042328,27.7925,4.340655917,9.105,9.105,0.0,229,1,3.8
BaMg0.333Ta0.667O3 ,1273.15,4,26.5374,65,24.18126168,8,8.0,64.932,78,26.8902576,87,87.0,3235.2,814.12536,3290.0,14,6.23976,4,1.73354664,2.529346,0,1.92,3,0.69362664,3,1.8676,0.0,6.6678,17,2,6.0,1.2,2,2.0,0.9338,7,1.61846216,0.0,2.1338,7,1.29830216,0,22.122682,54.485,16.68913396,9.105,9.105,0.0,229,0,2.71
LaAl0.25Mg0.5Ta0.25O3,1273.15,5,21.7,65,19.25,8,8.0,67.64999999999999,74,23.825000000000003,87,87.0,3235.2,624.1842000000001,3290.0,14,5.8100000000000005,4,1.4250000000000003,2.5705,0,1.86,3,0.5249999999999999,3,0.7000000000000001,0.0,5.5,17,2,6.0,1.45,5,2.0,2.15,9,3.2249999999999996,0.0,3.5999999999999996,9,2.6399999999999997,0,16.8615,27.7925,9.345949999999998,9.105,9.105,0.0,229,1,1.82
BaLa2Ti3O10,1473.15,4,19.75,49,14.6875,8,8.0,64.625,78,27.96875,87,87.0,1886.2,693.765625,1941.0,14,5.9375,4,1.40625,2.631875,0,1.875,2,0.6875,2,0.0,0.0,5.0,4,2,6.0,1.25,2,2.0,2.625,9,3.609375,0.0,3.875,9,2.828125,0,17.4065625,54.485,10.64566406,9.105,9.105,0.0,229,1,0.7
La2Zr2O7,1273.15,3,22.72727273,49,18.74380165,8,8.0,65.72727273,74,27.07438017,87,87.0,2073.2,743.1338843,2128.0,13,5.785123967,4,1.619834711,2.630909091,0,1.851239669,2,0.694214876,2,0.0,0.0,5.090909091,3,3,6.0,1.272727273,2,2.0,3.090909091,9,3.933884298,0.0,4.363636364,7,3.008264463,2,16.72,27.7925,9.691818182,9.105,9.105,0.0,194,1,1.56
Gd2Zr2O7,1073.15,3,24.0,56,20.36363636,8,8.0,68.27272727,60,23.83471074,87,87.0,2073.2,834.0760331,2128.0,13,5.785123967,4,1.619834711,2.649090909,0,1.851239669,2,0.694214876,2,1.272727273,0.0,6.363636364,6,4,6.0,1.272727273,2,2.0,3.090909091,9,3.933884298,1.272727273,5.636363636,14,4.628099174,2,15.83863636,22.945,8.570082645,9.105,9.105,0.0,194,1,1.6
Sm2Zr2O7,298.0,3,23.63636364,54,19.90082645,8,8.0,67.54545455,64,24.76033058,87,87.0,2073.2,778.307438,2128.0,13,5.785123967,4,1.619834711,2.643636364,0,1.851239669,2,0.595041322,2,1.090909091,0.0,6.0,4,4,6.0,1.272727273,2,2.0,1.454545455,8,2.380165289,1.454545455,4.181818182,6,2.776859504,2,16.05318182,24.125,8.843140496,9.105,9.105,0.0,194,1,2.04
La2HfZrO7,298.0,4,25.63636364,64,22.44628099,8,8.0,65.81818182,74,26.95867769,87,87.0,2451.2,786.8694215,2506.0,13,5.785123967,4,1.73553719,2.628181818,0,1.851239669,2,0.694214876,2,1.272727273,0.0,6.363636364,15,3,6.0,1.272727273,2,2.0,3.090909091,9,3.933884298,0.0,4.363636364,7,3.008264463,2,16.62954545,27.7925,9.576694215,9.105,9.105,0.0,194,1,2.29
Sm2Sn0.5Ti0.5Hf0.5Zr0.5O7,298.0,6,24.72727273,64,21.53719008,8,8.0,69.18181818,64,23.66115702,87,87.0,2451.2,704.2109091,2506.0,13,5.396694215,4,1.619834711,2.680454545,0,1.73553719,10,1.190082645,10,1.727272727,0.0,7.090909091,14,4,6.0,1.454545455,4,2.0,1.090909091,8,1.884297521,1.454545455,4.0,6,2.545454545,2,16.17090909,24.18,8.992975207,9.105,9.105,0.0,194,1,1.73
Gd2Sn0.5Ti0.5Hf0.5Zr0.5O7,298.0,6,25.09090909,64,22.03305785,8,8.0,69.90909091,60,22.66942149,87,87.0,2451.2,763.9629752,2506.0,13,5.396694215,4,1.619834711,2.685909091,0,1.73553719,10,1.157024793,10,1.909090909,0.0,7.454545455,14,4,6.0,1.454545455,4,2.0,2.727272727,9,3.719008264,1.272727273,5.454545455,14,4.52892562,2,15.95636364,24.18,8.719917355,9.105,9.105,0.0,194,1,1.58
SmGdTi0.667Hf0.667Zr0.667O7,298.0,6,24.66848468,64,21.53609164,8,8.0,67.90691755,64,24.29807783,87,87.0,2451.2,821.0224751,2506.0,13,5.785460447,4,1.61988728,2.657157531,0,1.851365852,2,0.661301246,2,2.030542678,0.0,7.030451777,14,4,6.0,1.272611581,2,2.0,2.273247887,9,3.306241813,1.363512408,4.909371875,14,3.702500341,2,15.49183665,24.125,8.127962287,9.105,9.105,0.0,194,0,1.47
EuGdTi0.667Hf0.667Zr0.667O7,298.0,6,24.75938551,64,21.66279587,8,8.0,68.08871921,62,24.06671494,87,87.0,2451.2,792.1021137,2506.0,13,5.785460447,4,1.61988728,2.658521044,0,1.851365852,2,0.661301246,2,2.121443505,0.0,7.121352604,14,4,6.0,1.272611581,2,2.0,2.273247887,9,3.306241813,1.272611581,4.818471048,14,3.586818896,2,15.78544632,27.355,8.501613355,9.105,9.105,0.0,229,0,1.52
LaPrSn0.667Hf0.667Zr0.667O7,298.0,6,25.45714026,64,22.21615886,8,8.0,68.33224252,74,25.1716565,87,87.0,2451.2,655.6403316,2506.0,13,5.249091527,4,1.697046804,2.669896373,0,1.697046804,10,1.366759751,10,1.121534406,0.0,6.727752023,15,3,6.0,1.515134988,4,2.0,1.788201073,9,2.817623615,0.999909099,4.30324516,9,2.967908488,2,17.16089992,27.7925,10.25203153,9.105,9.105,0.0,194,0,2.24
EuGdSn0.667Hf0.667Zr0.667O7,298.0,6,26.45704936,64,23.48865476,8,8.0,70.33206072,62,22.38416334,87,87.0,2451.2,691.6243342,2506.0,13,5.249091527,4,1.697046804,2.683986001,0,1.697046804,10,1.366759751,10,2.121443505,0.0,7.727661122,14,4,6.0,1.515134988,4,2.0,1.788201073,9,2.817623615,1.272611581,4.575947641,14,3.348021192,2,16.79161531,27.355,9.782075657,9.105,9.105,0.0,229,0,2.24
La0.667Pr0.667Nd0.667HfZrO7,298.0,6,25.94236888,64,22.83366642,8,8.0,66.41968912,74,26.19074196,87,87.0,2451.2,795.4999091,2506.0,13,5.785576128,4,1.735684407,2.632287065,0,1.851365852,2,0.64277202,2,1.697027543,0.0,6.666484865,15,3,6.0,1.272611581,2,2.0,2.000090901,9,3.030407702,1.273247887,4.545950368,9,3.240005923,2,16.43069971,27.7925,9.322770287,9.105,9.105,0.0,194,0,2.16
Sm0.667Eu0.667Gd0.667HfZrO7,298.0,6,26.73056995,64,23.83674023,8,8.0,67.99609126,64,24.18459434,87,87.0,2451.2,821.3483497,2506.0,13,5.785576128,4,1.735684407,2.643503772,0,1.851365852,2,0.64277202,2,2.485228616,0.0,7.454685938,14,4,6.0,1.272611581,2,2.0,2.000090901,9,3.030407702,1.333878738,4.60658122,14,3.317165447,2,16.08859013,27.355,8.887397672,9.105,9.105,0.0,229,0,1.97
Sm0.667Eu0.667Gd0.667Sn0.667Hf0.667Zr0.667O7,298.0,7,26.36947828,64,23.37508597,8,8.0,70.14615524,64,22.64123391,87,87.0,2451.2,692.0367581,2506.0,13,5.249762177,4,1.697200962,2.682486366,0,1.697200962,10,1.377708391,10,2.061261589,0.0,7.636884203,14,4,6.0,1.514997273,4,2.0,1.515633521,9,2.479952249,1.333757499,4.364388293,14,3.052856761,2,16.73106163,27.355,9.704132226,9.105,9.105,0.0,229,0,2.21
Sm0.667Eu0.667Gd0.667Ti0.5Sn0.5Hf0.5Zr0.5O7,298.0,8,24.9125534,64,21.78786484,8,8.0,69.54140533,64,23.16870467,87,87.0,2451.2,703.4950424,2506.0,13,5.397307883,4,1.620002961,2.683045632,0,1.735684407,10,1.193680114,10,1.848922825,0.0,7.272884283,14,4,6.0,1.454413235,4,2.0,1.636487592,9,2.628257683,1.333878738,4.424779565,14,3.12441537,2,16.29675302,27.355,9.152308182,9.105,9.105,0.0,229,0,1.67
Sm0.5Eu0.5Gd0.5Yb0.5Ti0.5Sn0.5Hf0.5Zr0.5O7,298.0,9,25.22727273,64,22.21900826,8,8.0,70.18181818,64,22.29752066,87,87.0,2451.2,687.9712397,2506.0,13,5.396694215,4,1.619834711,2.686590909,0,1.73553719,10,1.194214876,10,2.181818182,0.0,7.590909091,14,4,6.0,1.454545455,4,2.0,1.5,9,2.454545455,1.0,3.954545455,16,2.847107438,0,16.30454545,27.355,9.163057851,9.105,9.105,0.0,229,1,1.45
Sm0.667Eu0.667Gd0.667TiSn0.333Hf0.333Zr0.333O7,298.0,8,23.45536364,64,19.93507438,8,8.0,68.93654545,64,23.65969312,87,87.0,2451.2,714.3348689,2506.0,13,5.53574286,4,1.54277686,2.683605,0,1.774181818,10,1.009584893,10,1.636545455,0.0,6.908818182,14,4,6.0,1.393818182,4,2.0,1.757363636,9,2.76928557,1.334,4.485181818,14,3.192334231,2,15.86236545,27.355,8.600283306,9.105,9.105,0.0,229,0,1.71
Sm0.667Eu0.667Gd0.667Ti1.5Sn0.167Hf0.167Zr0.167O7,298.0,8,22.00663516,64,17.82519521,8,8.0,68.32830394,64,24.11398757,87,87.0,2451.2,724.7673049,2506.0,13,5.665470501,4,1.465880127,2.683849755,0,1.812861379,10,0.826900439,10,1.425013634,0.0,6.546173423,14,4,6.0,1.333212143,4,2.0,1.879203781,9,2.904037692,1.333757499,4.546173423,14,3.256576063,2,15.43084348,27.355,8.049609958,9.105,9.105,0.0,229,0,1.9
Sm0.667Eu0.667Gd0.667Ti2O7,298.0,5,20.5493137,56,15.97040194,8,8.0,67.72338878,64,24.53163867,87,87.0,1886.2,734.3559028,1941.0,13,5.785576128,4,1.38864007,2.684409145,0,1.851365852,2,0.64277202,2,1.212617035,0.0,6.182074357,6,4,6.0,1.272611581,2,2.0,2.000090901,9,3.030407702,1.333878738,4.60658122,14,3.317165447,2,14.99641669,27.355,7.497485106,9.105,9.105,0.0,229,0,2.88
Sm0.5Eu0.5Gd0.5Yb0.5TiHf0.5Zr0.5O7,298.0,8,23.95454545,64,20.66115702,8,8.0,68.5,64,23.54545455,87,87.0,2451.2,763.3818182,2506.0,13,5.785123967,4,1.561983471,2.6675,0,1.851239669,2,0.632231405,2,2.181818182,0.0,7.136363636,14,4,6.0,1.272727273,2,2.0,1.863636364,9,2.880165289,1.0,4.136363636,16,3.095041322,0,15.55022727,27.355,8.203016529,9.105,9.105,0.0,229,1,1.36
Sm1.5Yb0.5TiZrO7,298.0,5,22.36363636,62,18.34710744,8,8.0,68.18181818,64,23.95041322,87,87.0,2073.2,742.0347107,2128.0,13,5.785123967,4,1.504132231,2.666818182,0,1.851239669,2,0.595041322,2,1.454545455,0.0,6.363636364,12,4,6.0,1.272727273,2,2.0,1.454545455,8,2.380165289,1.090909091,3.818181818,8,2.661157025,0,15.50227273,25.015,8.141983471,9.105,9.105,0.0,225,1,1.4
La0.4Ce0.4Nd0.4Sm0.4Eu0.4Zr2O7,298.0,7,23.27272727,55,19.43801653,8,8.0,66.81818182,74,25.68595041,87,87.0,2073.2,744.661157,2128.0,13,5.785123967,4,1.619834711,2.638727273,0,1.851239669,2,0.650578512,2,0.654545455,0.0,5.636363636,6,3,6.0,1.272727273,2,2.0,2.109090909,9,3.14446281,1.381818182,4.763636364,20,3.517355372,2,16.50727273,28.135,9.42107438,9.105,9.105,0.0,229,1,2.06
La0.286Ce0.286Pr0.286Nd0.286Sm0.286Eu0.286Gd0.286HfZrO7,298.0,10,26.26595165,64,23.24334876,8,8.0,67.05635339,74,25.37820874,87,87.0,2451.2,801.3021248,2506.0,13,5.78602803,4,1.735831541,2.636872387,0,1.851491958,2,0.653705276,2,2.00036357,0.0,6.986911471,15,3,6.0,1.27249591,2,2.0,2.156153427,9,3.192094802,1.455735321,4.884384657,20,3.670367679,2,16.32336621,28.135,9.185341473,9.105,9.105,0.0,229,0,1.97
La0.286Ce0.286Pr0.286Nd0.286Sm0.286Eu0.286Gd0.286Sn0.667Hf0.667Zr0.667O7,298.0,11,25.90493502,64,22.78188587,8,8.0,69.20630737,74,23.9489669,87,87.0,2451.2,670.1171575,2506.0,13,5.250432498,4,1.697355035,2.67585204,0,1.697355035,10,1.37175124,10,1.576479142,0.0,7.16913569,15,3,6.0,1.514859584,4,2.0,1.671725893,9,2.677374687,1.455603017,4.642188494,20,3.439727199,2,16.96575798,28.135,10.00187328,9.105,9.105,0.0,229,0,2.02
Y0.2Nd0.2Sm0.2Eu0.2Er0.2AlO3,298.0,7,19.08,60,15.728,8,8.0,71.36,75,19.424,87,87.0,1744.2,548.2728,1799.0,13,3.92,4,1.152,2.6242,0,1.68,1,0.0768,1,1.16,0.0,5.8,11,3,6.0,2.2,5,2.0,0.36,9,0.6912,1.08,3.64,8,2.0992,2,15.457,27.355,7.6224,9.105,9.105,0.0,229,1,4.1
YAlO3,298.0,3,15.2,31,9.52,8,8.0,69.2,75,22.88,87,87.0,1744.2,629.4888,1799.0,13,3.92,3,0.96,2.63,0,1.68,1,0.32,1,0.0,0.0,4.8,3,3,6.0,2.2,5,2.0,1.8,9,2.88,0.0,4.0,7,2.4,2,15.232,23.26,7.3524,9.105,9.105,0.0,225,1,11.7
NdAlO3,298.0,3,19.4,52,16.24,8,8.0,70.6,68,20.64,87,87.0,1239.2,508.2888,1294.0,13,3.92,4,1.2,2.614,0,1.68,0,0.0,0,0.8,0.0,5.4,3,3,6.0,2.2,5,2.0,0.0,0,0.0,2.0,4.2,8,2.64,2,15.721,25.705,7.9392,9.105,9.105,0.0,225,1,7.5
Al2O3,298.0,2,10.0,5,2.4,8,8.0,81.4,14,6.72,87,87.0,878.67,421.7616,933.47,3,1.44,1,0.48,2.708,0,1.44,0,0.0,0,0.0,0.0,4.8,3,3,6.0,3.2,3,2.0,0.0,0,0.0,0.0,3.2,3,1.44,2,12.055,7.375,3.54,9.105,9.105,0.0,225,1,8.0
Y2O3,298.0,2,20.4,31,14.88,8,8.0,57.0,75,36.0,87,87.0,1744.2,837.216,1799.0,13,6.24,3,1.44,2.552,0,1.92,1,0.48,1,0.0,0.0,4.8,3,3,6.0,1.2,2,2.0,3.6,9,4.32,0.0,4.8,7,3.36,2,18.409,23.26,11.1648,9.105,9.105,0.0,194,1,27.0
BaZr0.2Sn0.2Ti0.2Hf0.2Nb0.2O3,298.0,7,25.0,64,20.64,8,8.0,64.36,78,28.4192,87,87.0,2695.2,695.220096,2750.0,14,5.9328,4,1.68,2.5512,1,1.824,10,1.28,10,0.56,0.0,5.8,16,2,6.0,1.36,4,2.0,1.2,8,2.016,0.0,2.6,8,1.76,0,22.723,54.485,17.22952,9.105,9.105,0.0,229,1,0.58
Sc2SiO5,298.0,3,12.0,13,5.0,8,8.0,66.875,76,27.9375,87,87.0,1759.2,804.78125,1814.0,13,4.75,2,0.78125,2.7275,0,1.5625,1,0.375,1,0.0,0.0,5.0,3,3,6.0,1.75,4,2.0,2.25,9,3.375,0.0,4.0,7,2.5,2,13.804375,13.13,5.87421875,9.105,9.105,0.0,227,1,2.41
Y2SiO5,298.0,3,16.5,31,11.25,8,8.0,67.125,75,27.5625,87,87.0,1744.2,800.09375,1799.0,13,4.75,3,1.09375,2.6925,0,1.5625,1,0.375,1,0.0,0.0,5.0,3,3,6.0,1.75,4,2.0,2.25,9,3.375,0.0,4.0,7,2.5,2,16.336875,23.26,9.03984375,9.105,9.105,0.0,227,1,1.95
Nd2SiO5,298.0,3,21.75,52,19.125,8,8.0,68.875,68,24.9375,87,87.0,1632.2,642.28125,1687.0,13,4.75,4,1.4375,2.6725,0,1.5625,0,0.0,0,1.0,0.0,5.75,2,4,6.0,1.75,4,2.0,0.0,0,0.0,2.5,4.25,8,2.875,2,16.948125,25.705,9.80390625,9.105,9.105,0.0,227,1,2.26
Dy2SiO5,298.0,3,23.25,58,21.375,8,8.0,71.875,56,20.4375,87,87.0,1632.2,764.46875,1687.0,13,4.75,4,1.4375,2.6925,0,1.5625,0,0.0,0,2.5,0.0,7.25,8,4,6.0,1.75,4,2.0,0.0,0,0.0,1.0,2.75,2,0.9375,2,16.055625,22.135,8.68828125,9.105,9.105,0.0,227,1,1.02
Er2SiO5,298.0,3,23.75,60,22.125,8,8.0,72.875,52,18.9375,87,87.0,1715.2,791.03125,1770.0,13,4.75,4,1.4375,2.6975,0,1.5625,0,0.0,0,3.0,0.0,7.75,10,4,6.0,1.75,4,2.0,0.0,0,0.0,0.5,2.25,2,0.4375,2,15.891875,21.48,8.48359375,9.105,9.105,0.0,227,1,1.3
Yb2SiO5,298.0,3,24.25,62,22.875,8,8.0,73.875,48,17.4375,87,87.0,1632.2,579.15625,1687.0,13,4.75,4,1.4375,2.7025,0,1.5625,0,0.0,0,3.5,0.0,8.25,12,4,6.0,1.75,4,2.0,0.0,0,0.0,0.0,1.75,4,0.875,0,16.775625,25.015,9.58828125,9.105,9.105,0.0,227,1,1.23
YbYSiO5,298.0,4,20.375,62,17.0625,8,8.0,70.5,75,22.5,87,87.0,1744.2,689.625,1799.0,13,4.75,4,1.25,2.6975,0,1.5625,1,0.21875,1,1.75,0.0,6.625,13,3,6.0,1.75,4,2.0,1.125,9,1.96875,0.0,2.875,9,1.8125,0,16.55625,25.015,9.3140625,9.105,9.105,0.0,227,1,1.24
DyScSiO5,298.0,4,17.625,58,12.9375,8,8.0,69.375,76,24.1875,87,87.0,1759.2,784.625,1814.0,13,4.75,4,1.09375,2.71,0,1.5625,1,0.21875,1,1.25,0.0,6.125,9,3,6.0,1.75,4,2.0,1.125,9,1.96875,0.5,3.375,7,1.71875,2,14.93,22.135,7.28125,9.105,9.105,0.0,227,1,1.01
DyErSiO5,298.0,4,23.5,60,21.75,8,8.0,72.375,56,19.6875,87,87.0,1715.2,777.75,1770.0,13,4.75,4,1.4375,2.695,0,1.5625,0,0.0,0,2.75,0.0,7.5,10,4,6.0,1.75,4,2.0,0.0,0,0.0,0.75,2.5,2,0.75,2,15.97375,22.135,8.5859375,9.105,9.105,0.0,227,1,1.24
YbErSiO5,298.0,4,24.0,62,22.5,8,8.0,73.375,52,18.1875,87,87.0,1715.2,685.09375,1770.0,13,4.75,4,1.4375,2.7,0,1.5625,0,0.0,0,3.25,0.0,8.0,12,4,6.0,1.75,4,2.0,0.0,0,0.0,0.25,2.0,4,0.5,0,16.33375,25.015,9.0359375,9.105,9.105,0.0,227,1,1.08
Sc2Y2Dy2Er2Yb2SiO5,293.15,7,36.375,62,24.375,8,8.0,48.0625,76,28.078125,87,87.0,1759.2,692.4921875,1814.0,13,5.9375,4,1.5625,1.98125,0,1.71875,1,0.375,1,4.5,0.0,8.125,13,3,6.0,0.875,4,2.0,2.25,9,3.375,0.75,3.875,9,2.609375,0,22.9409375,25.015,9.1365625,9.105,9.105,0.0,227,0,0.93
Sc2Y2Dy2Er2Yb2SiO5,323.15,7,36.375,62,24.375,8,8.0,48.0625,76,28.078125,87,87.0,1759.2,692.4921875,1814.0,13,5.9375,4,1.5625,1.98125,0,1.71875,1,0.375,1,4.5,0.0,8.125,13,3,6.0,0.875,4,2.0,2.25,9,3.375,0.75,3.875,9,2.609375,0,22.9409375,25.015,9.1365625,9.105,9.105,0.0,227,0,0.9
Sc2Y2Dy2Er2Yb2SiO5,373.15,7,36.375,62,24.375,8,8.0,48.0625,76,28.078125,87,87.0,1759.2,692.4921875,1814.0,13,5.9375,4,1.5625,1.98125,0,1.71875,1,0.375,1,4.5,0.0,8.125,13,3,6.0,0.875,4,2.0,2.25,9,3.375,0.75,3.875,9,2.609375,0,22.9409375,25.015,9.1365625,9.105,9.105,0.0,227,0,0.88
Sc2Y2Dy2Er2Yb2SiO5,423.15,7,36.375,62,24.375,8,8.0,48.0625,76,28.078125,87,87.0,1759.2,692.4921875,1814.0,13,5.9375,4,1.5625,1.98125,0,1.71875,1,0.375,1,4.5,0.0,8.125,13,3,6.0,0.875,4,2.0,2.25,9,3.375,0.75,3.875,9,2.609375,0,22.9409375,25.015,9.1365625,9.105,9.105,0.0,227,0,0.87
Sc2Y2Dy2Er2Yb2SiO5,473.15,7,36.375,62,24.375,8,8.0,48.0625,76,28.078125,87,87.0,1759.2,692.4921875,1814.0,13,5.9375,4,1.5625,1.98125,0,1.71875,1,0.375,1,4.5,0.0,8.125,13,3,6.0,0.875,4,2.0,2.25,9,3.375,0.75,3.875,9,2.609375,0,22.9409375,25.015,9.1365625,9.105,9.105,0.0,227,0,0.85
Sc2Y2Dy2Er2Yb2SiO5,523.15,7,36.375,62,24.375,8,8.0,48.0625,76,28.078125,87,87.0,1759.2,692.4921875,1814.0,13,5.9375,4,1.5625,1.98125,0,1.71875,1,0.375,1,4.5,0.0,8.125,13,3,6.0,0.875,4,2.0,2.25,9,3.375,0.75,3.875,9,2.609375,0,22.9409375,25.015,9.1365625,9.105,9.105,0.0,227,0,0.84
Sc2Y2Dy2Er2Yb2SiO5,573.15,7,36.375,62,24.375,8,8.0,48.0625,76,28.078125,87,87.0,1759.2,692.4921875,1814.0,13,5.9375,4,1.5625,1.98125,0,1.71875,1,0.375,1,4.5,0.0,8.125,13,3,6.0,0.875,4,2.0,2.25,9,3.375,0.75,3.875,9,2.609375,0,22.9409375,25.015,9.1365625,9.105,9.105,0.0,227,0,0.76
Hf0.2Zr0.2Ti0.2Ta0.2Nb0.2B2,298.0,6,19.86666667,68,19.82222222,5,5.0,63.13333333,29,11.82222222,72,72.0,1349.0,176.9333333,3290.0,9,3.822222222,4,1.422222222,1.844666667,1,0.444444444,4,1.155555556,4,1.866666667,0.0,5.333333333,16,3,3.0,3.333333333,5,5.0,2.466666667,8,3.288888889,0.0,5.866666667,3,1.155555556,5,11.34066667,16.0225,5.557555556,7.1725,7.1725,1.524,229,0,24.8
Hf0.2Zr0.2Ti0.2Ta0.2Mo0.2B2,298.0,6,19.93333333,68,19.91111111,5,5.0,63.33333333,29,11.55555556,72,72.0,1349.0,192.5066667,3290.0,9,3.733333333,4,1.422222222,1.882,1,0.444444444,5,1.244444444,5,1.866666667,0.0,5.4,16,3,3.0,3.333333333,5,5.0,2.4,8,3.2,0.0,5.8,3,1.066666667,5,11.17466667,16.0225,5.336222222,7.1725,7.1725,1.524,229,0,15.2
Hf0.2Zr0.2Ti0.2Ta0.2Cr0.2B2,298.0,6,18.73333333,68,18.31111111,5,5.0,63.26666667,29,11.64444444,72,72.0,1349.0,141.2444444,3290.0,9,3.733333333,4,1.333333333,1.848666667,1,0.444444444,5,1.244444444,5,1.866666667,0.0,5.4,16,3,3.0,3.333333333,5,5.0,2.4,8,3.2,0.0,5.8,3,1.066666667,5,10.87466667,16.0225,4.936222222,7.1725,7.1725,1.524,229,0,12.6
TiB2,298.0,2,10.66666667,17,7.555555556,5,5.0,62.33333333,29,12.88888889,72,72.0,407.0,180.8888889,2348.0,9,4.0,2,0.888888889,1.873333333,0,0.444444444,2,0.888888889,2,0.0,0.0,3.333333333,1,3,3.0,3.333333333,5,5.0,2.666666667,8,3.555555556,0.0,6.0,3,1.333333333,5,10.345,9.5175,4.23,7.1725,7.1725,1.524,194,0,96.0
CrB2,298.0,2,11.33333333,19,8.444444444,5,5.0,64.33333333,23,10.22222222,72,72.0,168.0,74.66666667,2348.0,7,3.111111111,2,0.888888889,1.913333333,1,0.444444444,5,2.222222222,5,0.0,0.0,4.0,3,3,3.0,3.333333333,5,5.0,1.666666667,5,2.222222222,0.0,5.333333333,1,0.444444444,5,8.511666667,4.0175,1.785555556,7.1725,7.1725,1.524,229,0,22.3
HfB2,298.0,2,27.33333333,67,29.77777778,5,5.0,63.0,27,12.0,72,72.0,158.0,70.22222222,2506.0,9,4.0,4,1.777777778,1.793333333,0,0.444444444,2,0.888888889,2,4.666666667,0.0,8.0,15,3,3.0,3.333333333,5,5.0,2.666666667,8,3.555555556,0.0,6.0,3,1.333333333,5,12.18166667,15.0275,6.678888889,7.1725,7.1725,1.524,194,0,100.0
ZrB2,298.0,2,16.66666667,35,15.55555556,5,5.0,62.66666667,28,12.44444444,72,72.0,220.0,97.77777778,2348.0,9,4.0,3,1.333333333,1.803333333,0,0.444444444,2,0.888888889,2,0.0,0.0,3.333333333,1,3,3.0,3.333333333,5,5.0,2.666666667,8,3.555555556,0.0,6.0,3,1.333333333,5,12.51333333,16.0225,7.121111111,7.1725,7.1725,1.524,194,0,100.0
Dy0.2Ho0.2Er0.2Y0.2Yb0.23NbO7,298.0,7,17.84053156,62,15.25663808,8,8.0,76.09856035,75,16.90145681,87,87.0,2695.2,736.5827946,2750.0,13,4.187591748,4,1.188115412,2.98469546,1,1.394146986,4,0.806613614,4,1.087486157,0.0,6.542635659,13,3,6.0,1.550387597,2,2.0,0.863787375,9,1.497996711,0.199335548,2.724252492,9,1.293731121,0,12.7073385,25.015,5.585020932,9.105,9.105,0.0,229,0,0.724
Yb3NbO7,298.0,3,27.90909091,62,25.33884298,8,8.0,70.27272727,48,21.2892562,87,87.0,2695.2,671.861157,2750.0,13,5.785123967,4,1.73553719,2.678181818,1,1.851239669,4,0.661157025,4,3.818181818,0.0,8.636363636,11,5,6.0,1.272727273,2,2.0,0.545454545,6,0.991735537,0.0,1.909090909,7,1.041322314,0,16.75227273,25.015,9.732892562,9.105,9.105,0.0,229,1,1.18
Yb3NbO7,1273.15,3,27.90909091,62,25.33884298,8,8.0,70.27272727,48,21.2892562,87,87.0,2695.2,671.861157,2750.0,13,5.785123967,4,1.73553719,2.678181818,1,1.851239669,4,0.661157025,4,3.818181818,0.0,8.636363636,11,5,6.0,1.272727273,2,2.0,0.545454545,6,0.991735537,0.0,1.909090909,7,1.041322314,0,16.75227273,25.015,9.732892562,9.105,9.105,0.0,229,1,1.26
Dy0.75Ho0.75Er0.75Y0.75Yb0.75NbO7,298.0,7,28.04255319,62,23.88048891,8,8.0,65.40425532,75,25.73110005,87,87.0,2695.2,867.9569036,2750.0,13,6.058850158,4,1.749207786,2.579361702,1,1.926663649,4,0.68809416,4,3.0,0.0,7.70212766,13,3,6.0,1.191489362,2,2.0,1.085106383,9,1.846989588,0.574468085,2.936170213,9,1.60977818,0,17.12319149,25.015,9.55358986,9.105,9.105,0.0,229,0,0.862
Y0.5Yb0.5Er0.5Lu0.5Zr0.5Hf0.5O7,298.0,7,23.6,64,21.84,8,8.0,71.7,75,21.42,87,87.0,2451.2,763.154,2506.0,13,5.32,4,1.54,2.789,0,1.68,2,0.48,2,2.7,0.0,7.8,15,3,6.0,1.4,2,2.0,1.7,9,2.72,0.1,3.2,9,2.12,0,14.94,25.015,8.169,9.105,9.105,0.0,225,0,1.4
Yb2Zr2O7,298.0,3,25.09090909,62,21.75206612,8,8.0,70.45454545,48,21.05785124,87,87.0,2073.2,719.7619835,2128.0,13,5.785123967,4,1.619834711,2.66,0,1.851239669,2,0.595041322,2,2.545454545,0.0,7.454545455,12,4,6.0,1.272727273,2,2.0,1.454545455,8,2.380165289,0.0,2.727272727,8,1.917355372,0,16.215,25.015,9.049090909,9.105,9.105,0.0,225,1,1.97
Y2SiO5,298.0,3,16.5,31,11.25,8,8.0,67.125,75,27.5625,87,87.0,1744.2,800.09375,1799.0,13,4.75,3,1.09375,2.6925,0,1.5625,1,0.375,1,0.0,0.0,5.0,3,3,6.0,1.75,4,2.0,2.25,9,3.375,0.0,4.0,7,2.5,2,16.336875,23.26,9.03984375,9.105,9.105,0.0,227,1,3.5
Y2SiO5,500.0,3,16.5,31,11.25,8,8.0,67.125,75,27.5625,87,87.0,1744.2,800.09375,1799.0,13,4.75,3,1.09375,2.6925,0,1.5625,1,0.375,1,0.0,0.0,5.0,3,3,6.0,1.75,4,2.0,2.25,9,3.375,0.0,4.0,7,2.5,2,16.336875,23.26,9.03984375,9.105,9.105,0.0,227,1,2.6
Y2SiO5,700.0,3,16.5,31,11.25,8,8.0,67.125,75,27.5625,87,87.0,1744.2,800.09375,1799.0,13,4.75,3,1.09375,2.6925,0,1.5625,1,0.375,1,0.0,0.0,5.0,3,3,6.0,1.75,4,2.0,2.25,9,3.375,0.0,4.0,7,2.5,2,16.336875,23.26,9.03984375,9.105,9.105,0.0,227,1,2.1
Y2SiO5,900.0,3,16.5,31,11.25,8,8.0,67.125,75,27.5625,87,87.0,1744.2,800.09375,1799.0,13,4.75,3,1.09375,2.6925,0,1.5625,1,0.375,1,0.0,0.0,5.0,3,3,6.0,1.75,4,2.0,2.25,9,3.375,0.0,4.0,7,2.5,2,16.336875,23.26,9.03984375,9.105,9.105,0.0,227,1,1.9
Y2SiO5,1100.0,3,16.5,31,11.25,8,8.0,67.125,75,27.5625,87,87.0,1744.2,800.09375,1799.0,13,4.75,3,1.09375,2.6925,0,1.5625,1,0.375,1,0.0,0.0,5.0,3,3,6.0,1.75,4,2.0,2.25,9,3.375,0.0,4.0,7,2.5,2,16.336875,23.26,9.03984375,9.105,9.105,0.0,227,1,1.7
Y2SiO5,1300.0,3,16.5,31,11.25,8,8.0,67.125,75,27.5625,87,87.0,1744.2,800.09375,1799.0,13,4.75,3,1.09375,2.6925,0,1.5625,1,0.375,1,0.0,0.0,5.0,3,3,6.0,1.75,4,2.0,2.25,9,3.375,0.0,4.0,7,2.5,2,16.336875,23.26,9.03984375,9.105,9.105,0.0,227,1,1.6
Ho2SiO5,298.0,3,23.5,59,21.75,8,8.0,72.375,54,19.6875,87,87.0,1692.2,783.84375,1747.0,13,4.75,4,1.4375,2.695,0,1.5625,0,0.0,0,2.75,0.0,7.5,9,4,6.0,1.75,4,2.0,0.0,0,0.0,0.75,2.5,2,0.625,2,15.92895833,21.62833333,8.529947917,9.105,9.105,0.0,227,1,1.9
Ho2SiO5,500.0,3,23.5,59,21.75,8,8.0,72.375,54,19.6875,87,87.0,1692.2,783.84375,1747.0,13,4.75,4,1.4375,2.695,0,1.5625,0,0.0,0,2.75,0.0,7.5,9,4,6.0,1.75,4,2.0,0.0,0,0.0,0.75,2.5,2,0.625,2,15.92895833,21.62833333,8.529947917,9.105,9.105,0.0,227,1,1.55
Ho2SiO5,700.0,3,23.5,59,21.75,8,8.0,72.375,54,19.6875,87,87.0,1692.2,783.84375,1747.0,13,4.75,4,1.4375,2.695,0,1.5625,0,0.0,0,2.75,0.0,7.5,9,4,6.0,1.75,4,2.0,0.0,0,0.0,0.75,2.5,2,0.625,2,15.92895833,21.62833333,8.529947917,9.105,9.105,0.0,227,1,1.45
Ho2SiO5,900.0,3,23.5,59,21.75,8,8.0,72.375,54,19.6875,87,87.0,1692.2,783.84375,1747.0,13,4.75,4,1.4375,2.695,0,1.5625,0,0.0,0,2.75,0.0,7.5,9,4,6.0,1.75,4,2.0,0.0,0,0.0,0.75,2.5,2,0.625,2,15.92895833,21.62833333,8.529947917,9.105,9.105,0.0,227,1,1.4
Ho2SiO5,1100.0,3,23.5,59,21.75,8,8.0,72.375,54,19.6875,87,87.0,1692.2,783.84375,1747.0,13,4.75,4,1.4375,2.695,0,1.5625,0,0.0,0,2.75,0.0,7.5,9,4,6.0,1.75,4,2.0,0.0,0,0.0,0.75,2.5,2,0.625,2,15.92895833,21.62833333,8.529947917,9.105,9.105,0.0,227,1,1.35
Ho2SiO5,1300.0,3,23.5,59,21.75,8,8.0,72.375,54,19.6875,87,87.0,1692.2,783.84375,1747.0,13,4.75,4,1.4375,2.695,0,1.5625,0,0.0,0,2.75,0.0,7.5,9,4,6.0,1.75,4,2.0,0.0,0,0.0,0.75,2.5,2,0.625,2,15.92895833,21.62833333,8.529947917,9.105,9.105,0.0,227,1,1.35
Er2SiO5,298.0,3,23.75,60,22.125,8,8.0,72.875,52,18.9375,87,87.0,1715.2,791.03125,1770.0,13,4.75,4,1.4375,2.6975,0,1.5625,0,0.0,0,3.0,0.0,7.75,10,4,6.0,1.75,4,2.0,0.0,0,0.0,0.5,2.25,2,0.4375,2,15.891875,21.48,8.48359375,9.105,9.105,0.0,227,1,2.7
Er2SiO5,500.0,3,23.75,60,22.125,8,8.0,72.875,52,18.9375,87,87.0,1715.2,791.03125,1770.0,13,4.75,4,1.4375,2.6975,0,1.5625,0,0.0,0,3.0,0.0,7.75,10,4,6.0,1.75,4,2.0,0.0,0,0.0,0.5,2.25,2,0.4375,2,15.891875,21.48,8.48359375,9.105,9.105,0.0,227,1,2.2
Er2SiO5,700.0,3,23.75,60,22.125,8,8.0,72.875,52,18.9375,87,87.0,1715.2,791.03125,1770.0,13,4.75,4,1.4375,2.6975,0,1.5625,0,0.0,0,3.0,0.0,7.75,10,4,6.0,1.75,4,2.0,0.0,0,0.0,0.5,2.25,2,0.4375,2,15.891875,21.48,8.48359375,9.105,9.105,0.0,227,1,1.9
Er2SiO5,900.0,3,23.75,60,22.125,8,8.0,72.875,52,18.9375,87,87.0,1715.2,791.03125,1770.0,13,4.75,4,1.4375,2.6975,0,1.5625,0,0.0,0,3.0,0.0,7.75,10,4,6.0,1.75,4,2.0,0.0,0,0.0,0.5,2.25,2,0.4375,2,15.891875,21.48,8.48359375,9.105,9.105,0.0,227,1,1.7
Er2SiO5,1100.0,3,23.75,60,22.125,8,8.0,72.875,52,18.9375,87,87.0,1715.2,791.03125,1770.0,13,4.75,4,1.4375,2.6975,0,1.5625,0,0.0,0,3.0,0.0,7.75,10,4,6.0,1.75,4,2.0,0.0,0,0.0,0.5,2.25,2,0.4375,2,15.891875,21.48,8.48359375,9.105,9.105,0.0,227,1,1.55
Er2SiO5,1300.0,3,23.75,60,22.125,8,8.0,72.875,52,18.9375,87,87.0,1715.2,791.03125,1770.0,13,4.75,4,1.4375,2.6975,0,1.5625,0,0.0,0,3.0,0.0,7.75,10,4,6.0,1.75,4,2.0,0.0,0,0.0,0.5,2.25,2,0.4375,2,15.891875,21.48,8.48359375,9.105,9.105,0.0,227,1,0.14
Yb2SiO5,298.0,3,24.25,62,22.875,8,8.0,73.875,48,17.4375,87,87.0,1632.2,579.15625,1687.0,13,4.75,4,1.4375,2.7025,0,1.5625,0,0.0,0,3.5,0.0,8.25,12,4,6.0,1.75,4,2.0,0.0,0,0.0,0.0,1.75,4,0.875,0,16.775625,25.015,9.58828125,9.105,9.105,0.0,227,1,2.2
Yb2SiO5,500.0,3,24.25,62,22.875,8,8.0,73.875,48,17.4375,87,87.0,1632.2,579.15625,1687.0,13,4.75,4,1.4375,2.7025,0,1.5625,0,0.0,0,3.5,0.0,8.25,12,4,6.0,1.75,4,2.0,0.0,0,0.0,0.0,1.75,4,0.875,0,16.775625,25.015,9.58828125,9.105,9.105,0.0,227,1,2.0
Yb2SiO5,700.0,3,24.25,62,22.875,8,8.0,73.875,48,17.4375,87,87.0,1632.2,579.15625,1687.0,13,4.75,4,1.4375,2.7025,0,1.5625,0,0.0,0,3.5,0.0,8.25,12,4,6.0,1.75,4,2.0,0.0,0,0.0,0.0,1.75,4,0.875,0,16.775625,25.015,9.58828125,9.105,9.105,0.0,227,1,1.8
Yb2SiO5,900.0,3,24.25,62,22.875,8,8.0,73.875,48,17.4375,87,87.0,1632.2,579.15625,1687.0,13,4.75,4,1.4375,2.7025,0,1.5625,0,0.0,0,3.5,0.0,8.25,12,4,6.0,1.75,4,2.0,0.0,0,0.0,0.0,1.75,4,0.875,0,16.775625,25.015,9.58828125,9.105,9.105,0.0,227,1,1.6
Yb2SiO5,1100.0,3,24.25,62,22.875,8,8.0,73.875,48,17.4375,87,87.0,1632.2,579.15625,1687.0,13,4.75,4,1.4375,2.7025,0,1.5625,0,0.0,0,3.5,0.0,8.25,12,4,6.0,1.75,4,2.0,0.0,0,0.0,0.0,1.75,4,0.875,0,16.775625,25.015,9.58828125,9.105,9.105,0.0,227,1,1.4
Yb2SiO5,1300.0,3,24.25,62,22.875,8,8.0,73.875,48,17.4375,87,87.0,1632.2,579.15625,1687.0,13,4.75,4,1.4375,2.7025,0,1.5625,0,0.0,0,3.5,0.0,8.25,12,4,6.0,1.75,4,2.0,0.0,0,0.0,0.0,1.75,4,0.875,0,16.775625,25.015,9.58828125,9.105,9.105,0.0,227,1,1.3
Y0.5Ho0.5Er0.5Yb0.5SiO5,298.0,6,22.0,62,19.5,8,8.0,71.5625,75,20.90625,87,87.0,1744.2,738.53125,1799.0,13,4.75,4,1.34375,2.696875,0,1.5625,1,0.1171875,1,2.3125,0.0,7.125,13,3,6.0,1.75,4,2.0,0.5625,9,1.0546875,0.3125,2.625,9,1.1875,0,16.23333333,25.015,8.910416667,9.105,9.105,0.0,227,1,2.1
Y0.5Ho0.5Er0.5Yb0.5SiO5,500.0,6,22.0,62,19.5,8,8.0,71.5625,75,20.90625,87,87.0,1744.2,738.53125,1799.0,13,4.75,4,1.34375,2.696875,0,1.5625,1,0.1171875,1,2.3125,0.0,7.125,13,3,6.0,1.75,4,2.0,0.5625,9,1.0546875,0.3125,2.625,9,1.1875,0,16.23333333,25.015,8.910416667,9.105,9.105,0.0,227,1,1.8
Y0.5Ho0.5Er0.5Yb0.5SiO5,700.0,6,22.0,62,19.5,8,8.0,71.5625,75,20.90625,87,87.0,1744.2,738.53125,1799.0,13,4.75,4,1.34375,2.696875,0,1.5625,1,0.1171875,1,2.3125,0.0,7.125,13,3,6.0,1.75,4,2.0,0.5625,9,1.0546875,0.3125,2.625,9,1.1875,0,16.23333333,25.015,8.910416667,9.105,9.105,0.0,227,1,1.7
Y0.5Ho0.5Er0.5Yb0.5SiO5,900.0,6,22.0,62,19.5,8,8.0,71.5625,75,20.90625,87,87.0,1744.2,738.53125,1799.0,13,4.75,4,1.34375,2.696875,0,1.5625,1,0.1171875,1,2.3125,0.0,7.125,13,3,6.0,1.75,4,2.0,0.5625,9,1.0546875,0.3125,2.625,9,1.1875,0,16.23333333,25.015,8.910416667,9.105,9.105,0.0,227,1,1.65
Y0.5Ho0.5Er0.5Yb0.5SiO5,1100.0,6,22.0,62,19.5,8,8.0,71.5625,75,20.90625,87,87.0,1744.2,738.53125,1799.0,13,4.75,4,1.34375,2.696875,0,1.5625,1,0.1171875,1,2.3125,0.0,7.125,13,3,6.0,1.75,4,2.0,0.5625,9,1.0546875,0.3125,2.625,9,1.1875,0,16.23333333,25.015,8.910416667,9.105,9.105,0.0,227,1,1.8
Y0.5Ho0.5Er0.5Yb0.5SiO5,1300.0,6,22.0,62,19.5,8,8.0,71.5625,75,20.90625,87,87.0,1744.2,738.53125,1799.0,13,4.75,4,1.34375,2.696875,0,1.5625,1,0.1171875,1,2.3125,0.0,7.125,13,3,6.0,1.75,4,2.0,0.5625,9,1.0546875,0.3125,2.625,9,1.1875,0,16.23333333,25.015,8.910416667,9.105,9.105,0.0,227,1,2.3
Zr0.92O1.84Y0.16O0.24,88.0,3,18.88607595,32,14.33103669,8,8.0,70.6835443,75,21.47989104,87,87.0,2073.2,910.8606954,2128.0,13,5.465790739,3,1.349783689,2.713291139,0,1.799711585,2,0.833199808,2,0.0,0.0,5.265822785,3,3,6.0,1.316455696,2,2.0,2.784810127,9,3.666079154,0.0,4.101265823,7,2.766223362,2,14.38487342,23.26,6.950719436,9.105,9.105,0.0,194,1,2.9
Zr0.92O1.84Y0.16O0.24,120.0,3,18.88607595,32,14.33103669,8,8.0,70.6835443,75,21.47989104,87,87.0,2073.2,910.8606954,2128.0,13,5.465790739,3,1.349783689,2.713291139,0,1.799711585,2,0.833199808,2,0.0,0.0,5.265822785,3,3,6.0,1.316455696,2,2.0,2.784810127,9,3.666079154,0.0,4.101265823,7,2.766223362,2,14.38487342,23.26,6.950719436,9.105,9.105,0.0,194,1,2.85
Zr0.92O1.84Y0.16O0.24,190.0,3,18.88607595,32,14.33103669,8,8.0,70.6835443,75,21.47989104,87,87.0,2073.2,910.8606954,2128.0,13,5.465790739,3,1.349783689,2.713291139,0,1.799711585,2,0.833199808,2,0.0,0.0,5.265822785,3,3,6.0,1.316455696,2,2.0,2.784810127,9,3.666079154,0.0,4.101265823,7,2.766223362,2,14.38487342,23.26,6.950719436,9.105,9.105,0.0,194,1,2.8
Zr0.92O1.84Y0.16O0.24,220.0,3,18.88607595,32,14.33103669,8,8.0,70.6835443,75,21.47989104,87,87.0,2073.2,910.8606954,2128.0,13,5.465790739,3,1.349783689,2.713291139,0,1.799711585,2,0.833199808,2,0.0,0.0,5.265822785,3,3,6.0,1.316455696,2,2.0,2.784810127,9,3.666079154,0.0,4.101265823,7,2.766223362,2,14.38487342,23.26,6.950719436,9.105,9.105,0.0,194,1,2.73
Zr0.92O1.84Y0.16O0.24,300.0,3,18.88607595,32,14.33103669,8,8.0,70.6835443,75,21.47989104,87,87.0,2073.2,910.8606954,2128.0,13,5.465790739,3,1.349783689,2.713291139,0,1.799711585,2,0.833199808,2,0.0,0.0,5.265822785,3,3,6.0,1.316455696,2,2.0,2.784810127,9,3.666079154,0.0,4.101265823,7,2.766223362,2,14.38487342,23.26,6.950719436,9.105,9.105,0.0,194,1,2.6
Zr0.92O1.84Y0.16O0.24,370.0,3,18.88607595,32,14.33103669,8,8.0,70.6835443,75,21.47989104,87,87.0,2073.2,910.8606954,2128.0,13,5.465790739,3,1.349783689,2.713291139,0,1.799711585,2,0.833199808,2,0.0,0.0,5.265822785,3,3,6.0,1.316455696,2,2.0,2.784810127,9,3.666079154,0.0,4.101265823,7,2.766223362,2,14.38487342,23.26,6.950719436,9.105,9.105,0.0,194,1,2.55
Zr0.92O1.84Y0.16O0.24,420.0,3,18.88607595,32,14.33103669,8,8.0,70.6835443,75,21.47989104,87,87.0,2073.2,910.8606954,2128.0,13,5.465790739,3,1.349783689,2.713291139,0,1.799711585,2,0.833199808,2,0.0,0.0,5.265822785,3,3,6.0,1.316455696,2,2.0,2.784810127,9,3.666079154,0.0,4.101265823,7,2.766223362,2,14.38487342,23.26,6.950719436,9.105,9.105,0.0,194,1,2.5
Zr0.92O1.84Y0.16O0.24,530.0,3,18.88607595,32,14.33103669,8,8.0,70.6835443,75,21.47989104,87,87.0,2073.2,910.8606954,2128.0,13,5.465790739,3,1.349783689,2.713291139,0,1.799711585,2,0.833199808,2,0.0,0.0,5.265822785,3,3,6.0,1.316455696,2,2.0,2.784810127,9,3.666079154,0.0,4.101265823,7,2.766223362,2,14.38487342,23.26,6.950719436,9.105,9.105,0.0,194,1,2.5
Zr0.92O1.84Y0.16O0.24,600.0,3,18.88607595,32,14.33103669,8,8.0,70.6835443,75,21.47989104,87,87.0,2073.2,910.8606954,2128.0,13,5.465790739,3,1.349783689,2.713291139,0,1.799711585,2,0.833199808,2,0.0,0.0,5.265822785,3,3,6.0,1.316455696,2,2.0,2.784810127,9,3.666079154,0.0,4.101265823,7,2.766223362,2,14.38487342,23.26,6.950719436,9.105,9.105,0.0,194,1,2.5
Zr0.92O1.84Y0.16O0.24,670.0,3,18.88607595,32,14.33103669,8,8.0,70.6835443,75,21.47989104,87,87.0,2073.2,910.8606954,2128.0,13,5.465790739,3,1.349783689,2.713291139,0,1.799711585,2,0.833199808,2,0.0,0.0,5.265822785,3,3,6.0,1.316455696,2,2.0,2.784810127,9,3.666079154,0.0,4.101265823,7,2.766223362,2,14.38487342,23.26,6.950719436,9.105,9.105,0.0,194,1,2.48
Zr0.92O1.84Y0.16O0.24,820.0,3,18.88607595,32,14.33103669,8,8.0,70.6835443,75,21.47989104,87,87.0,2073.2,910.8606954,2128.0,13,5.465790739,3,1.349783689,2.713291139,0,1.799711585,2,0.833199808,2,0.0,0.0,5.265822785,3,3,6.0,1.316455696,2,2.0,2.784810127,9,3.666079154,0.0,4.101265823,7,2.766223362,2,14.38487342,23.26,6.950719436,9.105,9.105,0.0,194,1,2.5
Zr0.92O1.84Y0.16O0.24,900.0,3,18.88607595,32,14.33103669,8,8.0,70.6835443,75,21.47989104,87,87.0,2073.2,910.8606954,2128.0,13,5.465790739,3,1.349783689,2.713291139,0,1.799711585,2,0.833199808,2,0.0,0.0,5.265822785,3,3,6.0,1.316455696,2,2.0,2.784810127,9,3.666079154,0.0,4.101265823,7,2.766223362,2,14.38487342,23.26,6.950719436,9.105,9.105,0.0,194,1,2.52
Zr0.92O1.84Y0.16O0.24,970.0,3,18.88607595,32,14.33103669,8,8.0,70.6835443,75,21.47989104,87,87.0,2073.2,910.8606954,2128.0,13,5.465790739,3,1.349783689,2.713291139,0,1.799711585,2,0.833199808,2,0.0,0.0,5.265822785,3,3,6.0,1.316455696,2,2.0,2.784810127,9,3.666079154,0.0,4.101265823,7,2.766223362,2,14.38487342,23.26,6.950719436,9.105,9.105,0.0,194,1,2.51
Zn0.1Ca0.1Sr0.4Ba0.4ZrO3,10.0,6,21.32,48,16.0368,8,8.0,63.88,80,27.9488,87,87.0,2073.2,724.60032,2128.0,14,6.04,4,1.488,2.5302,0,1.92,10,0.936,10,0.0,0.0,5.0,10,2,6.0,1.2,2,2.0,1.6,8,2.56,0.0,2.8,8,2.08,0,20.5622,54.485,14.012728,9.105,9.105,0.0,229,1,1.4
Zn0.1Ca0.1Sr0.4Ba0.4ZrO3,100.0,6,21.32,48,16.0368,8,8.0,63.88,80,27.9488,87,87.0,2073.2,724.60032,2128.0,14,6.04,4,1.488,2.5302,0,1.92,10,0.936,10,0.0,0.0,5.0,10,2,6.0,1.2,2,2.0,1.6,8,2.56,0.0,2.8,8,2.08,0,20.5622,54.485,14.012728,9.105,9.105,0.0,229,1,1.55
Zn0.1Ca0.1Sr0.4Ba0.4ZrO3,200.0,6,21.32,48,16.0368,8,8.0,63.88,80,27.9488,87,87.0,2073.2,724.60032,2128.0,14,6.04,4,1.488,2.5302,0,1.92,10,0.936,10,0.0,0.0,5.0,10,2,6.0,1.2,2,2.0,1.6,8,2.56,0.0,2.8,8,2.08,0,20.5622,54.485,14.012728,9.105,9.105,0.0,229,1,1.5
Zn0.1Ca0.1Sr0.4Ba0.4ZrO3,300.0,6,21.32,48,16.0368,8,8.0,63.88,80,27.9488,87,87.0,2073.2,724.60032,2128.0,14,6.04,4,1.488,2.5302,0,1.92,10,0.936,10,0.0,0.0,5.0,10,2,6.0,1.2,2,2.0,1.6,8,2.56,0.0,2.8,8,2.08,0,20.5622,54.485,14.012728,9.105,9.105,0.0,229,1,1.6
Zn0.1Ca0.1Sr0.4Ba0.4ZrO3,400.0,6,21.32,48,16.0368,8,8.0,63.88,80,27.9488,87,87.0,2073.2,724.60032,2128.0,14,6.04,4,1.488,2.5302,0,1.92,10,0.936,10,0.0,0.0,5.0,10,2,6.0,1.2,2,2.0,1.6,8,2.56,0.0,2.8,8,2.08,0,20.5622,54.485,14.012728,9.105,9.105,0.0,229,1,1.65
Zn0.1Ca0.1Sr0.4Ba0.4ZrO3,500.0,6,21.32,48,16.0368,8,8.0,63.88,80,27.9488,87,87.0,2073.2,724.60032,2128.0,14,6.04,4,1.488,2.5302,0,1.92,10,0.936,10,0.0,0.0,5.0,10,2,6.0,1.2,2,2.0,1.6,8,2.56,0.0,2.8,8,2.08,0,20.5622,54.485,14.012728,9.105,9.105,0.0,229,1,1.7
Zn0.1Ca0.1Sr0.4Ba0.4ZrO3,600.0,6,21.32,48,16.0368,8,8.0,63.88,80,27.9488,87,87.0,2073.2,724.60032,2128.0,14,6.04,4,1.488,2.5302,0,1.92,10,0.936,10,0.0,0.0,5.0,10,2,6.0,1.2,2,2.0,1.6,8,2.56,0.0,2.8,8,2.08,0,20.5622,54.485,14.012728,9.105,9.105,0.0,229,1,1.76
Zn0.1Ca0.1Sr0.4Ba0.4ZrO3,700.0,6,21.32,48,16.0368,8,8.0,63.88,80,27.9488,87,87.0,2073.2,724.60032,2128.0,14,6.04,4,1.488,2.5302,0,1.92,10,0.936,10,0.0,0.0,5.0,10,2,6.0,1.2,2,2.0,1.6,8,2.56,0.0,2.8,8,2.08,0,20.5622,54.485,14.012728,9.105,9.105,0.0,229,1,1.8
Zn0.1Ca0.1Sr0.4Ba0.4ZrO3,800.0,6,21.32,48,16.0368,8,8.0,63.88,80,27.9488,87,87.0,2073.2,724.60032,2128.0,14,6.04,4,1.488,2.5302,0,1.92,10,0.936,10,0.0,0.0,5.0,10,2,6.0,1.2,2,2.0,1.6,8,2.56,0.0,2.8,8,2.08,0,20.5622,54.485,14.012728,9.105,9.105,0.0,229,1,1.9
Zn0.1Ca0.1Sr0.4Ba0.4ZrO3,900.0,6,21.32,48,16.0368,8,8.0,63.88,80,27.9488,87,87.0,2073.2,724.60032,2128.0,14,6.04,4,1.488,2.5302,0,1.92,10,0.936,10,0.0,0.0,5.0,10,2,6.0,1.2,2,2.0,1.6,8,2.56,0.0,2.8,8,2.08,0,20.5622,54.485,14.012728,9.105,9.105,0.0,229,1,1.85
Zn0.1Ca0.1Sr0.4Ba0.4ZrO3,1000.0,6,21.32,48,16.0368,8,8.0,63.88,80,27.9488,87,87.0,2073.2,724.60032,2128.0,14,6.04,4,1.488,2.5302,0,1.92,10,0.936,10,0.0,0.0,5.0,10,2,6.0,1.2,2,2.0,1.6,8,2.56,0.0,2.8,8,2.08,0,20.5622,54.485,14.012728,9.105,9.105,0.0,229,1,1.9
BaZrO3,10.0,3,24.0,48,19.2,8,8.0,62.8,78,29.04,87,87.0,2073.2,724.416,2128.0,14,6.24,4,1.68,2.508,0,1.92,2,0.64,2,0.0,0.0,4.8,4,2,6.0,1.2,2,2.0,1.6,8,2.56,0.0,2.8,8,2.08,0,22.82,54.485,16.458,9.105,9.105,0.0,229,1,5.8
BaZrO3,100.0,3,24.0,48,19.2,8,8.0,62.8,78,29.04,87,87.0,2073.2,724.416,2128.0,14,6.24,4,1.68,2.508,0,1.92,2,0.64,2,0.0,0.0,4.8,4,2,6.0,1.2,2,2.0,1.6,8,2.56,0.0,2.8,8,2.08,0,22.82,54.485,16.458,9.105,9.105,0.0,229,1,4.5
BaZrO3,200.0,3,24.0,48,19.2,8,8.0,62.8,78,29.04,87,87.0,2073.2,724.416,2128.0,14,6.24,4,1.68,2.508,0,1.92,2,0.64,2,0.0,0.0,4.8,4,2,6.0,1.2,2,2.0,1.6,8,2.56,0.0,2.8,8,2.08,0,22.82,54.485,16.458,9.105,9.105,0.0,229,1,3.6
BaZrO3,300.0,3,24.0,48,19.2,8,8.0,62.8,78,29.04,87,87.0,2073.2,724.416,2128.0,14,6.24,4,1.68,2.508,0,1.92,2,0.64,2,0.0,0.0,4.8,4,2,6.0,1.2,2,2.0,1.6,8,2.56,0.0,2.8,8,2.08,0,22.82,54.485,16.458,9.105,9.105,0.0,229,1,3.2
BaZrO3,400.0,3,24.0,48,19.2,8,8.0,62.8,78,29.04,87,87.0,2073.2,724.416,2128.0,14,6.24,4,1.68,2.508,0,1.92,2,0.64,2,0.0,0.0,4.8,4,2,6.0,1.2,2,2.0,1.6,8,2.56,0.0,2.8,8,2.08,0,22.82,54.485,16.458,9.105,9.105,0.0,229,1,3.0
BaZrO3,500.0,3,24.0,48,19.2,8,8.0,62.8,78,29.04,87,87.0,2073.2,724.416,2128.0,14,6.24,4,1.68,2.508,0,1.92,2,0.64,2,0.0,0.0,4.8,4,2,6.0,1.2,2,2.0,1.6,8,2.56,0.0,2.8,8,2.08,0,22.82,54.485,16.458,9.105,9.105,0.0,229,1,2.9
BaZrO3,600.0,3,24.0,48,19.2,8,8.0,62.8,78,29.04,87,87.0,2073.2,724.416,2128.0,14,6.24,4,1.68,2.508,0,1.92,2,0.64,2,0.0,0.0,4.8,4,2,6.0,1.2,2,2.0,1.6,8,2.56,0.0,2.8,8,2.08,0,22.82,54.485,16.458,9.105,9.105,0.0,229,1,2.9
BaZrO3,700.0,3,24.0,48,19.2,8,8.0,62.8,78,29.04,87,87.0,2073.2,724.416,2128.0,14,6.24,4,1.68,2.508,0,1.92,2,0.64,2,0.0,0.0,4.8,4,2,6.0,1.2,2,2.0,1.6,8,2.56,0.0,2.8,8,2.08,0,22.82,54.485,16.458,9.105,9.105,0.0,229,1,2.9
BaZrO3,800.0,3,24.0,48,19.2,8,8.0,62.8,78,29.04,87,87.0,2073.2,724.416,2128.0,14,6.24,4,1.68,2.508,0,1.92,2,0.64,2,0.0,0.0,4.8,4,2,6.0,1.2,2,2.0,1.6,8,2.56,0.0,2.8,8,2.08,0,22.82,54.485,16.458,9.105,9.105,0.0,229,1,2.9
BaZrO3,900.0,3,24.0,48,19.2,8,8.0,62.8,78,29.04,87,87.0,2073.2,724.416,2128.0,14,6.24,4,1.68,2.508,0,1.92,2,0.64,2,0.0,0.0,4.8,4,2,6.0,1.2,2,2.0,1.6,8,2.56,0.0,2.8,8,2.08,0,22.82,54.485,16.458,9.105,9.105,0.0,229,1,2.9
BaZrO3,1000.0,3,24.0,48,19.2,8,8.0,62.8,78,29.04,87,87.0,2073.2,724.416,2128.0,14,6.24,4,1.68,2.508,0,1.92,2,0.64,2,0.0,0.0,4.8,4,2,6.0,1.2,2,2.0,1.6,8,2.56,0.0,2.8,8,2.08,0,22.82,54.485,16.458,9.105,9.105,0.0,229,1,2.9
BaZrO3,1100.0,3,24.0,48,19.2,8,8.0,62.8,78,29.04,87,87.0,2073.2,724.416,2128.0,14,6.24,4,1.68,2.508,0,1.92,2,0.64,2,0.0,0.0,4.8,4,2,6.0,1.2,2,2.0,1.6,8,2.56,0.0,2.8,8,2.08,0,22.82,54.485,16.458,9.105,9.105,0.0,229,1,2.9
BaZrO3,1200.0,3,24.0,48,19.2,8,8.0,62.8,78,29.04,87,87.0,2073.2,724.416,2128.0,14,6.24,4,1.68,2.508,0,1.92,2,0.64,2,0.0,0.0,4.8,4,2,6.0,1.2,2,2.0,1.6,8,2.56,0.0,2.8,8,2.08,0,22.82,54.485,16.458,9.105,9.105,0.0,229,1,2.9
SrZrO3,320.0,3,20.4,32,14.88,8,8.0,62.6,79,29.28,87,87.0,2073.2,736.416,2128.0,14,6.24,3,1.44,2.52,0,1.92,2,0.64,2,0.0,0.0,4.8,4,2,6.0,1.2,2,2.0,1.6,8,2.56,0.0,2.8,8,2.08,0,20.948,45.125,14.2116,9.105,9.105,0.0,225,1,3.2
SrZrO3,400.0,3,20.4,32,14.88,8,8.0,62.6,79,29.28,87,87.0,2073.2,736.416,2128.0,14,6.24,3,1.44,2.52,0,1.92,2,0.64,2,0.0,0.0,4.8,4,2,6.0,1.2,2,2.0,1.6,8,2.56,0.0,2.8,8,2.08,0,20.948,45.125,14.2116,9.105,9.105,0.0,225,1,3.0
SrZrO3,480.0,3,20.4,32,14.88,8,8.0,62.6,79,29.28,87,87.0,2073.2,736.416,2128.0,14,6.24,3,1.44,2.52,0,1.92,2,0.64,2,0.0,0.0,4.8,4,2,6.0,1.2,2,2.0,1.6,8,2.56,0.0,2.8,8,2.08,0,20.948,45.125,14.2116,9.105,9.105,0.0,225,1,2.7
SrZrO3,570.0,3,20.4,32,14.88,8,8.0,62.6,79,29.28,87,87.0,2073.2,736.416,2128.0,14,6.24,3,1.44,2.52,0,1.92,2,0.64,2,0.0,0.0,4.8,4,2,6.0,1.2,2,2.0,1.6,8,2.56,0.0,2.8,8,2.08,0,20.948,45.125,14.2116,9.105,9.105,0.0,225,1,2.5
SrZrO3,700.0,3,20.4,32,14.88,8,8.0,62.6,79,29.28,87,87.0,2073.2,736.416,2128.0,14,6.24,3,1.44,2.52,0,1.92,2,0.64,2,0.0,0.0,4.8,4,2,6.0,1.2,2,2.0,1.6,8,2.56,0.0,2.8,8,2.08,0,20.948,45.125,14.2116,9.105,9.105,0.0,225,1,2.3
SrZrO3,790.0,3,20.4,32,14.88,8,8.0,62.6,79,29.28,87,87.0,2073.2,736.416,2128.0,14,6.24,3,1.44,2.52,0,1.92,2,0.64,2,0.0,0.0,4.8,4,2,6.0,1.2,2,2.0,1.6,8,2.56,0.0,2.8,8,2.08,0,20.948,45.125,14.2116,9.105,9.105,0.0,225,1,2.2
SrZrO3,900.0,3,20.4,32,14.88,8,8.0,62.6,79,29.28,87,87.0,2073.2,736.416,2128.0,14,6.24,3,1.44,2.52,0,1.92,2,0.64,2,0.0,0.0,4.8,4,2,6.0,1.2,2,2.0,1.6,8,2.56,0.0,2.8,8,2.08,0,20.948,45.125,14.2116,9.105,9.105,0.0,225,1,2.1
SrZrO3,1000.0,3,20.4,32,14.88,8,8.0,62.6,79,29.28,87,87.0,2073.2,736.416,2128.0,14,6.24,3,1.44,2.52,0,1.92,2,0.64,2,0.0,0.0,4.8,4,2,6.0,1.2,2,2.0,1.6,8,2.56,0.0,2.8,8,2.08,0,20.948,45.125,14.2116,9.105,9.105,0.0,225,1,2.3
CaZrO3,300.0,3,16.8,32,10.56,8,8.0,62.4,80,29.52,87,87.0,2073.2,752.016,2128.0,14,6.24,3,1.2,2.53,0,1.92,2,0.64,2,0.0,0.0,4.8,4,2,6.0,1.2,2,2.0,1.6,8,2.56,0.0,2.8,8,2.08,0,17.656,28.665,10.2612,9.105,9.105,0.0,225,1,2.3
CaZrO3,400.0,3,16.8,32,10.56,8,8.0,62.4,80,29.52,87,87.0,2073.2,752.016,2128.0,14,6.24,3,1.2,2.53,0,1.92,2,0.64,2,0.0,0.0,4.8,4,2,6.0,1.2,2,2.0,1.6,8,2.56,0.0,2.8,8,2.08,0,17.656,28.665,10.2612,9.105,9.105,0.0,225,1,2.1
CaZrO3,500.0,3,16.8,32,10.56,8,8.0,62.4,80,29.52,87,87.0,2073.2,752.016,2128.0,14,6.24,3,1.2,2.53,0,1.92,2,0.64,2,0.0,0.0,4.8,4,2,6.0,1.2,2,2.0,1.6,8,2.56,0.0,2.8,8,2.08,0,17.656,28.665,10.2612,9.105,9.105,0.0,225,1,2.05
CaZrO3,580.0,3,16.8,32,10.56,8,8.0,62.4,80,29.52,87,87.0,2073.2,752.016,2128.0,14,6.24,3,1.2,2.53,0,1.92,2,0.64,2,0.0,0.0,4.8,4,2,6.0,1.2,2,2.0,1.6,8,2.56,0.0,2.8,8,2.08,0,17.656,28.665,10.2612,9.105,9.105,0.0,225,1,2.0
CaZrO3,680.0,3,16.8,32,10.56,8,8.0,62.4,80,29.52,87,87.0,2073.2,752.016,2128.0,14,6.24,3,1.2,2.53,0,1.92,2,0.64,2,0.0,0.0,4.8,4,2,6.0,1.2,2,2.0,1.6,8,2.56,0.0,2.8,8,2.08,0,17.656,28.665,10.2612,9.105,9.105,0.0,225,1,2.0
CaZrO3,780.0,3,16.8,32,10.56,8,8.0,62.4,80,29.52,87,87.0,2073.2,752.016,2128.0,14,6.24,3,1.2,2.53,0,1.92,2,0.64,2,0.0,0.0,4.8,4,2,6.0,1.2,2,2.0,1.6,8,2.56,0.0,2.8,8,2.08,0,17.656,28.665,10.2612,9.105,9.105,0.0,225,1,2.1
CaZrO3,880.0,3,16.8,32,10.56,8,8.0,62.4,80,29.52,87,87.0,2073.2,752.016,2128.0,14,6.24,3,1.2,2.53,0,1.92,2,0.64,2,0.0,0.0,4.8,4,2,6.0,1.2,2,2.0,1.6,8,2.56,0.0,2.8,8,2.08,0,17.656,28.665,10.2612,9.105,9.105,0.0,225,1,2.15
CaZrO3,990.0,3,16.8,32,10.56,8,8.0,62.4,80,29.52,87,87.0,2073.2,752.016,2128.0,14,6.24,3,1.2,2.53,0,1.92,2,0.64,2,0.0,0.0,4.8,4,2,6.0,1.2,2,2.0,1.6,8,2.56,0.0,2.8,8,2.08,0,17.656,28.665,10.2612,9.105,9.105,0.0,225,1,2.2
Zr0.93O1.86Y0.14O0.21,5.0,3,18.85987261,32,14.31843077,8,8.0,70.92038217,75,21.20051523,87,87.0,2073.2,912.1235101,2128.0,13,5.450241389,3,1.347864011,2.716082803,0,1.797152014,2,0.839790661,2,0.0,0.0,5.27388535,3,3,6.0,1.318471338,2,2.0,2.770700637,9,3.653089375,0.0,4.089171975,7,2.754513368,2,14.31522293,23.26,6.869529596,9.105,9.105,0.0,194,1,3.0
Zr0.93O1.86Y0.14O0.21,100.0,3,18.85987261,32,14.31843077,8,8.0,70.92038217,75,21.20051523,87,87.0,2073.2,912.1235101,2128.0,13,5.450241389,3,1.347864011,2.716082803,0,1.797152014,2,0.839790661,2,0.0,0.0,5.27388535,3,3,6.0,1.318471338,2,2.0,2.770700637,9,3.653089375,0.0,4.089171975,7,2.754513368,2,14.31522293,23.26,6.869529596,9.105,9.105,0.0,194,1,2.8
Zr0.93O1.86Y0.14O0.21,140.0,3,18.85987261,32,14.31843077,8,8.0,70.92038217,75,21.20051523,87,87.0,2073.2,912.1235101,2128.0,13,5.450241389,3,1.347864011,2.716082803,0,1.797152014,2,0.839790661,2,0.0,0.0,5.27388535,3,3,6.0,1.318471338,2,2.0,2.770700637,9,3.653089375,0.0,4.089171975,7,2.754513368,2,14.31522293,23.26,6.869529596,9.105,9.105,0.0,194,1,2.75
Zr0.93O1.86Y0.14O0.21,200.0,3,18.85987261,32,14.31843077,8,8.0,70.92038217,75,21.20051523,87,87.0,2073.2,912.1235101,2128.0,13,5.450241389,3,1.347864011,2.716082803,0,1.797152014,2,0.839790661,2,0.0,0.0,5.27388535,3,3,6.0,1.318471338,2,2.0,2.770700637,9,3.653089375,0.0,4.089171975,7,2.754513368,2,14.31522293,23.26,6.869529596,9.105,9.105,0.0,194,1,2.7
Zr0.93O1.86Y0.14O0.21,250.0,3,18.85987261,32,14.31843077,8,8.0,70.92038217,75,21.20051523,87,87.0,2073.2,912.1235101,2128.0,13,5.450241389,3,1.347864011,2.716082803,0,1.797152014,2,0.839790661,2,0.0,0.0,5.27388535,3,3,6.0,1.318471338,2,2.0,2.770700637,9,3.653089375,0.0,4.089171975,7,2.754513368,2,14.31522293,23.26,6.869529596,9.105,9.105,0.0,194,1,2.65
Zr0.93O1.86Y0.14O0.21,300.0,3,18.85987261,32,14.31843077,8,8.0,70.92038217,75,21.20051523,87,87.0,2073.2,912.1235101,2128.0,13,5.450241389,3,1.347864011,2.716082803,0,1.797152014,2,0.839790661,2,0.0,0.0,5.27388535,3,3,6.0,1.318471338,2,2.0,2.770700637,9,3.653089375,0.0,4.089171975,7,2.754513368,2,14.31522293,23.26,6.869529596,9.105,9.105,0.0,194,1,2.6
Zr0.93O1.86Y0.14O0.21,400.0,3,18.85987261,32,14.31843077,8,8.0,70.92038217,75,21.20051523,87,87.0,2073.2,912.1235101,2128.0,13,5.450241389,3,1.347864011,2.716082803,0,1.797152014,2,0.839790661,2,0.0,0.0,5.27388535,3,3,6.0,1.318471338,2,2.0,2.770700637,9,3.653089375,0.0,4.089171975,7,2.754513368,2,14.31522293,23.26,6.869529596,9.105,9.105,0.0,194,1,2.5
Zr0.93O1.86Y0.14O0.21,500.0,3,18.85987261,32,14.31843077,8,8.0,70.92038217,75,21.20051523,87,87.0,2073.2,912.1235101,2128.0,13,5.450241389,3,1.347864011,2.716082803,0,1.797152014,2,0.839790661,2,0.0,0.0,5.27388535,3,3,6.0,1.318471338,2,2.0,2.770700637,9,3.653089375,0.0,4.089171975,7,2.754513368,2,14.31522293,23.26,6.869529596,9.105,9.105,0.0,194,1,2.4
Zr0.93O1.86Y0.14O0.21,600.0,3,18.85987261,32,14.31843077,8,8.0,70.92038217,75,21.20051523,87,87.0,2073.2,912.1235101,2128.0,13,5.450241389,3,1.347864011,2.716082803,0,1.797152014,2,0.839790661,2,0.0,0.0,5.27388535,3,3,6.0,1.318471338,2,2.0,2.770700637,9,3.653089375,0.0,4.089171975,7,2.754513368,2,14.31522293,23.26,6.869529596,9.105,9.105,0.0,194,1,2.35
Zr0.93O1.86Y0.14O0.21,700.0,3,18.85987261,32,14.31843077,8,8.0,70.92038217,75,21.20051523,87,87.0,2073.2,912.1235101,2128.0,13,5.450241389,3,1.347864011,2.716082803,0,1.797152014,2,0.839790661,2,0.0,0.0,5.27388535,3,3,6.0,1.318471338,2,2.0,2.770700637,9,3.653089375,0.0,4.089171975,7,2.754513368,2,14.31522293,23.26,6.869529596,9.105,9.105,0.0,194,1,2.4
LaPO4,77.0,3,17.33333333,49,13.22222222,8,8.0,74.0,74,20.33333333,87,87.0,1138.2,311.2666667,1193.0,13,3.555555556,4,1.111111111,2.841666667,0,1.111111111,1,0.277777778,1,0.0,0.0,5.333333333,3,3,6.0,1.833333333,3,2.0,1.5,9,2.5,0.0,3.333333333,7,1.888888889,2,15.98128968,27.7925,9.168386243,9.105,9.105,0.0,194,1,3.61
LaPO4,392.0,3,17.33333333,49,13.22222222,8,8.0,74.0,74,20.33333333,87,87.0,1138.2,311.2666667,1193.0,13,3.555555556,4,1.111111111,2.841666667,0,1.111111111,1,0.277777778,1,0.0,0.0,5.333333333,3,3,6.0,1.833333333,3,2.0,1.5,9,2.5,0.0,3.333333333,7,1.888888889,2,15.98128968,27.7925,9.168386243,9.105,9.105,0.0,194,1,2.46
LaPO4,752.0,3,17.33333333,49,13.22222222,8,8.0,74.0,74,20.33333333,87,87.0,1138.2,311.2666667,1193.0,13,3.555555556,4,1.111111111,2.841666667,0,1.111111111,1,0.277777778,1,0.0,0.0,5.333333333,3,3,6.0,1.833333333,3,2.0,1.5,9,2.5,0.0,3.333333333,7,1.888888889,2,15.98128968,27.7925,9.168386243,9.105,9.105,0.0,194,1,1.88
LaPO4,1112.0,3,17.33333333,49,13.22222222,8,8.0,74.0,74,20.33333333,87,87.0,1138.2,311.2666667,1193.0,13,3.555555556,4,1.111111111,2.841666667,0,1.111111111,1,0.277777778,1,0.0,0.0,5.333333333,3,3,6.0,1.833333333,3,2.0,1.5,9,2.5,0.0,3.333333333,7,1.888888889,2,15.98128968,27.7925,9.168386243,9.105,9.105,0.0,194,1,1.56
LaPO4,1472.0,3,17.33333333,49,13.22222222,8,8.0,74.0,74,20.33333333,87,87.0,1138.2,311.2666667,1193.0,13,3.555555556,4,1.111111111,2.841666667,0,1.111111111,1,0.277777778,1,0.0,0.0,5.333333333,3,3,6.0,1.833333333,3,2.0,1.5,9,2.5,0.0,3.333333333,7,1.888888889,2,15.98128968,27.7925,9.168386243,9.105,9.105,0.0,194,1,1.36
LaPO4,1832.0,3,17.33333333,49,13.22222222,8,8.0,74.0,74,20.33333333,87,87.0,1138.2,311.2666667,1193.0,13,3.555555556,4,1.111111111,2.841666667,0,1.111111111,1,0.277777778,1,0.0,0.0,5.333333333,3,3,6.0,1.833333333,3,2.0,1.5,9,2.5,0.0,3.333333333,7,1.888888889,2,15.98128968,27.7925,9.168386243,9.105,9.105,0.0,194,1,1.3
CePO4,77.0,3,17.5,50,13.5,8,8.0,74.33333333,72,19.77777778,87,87.0,1016.2,284.1555556,1071.0,13,3.555555556,4,1.111111111,2.845,0,1.111111111,1,0.277777778,1,0.166666667,0.0,5.5,2,4,6.0,1.833333333,3,2.0,1.5,9,2.5,2.166666667,5.5,20,5.5,2,16.03837302,28.135,9.244497354,9.105,9.105,0.0,194,1,3.14
CePO4,392.0,3,17.5,50,13.5,8,8.0,74.33333333,72,19.77777778,87,87.0,1016.2,284.1555556,1071.0,13,3.555555556,4,1.111111111,2.845,0,1.111111111,1,0.277777778,1,0.166666667,0.0,5.5,2,4,6.0,1.833333333,3,2.0,1.5,9,2.5,2.166666667,5.5,20,5.5,2,16.03837302,28.135,9.244497354,9.105,9.105,0.0,194,1,2.31
CePO4,752.0,3,17.5,50,13.5,8,8.0,74.33333333,72,19.77777778,87,87.0,1016.2,284.1555556,1071.0,13,3.555555556,4,1.111111111,2.845,0,1.111111111,1,0.277777778,1,0.166666667,0.0,5.5,2,4,6.0,1.833333333,3,2.0,1.5,9,2.5,2.166666667,5.5,20,5.5,2,16.03837302,28.135,9.244497354,9.105,9.105,0.0,194,1,1.84
CePO4,1112.0,3,17.5,50,13.5,8,8.0,74.33333333,72,19.77777778,87,87.0,1016.2,284.1555556,1071.0,13,3.555555556,4,1.111111111,2.845,0,1.111111111,1,0.277777778,1,0.166666667,0.0,5.5,2,4,6.0,1.833333333,3,2.0,1.5,9,2.5,2.166666667,5.5,20,5.5,2,16.03837302,28.135,9.244497354,9.105,9.105,0.0,194,1,1.59
CePO4,1472.0,3,17.5,50,13.5,8,8.0,74.33333333,72,19.77777778,87,87.0,1016.2,284.1555556,1071.0,13,3.555555556,4,1.111111111,2.845,0,1.111111111,1,0.277777778,1,0.166666667,0.0,5.5,2,4,6.0,1.833333333,3,2.0,1.5,9,2.5,2.166666667,5.5,20,5.5,2,16.03837302,28.135,9.244497354,9.105,9.105,0.0,194,1,1.52
CePO4,1832.0,3,17.5,50,13.5,8,8.0,74.33333333,72,19.77777778,87,87.0,1016.2,284.1555556,1071.0,13,3.555555556,4,1.111111111,2.845,0,1.111111111,1,0.277777778,1,0.166666667,0.0,5.5,2,4,6.0,1.833333333,3,2.0,1.5,9,2.5,2.166666667,5.5,20,5.5,2,16.03837302,28.135,9.244497354,9.105,9.105,0.0,194,1,1.35
NdPO4,77.0,3,17.83333333,52,14.05555556,8,8.0,75.0,68,18.66666667,87,87.0,1239.2,333.7111111,1294.0,13,3.555555556,4,1.111111111,2.848333333,0,1.111111111,0,0.0,0,0.666666667,0.0,5.833333333,1,5,6.0,1.833333333,3,2.0,0.0,0,0.0,1.666666667,3.5,8,2.166666667,2,15.63337302,25.705,8.704497354,9.105,9.105,0.0,194,1,3.05
NdPO4,392.0,3,17.83333333,52,14.05555556,8,8.0,75.0,68,18.66666667,87,87.0,1239.2,333.7111111,1294.0,13,3.555555556,4,1.111111111,2.848333333,0,1.111111111,0,0.0,0,0.666666667,0.0,5.833333333,1,5,6.0,1.833333333,3,2.0,0.0,0,0.0,1.666666667,3.5,8,2.166666667,2,15.63337302,25.705,8.704497354,9.105,9.105,0.0,194,1,2.38
NdPO4,752.0,3,17.83333333,52,14.05555556,8,8.0,75.0,68,18.66666667,87,87.0,1239.2,333.7111111,1294.0,13,3.555555556,4,1.111111111,2.848333333,0,1.111111111,0,0.0,0,0.666666667,0.0,5.833333333,1,5,6.0,1.833333333,3,2.0,0.0,0,0.0,1.666666667,3.5,8,2.166666667,2,15.63337302,25.705,8.704497354,9.105,9.105,0.0,194,1,1.89
NdPO4,1112.0,3,17.83333333,52,14.05555556,8,8.0,75.0,68,18.66666667,87,87.0,1239.2,333.7111111,1294.0,13,3.555555556,4,1.111111111,2.848333333,0,1.111111111,0,0.0,0,0.666666667,0.0,5.833333333,1,5,6.0,1.833333333,3,2.0,0.0,0,0.0,1.666666667,3.5,8,2.166666667,2,15.63337302,25.705,8.704497354,9.105,9.105,0.0,194,1,1.66
NdPO4,1472.0,3,17.83333333,52,14.05555556,8,8.0,75.0,68,18.66666667,87,87.0,1239.2,333.7111111,1294.0,13,3.555555556,4,1.111111111,2.848333333,0,1.111111111,0,0.0,0,0.666666667,0.0,5.833333333,1,5,6.0,1.833333333,3,2.0,0.0,0,0.0,1.666666667,3.5,8,2.166666667,2,15.63337302,25.705,8.704497354,9.105,9.105,0.0,194,1,1.6
NdPO4,1832.0,3,17.83333333,52,14.05555556,8,8.0,75.0,68,18.66666667,87,87.0,1239.2,333.7111111,1294.0,13,3.555555556,4,1.111111111,2.848333333,0,1.111111111,0,0.0,0,0.666666667,0.0,5.833333333,1,5,6.0,1.833333333,3,2.0,0.0,0,0.0,1.666666667,3.5,8,2.166666667,2,15.63337302,25.705,8.704497354,9.105,9.105,0.0,194,1,1.59
SmPO4,77.0,3,18.16666667,54,14.61111111,8,8.0,75.66666667,64,17.55555556,87,87.0,1290.2,345.0444444,1345.0,13,3.555555556,4,1.111111111,2.853333333,0,1.111111111,0,0.0,0,1.0,0.0,6.166666667,3,5,6.0,1.833333333,3,2.0,0.0,0,0.0,1.333333333,3.166666667,6,1.611111111,2,15.37003968,24.125,8.353386243,9.105,9.105,0.0,166,1,2.87
SmPO4,392.0,3,18.16666667,54,14.61111111,8,8.0,75.66666667,64,17.55555556,87,87.0,1290.2,345.0444444,1345.0,13,3.555555556,4,1.111111111,2.853333333,0,1.111111111,0,0.0,0,1.0,0.0,6.166666667,3,5,6.0,1.833333333,3,2.0,0.0,0,0.0,1.333333333,3.166666667,6,1.611111111,2,15.37003968,24.125,8.353386243,9.105,9.105,0.0,166,1,2.16
SmPO4,752.0,3,18.16666667,54,14.61111111,8,8.0,75.66666667,64,17.55555556,87,87.0,1290.2,345.0444444,1345.0,13,3.555555556,4,1.111111111,2.853333333,0,1.111111111,0,0.0,0,1.0,0.0,6.166666667,3,5,6.0,1.833333333,3,2.0,0.0,0,0.0,1.333333333,3.166666667,6,1.611111111,2,15.37003968,24.125,8.353386243,9.105,9.105,0.0,166,1,1.72
SmPO4,1112.0,3,18.16666667,54,14.61111111,8,8.0,75.66666667,64,17.55555556,87,87.0,1290.2,345.0444444,1345.0,13,3.555555556,4,1.111111111,2.853333333,0,1.111111111,0,0.0,0,1.0,0.0,6.166666667,3,5,6.0,1.833333333,3,2.0,0.0,0,0.0,1.333333333,3.166666667,6,1.611111111,2,15.37003968,24.125,8.353386243,9.105,9.105,0.0,166,1,1.54
SmPO4,1472.0,3,18.16666667,54,14.61111111,8,8.0,75.66666667,64,17.55555556,87,87.0,1290.2,345.0444444,1345.0,13,3.555555556,4,1.111111111,2.853333333,0,1.111111111,0,0.0,0,1.0,0.0,6.166666667,3,5,6.0,1.833333333,3,2.0,0.0,0,0.0,1.333333333,3.166666667,6,1.611111111,2,15.37003968,24.125,8.353386243,9.105,9.105,0.0,166,1,1.47
SmPO4,1832.0,3,18.16666667,54,14.61111111,8,8.0,75.66666667,64,17.55555556,87,87.0,1290.2,345.0444444,1345.0,13,3.555555556,4,1.111111111,2.853333333,0,1.111111111,0,0.0,0,1.0,0.0,6.166666667,3,5,6.0,1.833333333,3,2.0,0.0,0,0.0,1.333333333,3.166666667,6,1.611111111,2,15.37003968,24.125,8.353386243,9.105,9.105,0.0,166,1,1.49
EuPO4,77.0,3,18.33333333,55,14.88888889,8,8.0,76.0,62,17.0,87,87.0,1040.2,289.4888889,1095.0,13,3.555555556,4,1.111111111,2.855833333,0,1.111111111,0,0.0,0,1.166666667,0.0,6.333333333,4,5,6.0,1.833333333,3,2.0,0.0,0,0.0,1.166666667,3.0,5,1.333333333,2,15.90837302,27.355,9.071164021,9.105,9.105,0.0,229,1,2.99
EuPO4,392.0,3,18.33333333,55,14.88888889,8,8.0,76.0,62,17.0,87,87.0,1040.2,289.4888889,1095.0,13,3.555555556,4,1.111111111,2.855833333,0,1.111111111,0,0.0,0,1.166666667,0.0,6.333333333,4,5,6.0,1.833333333,3,2.0,0.0,0,0.0,1.166666667,3.0,5,1.333333333,2,15.90837302,27.355,9.071164021,9.105,9.105,0.0,229,1,2.14
EuPO4,752.0,3,18.33333333,55,14.88888889,8,8.0,76.0,62,17.0,87,87.0,1040.2,289.4888889,1095.0,13,3.555555556,4,1.111111111,2.855833333,0,1.111111111,0,0.0,0,1.166666667,0.0,6.333333333,4,5,6.0,1.833333333,3,2.0,0.0,0,0.0,1.166666667,3.0,5,1.333333333,2,15.90837302,27.355,9.071164021,9.105,9.105,0.0,229,1,1.73
EuPO4,1112.0,3,18.33333333,55,14.88888889,8,8.0,76.0,62,17.0,87,87.0,1040.2,289.4888889,1095.0,13,3.555555556,4,1.111111111,2.855833333,0,1.111111111,0,0.0,0,1.166666667,0.0,6.333333333,4,5,6.0,1.833333333,3,2.0,0.0,0,0.0,1.166666667,3.0,5,1.333333333,2,15.90837302,27.355,9.071164021,9.105,9.105,0.0,229,1,1.57
EuPO4,1472.0,3,18.33333333,55,14.88888889,8,8.0,76.0,62,17.0,87,87.0,1040.2,289.4888889,1095.0,13,3.555555556,4,1.111111111,2.855833333,0,1.111111111,0,0.0,0,1.166666667,0.0,6.333333333,4,5,6.0,1.833333333,3,2.0,0.0,0,0.0,1.166666667,3.0,5,1.333333333,2,15.90837302,27.355,9.071164021,9.105,9.105,0.0,229,1,1.6
EuPO4,1832.0,3,18.33333333,55,14.88888889,8,8.0,76.0,62,17.0,87,87.0,1040.2,289.4888889,1095.0,13,3.555555556,4,1.111111111,2.855833333,0,1.111111111,0,0.0,0,1.166666667,0.0,6.333333333,4,5,6.0,1.833333333,3,2.0,0.0,0,0.0,1.166666667,3.0,5,1.333333333,2,15.90837302,27.355,9.071164021,9.105,9.105,0.0,229,1,1.69
GdPO4,77.0,3,18.5,56,15.16666667,8,8.0,76.33333333,60,16.44444444,87,87.0,1531.2,410.75,1586.0,13,3.555555556,4,1.111111111,2.858333333,0,1.111111111,1,0.277777778,1,1.166666667,0.0,6.5,5,5,6.0,1.833333333,3,2.0,1.5,9,2.5,1.166666667,4.5,14,3.833333333,2,15.17337302,22.945,8.091164021,9.105,9.105,0.0,194,1,3.22
GdPO4,392.0,3,18.5,56,15.16666667,8,8.0,76.33333333,60,16.44444444,87,87.0,1531.2,410.75,1586.0,13,3.555555556,4,1.111111111,2.858333333,0,1.111111111,1,0.277777778,1,1.166666667,0.0,6.5,5,5,6.0,1.833333333,3,2.0,1.5,9,2.5,1.166666667,4.5,14,3.833333333,2,15.17337302,22.945,8.091164021,9.105,9.105,0.0,194,1,2.36
GdPO4,752.0,3,18.5,56,15.16666667,8,8.0,76.33333333,60,16.44444444,87,87.0,1531.2,410.75,1586.0,13,3.555555556,4,1.111111111,2.858333333,0,1.111111111,1,0.277777778,1,1.166666667,0.0,6.5,5,5,6.0,1.833333333,3,2.0,1.5,9,2.5,1.166666667,4.5,14,3.833333333,2,15.17337302,22.945,8.091164021,9.105,9.105,0.0,194,1,1.86
GdPO4,1112.0,3,18.5,56,15.16666667,8,8.0,76.33333333,60,16.44444444,87,87.0,1531.2,410.75,1586.0,13,3.555555556,4,1.111111111,2.858333333,0,1.111111111,1,0.277777778,1,1.166666667,0.0,6.5,5,5,6.0,1.833333333,3,2.0,1.5,9,2.5,1.166666667,4.5,14,3.833333333,2,15.17337302,22.945,8.091164021,9.105,9.105,0.0,194,1,1.66
GdPO4,1472.0,3,18.5,56,15.16666667,8,8.0,76.33333333,60,16.44444444,87,87.0,1531.2,410.75,1586.0,13,3.555555556,4,1.111111111,2.858333333,0,1.111111111,1,0.277777778,1,1.166666667,0.0,6.5,5,5,6.0,1.833333333,3,2.0,1.5,9,2.5,1.166666667,4.5,14,3.833333333,2,15.17337302,22.945,8.091164021,9.105,9.105,0.0,194,1,1.68
GdPO4,1832.0,3,18.5,56,15.16666667,8,8.0,76.33333333,60,16.44444444,87,87.0,1531.2,410.75,1586.0,13,3.555555556,4,1.111111111,2.858333333,0,1.111111111,1,0.277777778,1,1.166666667,0.0,6.5,5,5,6.0,1.833333333,3,2.0,1.5,9,2.5,1.166666667,4.5,14,3.833333333,2,15.17337302,22.945,8.091164021,9.105,9.105,0.0,194,1,1.93
GdTaO4,380.0,3,28.16666667,65,26.88888889,8,8.0,70.5,60,22.0,87,87.0,3235.2,1059.2,3290.0,13,5.333333333,4,1.777777778,2.743333333,0,1.777777778,3,0.888888889,3,3.5,0.0,8.833333333,13,6,6.0,1.333333333,2,2.0,2.666666667,9,3.555555556,1.166666667,5.166666667,14,4.222222222,2,14.43166667,22.945,7.102222222,9.105,9.105,0.0,229,1,3.6
GdTaO4,480.0,3,28.16666667,65,26.88888889,8,8.0,70.5,60,22.0,87,87.0,3235.2,1059.2,3290.0,13,5.333333333,4,1.777777778,2.743333333,0,1.777777778,3,0.888888889,3,3.5,0.0,8.833333333,13,6,6.0,1.333333333,2,2.0,2.666666667,9,3.555555556,1.166666667,5.166666667,14,4.222222222,2,14.43166667,22.945,7.102222222,9.105,9.105,0.0,229,1,3.1
GdTaO4,580.0,3,28.16666667,65,26.88888889,8,8.0,70.5,60,22.0,87,87.0,3235.2,1059.2,3290.0,13,5.333333333,4,1.777777778,2.743333333,0,1.777777778,3,0.888888889,3,3.5,0.0,8.833333333,13,6,6.0,1.333333333,2,2.0,2.666666667,9,3.555555556,1.166666667,5.166666667,14,4.222222222,2,14.43166667,22.945,7.102222222,9.105,9.105,0.0,229,1,2.6
GdTaO4,680.0,3,28.16666667,65,26.88888889,8,8.0,70.5,60,22.0,87,87.0,3235.2,1059.2,3290.0,13,5.333333333,4,1.777777778,2.743333333,0,1.777777778,3,0.888888889,3,3.5,0.0,8.833333333,13,6,6.0,1.333333333,2,2.0,2.666666667,9,3.555555556,1.166666667,5.166666667,14,4.222222222,2,14.43166667,22.945,7.102222222,9.105,9.105,0.0,229,1,2.4
GdTaO4,780.0,3,28.16666667,65,26.88888889,8,8.0,70.5,60,22.0,87,87.0,3235.2,1059.2,3290.0,13,5.333333333,4,1.777777778,2.743333333,0,1.777777778,3,0.888888889,3,3.5,0.0,8.833333333,13,6,6.0,1.333333333,2,2.0,2.666666667,9,3.555555556,1.166666667,5.166666667,14,4.222222222,2,14.43166667,22.945,7.102222222,9.105,9.105,0.0,229,1,2.2
GdTaO4,880.0,3,28.16666667,65,26.88888889,8,8.0,70.5,60,22.0,87,87.0,3235.2,1059.2,3290.0,13,5.333333333,4,1.777777778,2.743333333,0,1.777777778,3,0.888888889,3,3.5,0.0,8.833333333,13,6,6.0,1.333333333,2,2.0,2.666666667,9,3.555555556,1.166666667,5.166666667,14,4.222222222,2,14.43166667,22.945,7.102222222,9.105,9.105,0.0,229,1,2.0
GdTaO4,980.0,3,28.16666667,65,26.88888889,8,8.0,70.5,60,22.0,87,87.0,3235.2,1059.2,3290.0,13,5.333333333,4,1.777777778,2.743333333,0,1.777777778,3,0.888888889,3,3.5,0.0,8.833333333,13,6,6.0,1.333333333,2,2.0,2.666666667,9,3.555555556,1.166666667,5.166666667,14,4.222222222,2,14.43166667,22.945,7.102222222,9.105,9.105,0.0,229,1,1.9
GdTaO4,1080.0,3,28.16666667,65,26.88888889,8,8.0,70.5,60,22.0,87,87.0,3235.2,1059.2,3290.0,13,5.333333333,4,1.777777778,2.743333333,0,1.777777778,3,0.888888889,3,3.5,0.0,8.833333333,13,6,6.0,1.333333333,2,2.0,2.666666667,9,3.555555556,1.166666667,5.166666667,14,4.222222222,2,14.43166667,22.945,7.102222222,9.105,9.105,0.0,229,1,1.8
Dy3NbO7,300.0,3,26.81818182,58,23.95041322,8,8.0,68.09090909,56,24.0661157,87,87.0,2695.2,877.6958678,2750.0,13,5.785123967,4,1.73553719,2.667272727,1,1.851239669,4,0.661157025,4,2.727272727,0.0,7.545454545,7,5,6.0,1.272727273,2,2.0,0.545454545,6,0.991735537,1.090909091,3.0,5,1.272727273,2,15.96681818,22.135,8.73322314,9.105,9.105,0.0,229,1,1.0
Dy3NbO7,380.0,3,26.81818182,58,23.95041322,8,8.0,68.09090909,56,24.0661157,87,87.0,2695.2,877.6958678,2750.0,13,5.785123967,4,1.73553719,2.667272727,1,1.851239669,4,0.661157025,4,2.727272727,0.0,7.545454545,7,5,6.0,1.272727273,2,2.0,0.545454545,6,0.991735537,1.090909091,3.0,5,1.272727273,2,15.96681818,22.135,8.73322314,9.105,9.105,0.0,229,1,1.15
Dy3NbO7,480.0,3,26.81818182,58,23.95041322,8,8.0,68.09090909,56,24.0661157,87,87.0,2695.2,877.6958678,2750.0,13,5.785123967,4,1.73553719,2.667272727,1,1.851239669,4,0.661157025,4,2.727272727,0.0,7.545454545,7,5,6.0,1.272727273,2,2.0,0.545454545,6,0.991735537,1.090909091,3.0,5,1.272727273,2,15.96681818,22.135,8.73322314,9.105,9.105,0.0,229,1,1.2
Dy3NbO7,580.0,3,26.81818182,58,23.95041322,8,8.0,68.09090909,56,24.0661157,87,87.0,2695.2,877.6958678,2750.0,13,5.785123967,4,1.73553719,2.667272727,1,1.851239669,4,0.661157025,4,2.727272727,0.0,7.545454545,7,5,6.0,1.272727273,2,2.0,0.545454545,6,0.991735537,1.090909091,3.0,5,1.272727273,2,15.96681818,22.135,8.73322314,9.105,9.105,0.0,229,1,1.2
Dy3NbO7,680.0,3,26.81818182,58,23.95041322,8,8.0,68.09090909,56,24.0661157,87,87.0,2695.2,877.6958678,2750.0,13,5.785123967,4,1.73553719,2.667272727,1,1.851239669,4,0.661157025,4,2.727272727,0.0,7.545454545,7,5,6.0,1.272727273,2,2.0,0.545454545,6,0.991735537,1.090909091,3.0,5,1.272727273,2,15.96681818,22.135,8.73322314,9.105,9.105,0.0,229,1,1.25
Dy3NbO7,780.0,3,26.81818182,58,23.95041322,8,8.0,68.09090909,56,24.0661157,87,87.0,2695.2,877.6958678,2750.0,13,5.785123967,4,1.73553719,2.667272727,1,1.851239669,4,0.661157025,4,2.727272727,0.0,7.545454545,7,5,6.0,1.272727273,2,2.0,0.545454545,6,0.991735537,1.090909091,3.0,5,1.272727273,2,15.96681818,22.135,8.73322314,9.105,9.105,0.0,229,1,1.3
Dy3NbO7,880.0,3,26.81818182,58,23.95041322,8,8.0,68.09090909,56,24.0661157,87,87.0,2695.2,877.6958678,2750.0,13,5.785123967,4,1.73553719,2.667272727,1,1.851239669,4,0.661157025,4,2.727272727,0.0,7.545454545,7,5,6.0,1.272727273,2,2.0,0.545454545,6,0.991735537,1.090909091,3.0,5,1.272727273,2,15.96681818,22.135,8.73322314,9.105,9.105,0.0,229,1,1.35
Dy3NbO7,980.0,3,26.81818182,58,23.95041322,8,8.0,68.09090909,56,24.0661157,87,87.0,2695.2,877.6958678,2750.0,13,5.785123967,4,1.73553719,2.667272727,1,1.851239669,4,0.661157025,4,2.727272727,0.0,7.545454545,7,5,6.0,1.272727273,2,2.0,0.545454545,6,0.991735537,1.090909091,3.0,5,1.272727273,2,15.96681818,22.135,8.73322314,9.105,9.105,0.0,229,1,1.4
Dy3NbO7,1080.0,3,26.81818182,58,23.95041322,8,8.0,68.09090909,56,24.0661157,87,87.0,2695.2,877.6958678,2750.0,13,5.785123967,4,1.73553719,2.667272727,1,1.851239669,4,0.661157025,4,2.727272727,0.0,7.545454545,7,5,6.0,1.272727273,2,2.0,0.545454545,6,0.991735537,1.090909091,3.0,5,1.272727273,2,15.96681818,22.135,8.73322314,9.105,9.105,0.0,229,1,1.4
Dy3NbO7,1180.0,3,26.81818182,58,23.95041322,8,8.0,68.09090909,56,24.0661157,87,87.0,2695.2,877.6958678,2750.0,13,5.785123967,4,1.73553719,2.667272727,1,1.851239669,4,0.661157025,4,2.727272727,0.0,7.545454545,7,5,6.0,1.272727273,2,2.0,0.545454545,6,0.991735537,1.090909091,3.0,5,1.272727273,2,15.96681818,22.135,8.73322314,9.105,9.105,0.0,229,1,1.4
Dy3NbO7,1280.0,3,26.81818182,58,23.95041322,8,8.0,68.09090909,56,24.0661157,87,87.0,2695.2,877.6958678,2750.0,13,5.785123967,4,1.73553719,2.667272727,1,1.851239669,4,0.661157025,4,2.727272727,0.0,7.545454545,7,5,6.0,1.272727273,2,2.0,0.545454545,6,0.991735537,1.090909091,3.0,5,1.272727273,2,15.96681818,22.135,8.73322314,9.105,9.105,0.0,229,1,1.35
Y3NbO7,300.0,3,19.45454545,33,14.5785124,8,8.0,62.90909091,75,30.66115702,87,87.0,2695.2,917.2661157,2750.0,13,5.785123967,3,1.388429752,2.667272727,1,1.851239669,4,0.809917355,4,0.0,0.0,5.090909091,3,3,6.0,1.272727273,2,2.0,3.0,9,3.818181818,0.0,4.363636364,7,3.008264463,2,16.27363636,23.26,9.123719008,9.105,9.105,0.0,229,1,1.4
Y3NbO7,380.0,3,19.45454545,33,14.5785124,8,8.0,62.90909091,75,30.66115702,87,87.0,2695.2,917.2661157,2750.0,13,5.785123967,3,1.388429752,2.667272727,1,1.851239669,4,0.809917355,4,0.0,0.0,5.090909091,3,3,6.0,1.272727273,2,2.0,3.0,9,3.818181818,0.0,4.363636364,7,3.008264463,2,16.27363636,23.26,9.123719008,9.105,9.105,0.0,229,1,1.5
Y3NbO7,480.0,3,19.45454545,33,14.5785124,8,8.0,62.90909091,75,30.66115702,87,87.0,2695.2,917.2661157,2750.0,13,5.785123967,3,1.388429752,2.667272727,1,1.851239669,4,0.809917355,4,0.0,0.0,5.090909091,3,3,6.0,1.272727273,2,2.0,3.0,9,3.818181818,0.0,4.363636364,7,3.008264463,2,16.27363636,23.26,9.123719008,9.105,9.105,0.0,229,1,1.45
Y3NbO7,580.0,3,19.45454545,33,14.5785124,8,8.0,62.90909091,75,30.66115702,87,87.0,2695.2,917.2661157,2750.0,13,5.785123967,3,1.388429752,2.667272727,1,1.851239669,4,0.809917355,4,0.0,0.0,5.090909091,3,3,6.0,1.272727273,2,2.0,3.0,9,3.818181818,0.0,4.363636364,7,3.008264463,2,16.27363636,23.26,9.123719008,9.105,9.105,0.0,229,1,1.52
Y3NbO7,680.0,3,19.45454545,33,14.5785124,8,8.0,62.90909091,75,30.66115702,87,87.0,2695.2,917.2661157,2750.0,13,5.785123967,3,1.388429752,2.667272727,1,1.851239669,4,0.809917355,4,0.0,0.0,5.090909091,3,3,6.0,1.272727273,2,2.0,3.0,9,3.818181818,0.0,4.363636364,7,3.008264463,2,16.27363636,23.26,9.123719008,9.105,9.105,0.0,229,1,1.5
Y3NbO7,780.0,3,19.45454545,33,14.5785124,8,8.0,62.90909091,75,30.66115702,87,87.0,2695.2,917.2661157,2750.0,13,5.785123967,3,1.388429752,2.667272727,1,1.851239669,4,0.809917355,4,0.0,0.0,5.090909091,3,3,6.0,1.272727273,2,2.0,3.0,9,3.818181818,0.0,4.363636364,7,3.008264463,2,16.27363636,23.26,9.123719008,9.105,9.105,0.0,229,1,1.53
Y3NbO7,880.0,3,19.45454545,33,14.5785124,8,8.0,62.90909091,75,30.66115702,87,87.0,2695.2,917.2661157,2750.0,13,5.785123967,3,1.388429752,2.667272727,1,1.851239669,4,0.809917355,4,0.0,0.0,5.090909091,3,3,6.0,1.272727273,2,2.0,3.0,9,3.818181818,0.0,4.363636364,7,3.008264463,2,16.27363636,23.26,9.123719008,9.105,9.105,0.0,229,1,1.55
Y3NbO7,980.0,3,19.45454545,33,14.5785124,8,8.0,62.90909091,75,30.66115702,87,87.0,2695.2,917.2661157,2750.0,13,5.785123967,3,1.388429752,2.667272727,1,1.851239669,4,0.809917355,4,0.0,0.0,5.090909091,3,3,6.0,1.272727273,2,2.0,3.0,9,3.818181818,0.0,4.363636364,7,3.008264463,2,16.27363636,23.26,9.123719008,9.105,9.105,0.0,229,1,1.57
Y3NbO7,1080.0,3,19.45454545,33,14.5785124,8,8.0,62.90909091,75,30.66115702,87,87.0,2695.2,917.2661157,2750.0,13,5.785123967,3,1.388429752,2.667272727,1,1.851239669,4,0.809917355,4,0.0,0.0,5.090909091,3,3,6.0,1.272727273,2,2.0,3.0,9,3.818181818,0.0,4.363636364,7,3.008264463,2,16.27363636,23.26,9.123719008,9.105,9.105,0.0,229,1,1.6
Y3NbO7,1180.0,3,19.45454545,33,14.5785124,8,8.0,62.90909091,75,30.66115702,87,87.0,2695.2,917.2661157,2750.0,13,5.785123967,3,1.388429752,2.667272727,1,1.851239669,4,0.809917355,4,0.0,0.0,5.090909091,3,3,6.0,1.272727273,2,2.0,3.0,9,3.818181818,0.0,4.363636364,7,3.008264463,2,16.27363636,23.26,9.123719008,9.105,9.105,0.0,229,1,1.63
Y3NbO7,1280.0,3,19.45454545,33,14.5785124,8,8.0,62.90909091,75,30.66115702,87,87.0,2695.2,917.2661157,2750.0,13,5.785123967,3,1.388429752,2.667272727,1,1.851239669,4,0.809917355,4,0.0,0.0,5.090909091,3,3,6.0,1.272727273,2,2.0,3.0,9,3.818181818,0.0,4.363636364,7,3.008264463,2,16.27363636,23.26,9.123719008,9.105,9.105,0.0,229,1,1.65
Er3NbO7,300.0,3,27.36363636,60,24.6446281,8,8.0,69.18181818,52,22.67768595,87,87.0,2695.2,907.2,2750.0,13,5.785123967,4,1.73553719,2.672727273,1,1.851239669,4,0.661157025,4,3.272727273,0.0,8.090909091,9,5,6.0,1.272727273,2,2.0,0.545454545,6,0.991735537,0.545454545,2.454545455,5,0.826446281,2,15.78818182,21.48,8.505867769,9.105,9.105,0.0,229,1,1.1
Er3NbO7,380.0,3,27.36363636,60,24.6446281,8,8.0,69.18181818,52,22.67768595,87,87.0,2695.2,907.2,2750.0,13,5.785123967,4,1.73553719,2.672727273,1,1.851239669,4,0.661157025,4,3.272727273,0.0,8.090909091,9,5,6.0,1.272727273,2,2.0,0.545454545,6,0.991735537,0.545454545,2.454545455,5,0.826446281,2,15.78818182,21.48,8.505867769,9.105,9.105,0.0,229,1,1.1
Er3NbO7,480.0,3,27.36363636,60,24.6446281,8,8.0,69.18181818,52,22.67768595,87,87.0,2695.2,907.2,2750.0,13,5.785123967,4,1.73553719,2.672727273,1,1.851239669,4,0.661157025,4,3.272727273,0.0,8.090909091,9,5,6.0,1.272727273,2,2.0,0.545454545,6,0.991735537,0.545454545,2.454545455,5,0.826446281,2,15.78818182,21.48,8.505867769,9.105,9.105,0.0,229,1,1.13
Er3NbO7,580.0,3,27.36363636,60,24.6446281,8,8.0,69.18181818,52,22.67768595,87,87.0,2695.2,907.2,2750.0,13,5.785123967,4,1.73553719,2.672727273,1,1.851239669,4,0.661157025,4,3.272727273,0.0,8.090909091,9,5,6.0,1.272727273,2,2.0,0.545454545,6,0.991735537,0.545454545,2.454545455,5,0.826446281,2,15.78818182,21.48,8.505867769,9.105,9.105,0.0,229,1,1.16
Er3NbO7,680.0,3,27.36363636,60,24.6446281,8,8.0,69.18181818,52,22.67768595,87,87.0,2695.2,907.2,2750.0,13,5.785123967,4,1.73553719,2.672727273,1,1.851239669,4,0.661157025,4,3.272727273,0.0,8.090909091,9,5,6.0,1.272727273,2,2.0,0.545454545,6,0.991735537,0.545454545,2.454545455,5,0.826446281,2,15.78818182,21.48,8.505867769,9.105,9.105,0.0,229,1,1.15
Er3NbO7,780.0,3,27.36363636,60,24.6446281,8,8.0,69.18181818,52,22.67768595,87,87.0,2695.2,907.2,2750.0,13,5.785123967,4,1.73553719,2.672727273,1,1.851239669,4,0.661157025,4,3.272727273,0.0,8.090909091,9,5,6.0,1.272727273,2,2.0,0.545454545,6,0.991735537,0.545454545,2.454545455,5,0.826446281,2,15.78818182,21.48,8.505867769,9.105,9.105,0.0,229,1,1.18
Er3NbO7,880.0,3,27.36363636,60,24.6446281,8,8.0,69.18181818,52,22.67768595,87,87.0,2695.2,907.2,2750.0,13,5.785123967,4,1.73553719,2.672727273,1,1.851239669,4,0.661157025,4,3.272727273,0.0,8.090909091,9,5,6.0,1.272727273,2,2.0,0.545454545,6,0.991735537,0.545454545,2.454545455,5,0.826446281,2,15.78818182,21.48,8.505867769,9.105,9.105,0.0,229,1,1.17
Er3NbO7,980.0,3,27.36363636,60,24.6446281,8,8.0,69.18181818,52,22.67768595,87,87.0,2695.2,907.2,2750.0,13,5.785123967,4,1.73553719,2.672727273,1,1.851239669,4,0.661157025,4,3.272727273,0.0,8.090909091,9,5,6.0,1.272727273,2,2.0,0.545454545,6,0.991735537,0.545454545,2.454545455,5,0.826446281,2,15.78818182,21.48,8.505867769,9.105,9.105,0.0,229,1,1.16
Er3NbO7,1080.0,3,27.36363636,60,24.6446281,8,8.0,69.18181818,52,22.67768595,87,87.0,2695.2,907.2,2750.0,13,5.785123967,4,1.73553719,2.672727273,1,1.851239669,4,0.661157025,4,3.272727273,0.0,8.090909091,9,5,6.0,1.272727273,2,2.0,0.545454545,6,0.991735537,0.545454545,2.454545455,5,0.826446281,2,15.78818182,21.48,8.505867769,9.105,9.105,0.0,229,1,1.2
Er3NbO7,1180.0,3,27.36363636,60,24.6446281,8,8.0,69.18181818,52,22.67768595,87,87.0,2695.2,907.2,2750.0,13,5.785123967,4,1.73553719,2.672727273,1,1.851239669,4,0.661157025,4,3.272727273,0.0,8.090909091,9,5,6.0,1.272727273,2,2.0,0.545454545,6,0.991735537,0.545454545,2.454545455,5,0.826446281,2,15.78818182,21.48,8.505867769,9.105,9.105,0.0,229,1,1.18
Er3NbO7,1280.0,3,27.36363636,60,24.6446281,8,8.0,69.18181818,52,22.67768595,87,87.0,2695.2,907.2,2750.0,13,5.785123967,4,1.73553719,2.672727273,1,1.851239669,4,0.661157025,4,3.272727273,0.0,8.090909091,9,5,6.0,1.272727273,2,2.0,0.545454545,6,0.991735537,0.545454545,2.454545455,5,0.826446281,2,15.78818182,21.48,8.505867769,9.105,9.105,0.0,229,1,1.19
Yb3NbO7,300.0,3,27.90909091,62,25.33884298,8,8.0,70.27272727,48,21.2892562,87,87.0,2695.2,671.861157,2750.0,13,5.785123967,4,1.73553719,2.678181818,1,1.851239669,4,0.661157025,4,3.818181818,0.0,8.636363636,11,5,6.0,1.272727273,2,2.0,0.545454545,6,0.991735537,0.0,1.909090909,7,1.041322314,0,16.75227273,25.015,9.732892562,9.105,9.105,0.0,229,1,1.25
Yb3NbO7,380.0,3,27.90909091,62,25.33884298,8,8.0,70.27272727,48,21.2892562,87,87.0,2695.2,671.861157,2750.0,13,5.785123967,4,1.73553719,2.678181818,1,1.851239669,4,0.661157025,4,3.818181818,0.0,8.636363636,11,5,6.0,1.272727273,2,2.0,0.545454545,6,0.991735537,0.0,1.909090909,7,1.041322314,0,16.75227273,25.015,9.732892562,9.105,9.105,0.0,229,1,1.23
Yb3NbO7,480.0,3,27.90909091,62,25.33884298,8,8.0,70.27272727,48,21.2892562,87,87.0,2695.2,671.861157,2750.0,13,5.785123967,4,1.73553719,2.678181818,1,1.851239669,4,0.661157025,4,3.818181818,0.0,8.636363636,11,5,6.0,1.272727273,2,2.0,0.545454545,6,0.991735537,0.0,1.909090909,7,1.041322314,0,16.75227273,25.015,9.732892562,9.105,9.105,0.0,229,1,1.2
Yb3NbO7,580.0,3,27.90909091,62,25.33884298,8,8.0,70.27272727,48,21.2892562,87,87.0,2695.2,671.861157,2750.0,13,5.785123967,4,1.73553719,2.678181818,1,1.851239669,4,0.661157025,4,3.818181818,0.0,8.636363636,11,5,6.0,1.272727273,2,2.0,0.545454545,6,0.991735537,0.0,1.909090909,7,1.041322314,0,16.75227273,25.015,9.732892562,9.105,9.105,0.0,229,1,1.2
Yb3NbO7,680.0,3,27.90909091,62,25.33884298,8,8.0,70.27272727,48,21.2892562,87,87.0,2695.2,671.861157,2750.0,13,5.785123967,4,1.73553719,2.678181818,1,1.851239669,4,0.661157025,4,3.818181818,0.0,8.636363636,11,5,6.0,1.272727273,2,2.0,0.545454545,6,0.991735537,0.0,1.909090909,7,1.041322314,0,16.75227273,25.015,9.732892562,9.105,9.105,0.0,229,1,1.25
Yb3NbO7,780.0,3,27.90909091,62,25.33884298,8,8.0,70.27272727,48,21.2892562,87,87.0,2695.2,671.861157,2750.0,13,5.785123967,4,1.73553719,2.678181818,1,1.851239669,4,0.661157025,4,3.818181818,0.0,8.636363636,11,5,6.0,1.272727273,2,2.0,0.545454545,6,0.991735537,0.0,1.909090909,7,1.041322314,0,16.75227273,25.015,9.732892562,9.105,9.105,0.0,229,1,1.27
Yb3NbO7,880.0,3,27.90909091,62,25.33884298,8,8.0,70.27272727,48,21.2892562,87,87.0,2695.2,671.861157,2750.0,13,5.785123967,4,1.73553719,2.678181818,1,1.851239669,4,0.661157025,4,3.818181818,0.0,8.636363636,11,5,6.0,1.272727273,2,2.0,0.545454545,6,0.991735537,0.0,1.909090909,7,1.041322314,0,16.75227273,25.015,9.732892562,9.105,9.105,0.0,229,1,1.25
Yb3NbO7,980.0,3,27.90909091,62,25.33884298,8,8.0,70.27272727,48,21.2892562,87,87.0,2695.2,671.861157,2750.0,13,5.785123967,4,1.73553719,2.678181818,1,1.851239669,4,0.661157025,4,3.818181818,0.0,8.636363636,11,5,6.0,1.272727273,2,2.0,0.545454545,6,0.991735537,0.0,1.909090909,7,1.041322314,0,16.75227273,25.015,9.732892562,9.105,9.105,0.0,229,1,1.27
Yb3NbO7,1080.0,3,27.90909091,62,25.33884298,8,8.0,70.27272727,48,21.2892562,87,87.0,2695.2,671.861157,2750.0,13,5.785123967,4,1.73553719,2.678181818,1,1.851239669,4,0.661157025,4,3.818181818,0.0,8.636363636,11,5,6.0,1.272727273,2,2.0,0.545454545,6,0.991735537,0.0,1.909090909,7,1.041322314,0,16.75227273,25.015,9.732892562,9.105,9.105,0.0,229,1,1.2
Yb3NbO7,1180.0,3,27.90909091,62,25.33884298,8,8.0,70.27272727,48,21.2892562,87,87.0,2695.2,671.861157,2750.0,13,5.785123967,4,1.73553719,2.678181818,1,1.851239669,4,0.661157025,4,3.818181818,0.0,8.636363636,11,5,6.0,1.272727273,2,2.0,0.545454545,6,0.991735537,0.0,1.909090909,7,1.041322314,0,16.75227273,25.015,9.732892562,9.105,9.105,0.0,229,1,1.25
Yb3NbO7,1280.0,3,27.90909091,62,25.33884298,8,8.0,70.27272727,48,21.2892562,87,87.0,2695.2,671.861157,2750.0,13,5.785123967,4,1.73553719,2.678181818,1,1.851239669,4,0.661157025,4,3.818181818,0.0,8.636363636,11,5,6.0,1.272727273,2,2.0,0.545454545,6,0.991735537,0.0,1.909090909,7,1.041322314,0,16.75227273,25.015,9.732892562,9.105,9.105,0.0,229,1,1.24
LaMg0.25Al0.5Ta0.25O3,300.0,5,21.75,65,19.225,8,8.0,67.9,74,23.95,87,87.0,3235.2,624.8124,3290.0,14,5.21,4,1.425,2.5855,0,1.8,3,0.525,3,0.7,0.0,5.55,17,2,6.0,1.7,5,2.0,2.15,9,3.225,0.0,3.85,9,2.605,0,16.541,27.7925,8.9354,9.105,9.105,0.0,229,0,1.95
LaMg0.25Al0.5Ta0.25O3,380.0,5,21.75,65,19.225,8,8.0,67.9,74,23.95,87,87.0,3235.2,624.8124,3290.0,14,5.21,4,1.425,2.5855,0,1.8,3,0.525,3,0.7,0.0,5.55,17,2,6.0,1.7,5,2.0,2.15,9,3.225,0.0,3.85,9,2.605,0,16.541,27.7925,8.9354,9.105,9.105,0.0,229,0,1.9
LaMg0.25Al0.5Ta0.25O3,480.0,5,21.75,65,19.225,8,8.0,67.9,74,23.95,87,87.0,3235.2,624.8124,3290.0,14,5.21,4,1.425,2.5855,0,1.8,3,0.525,3,0.7,0.0,5.55,17,2,6.0,1.7,5,2.0,2.15,9,3.225,0.0,3.85,9,2.605,0,16.541,27.7925,8.9354,9.105,9.105,0.0,229,0,1.8
LaMg0.25Al0.5Ta0.25O3,580.0,5,21.75,65,19.225,8,8.0,67.9,74,23.95,87,87.0,3235.2,624.8124,3290.0,14,5.21,4,1.425,2.5855,0,1.8,3,0.525,3,0.7,0.0,5.55,17,2,6.0,1.7,5,2.0,2.15,9,3.225,0.0,3.85,9,2.605,0,16.541,27.7925,8.9354,9.105,9.105,0.0,229,0,1.7
LaMg0.25Al0.5Ta0.25O3,680.0,5,21.75,65,19.225,8,8.0,67.9,74,23.95,87,87.0,3235.2,624.8124,3290.0,14,5.21,4,1.425,2.5855,0,1.8,3,0.525,3,0.7,0.0,5.55,17,2,6.0,1.7,5,2.0,2.15,9,3.225,0.0,3.85,9,2.605,0,16.541,27.7925,8.9354,9.105,9.105,0.0,229,0,1.65
LaMg0.25Al0.5Ta0.25O3,780.0,5,21.75,65,19.225,8,8.0,67.9,74,23.95,87,87.0,3235.2,624.8124,3290.0,14,5.21,4,1.425,2.5855,0,1.8,3,0.525,3,0.7,0.0,5.55,17,2,6.0,1.7,5,2.0,2.15,9,3.225,0.0,3.85,9,2.605,0,16.541,27.7925,8.9354,9.105,9.105,0.0,229,0,1.6
LaMg0.25Al0.5Ta0.25O3,880.0,5,21.75,65,19.225,8,8.0,67.9,74,23.95,87,87.0,3235.2,624.8124,3290.0,14,5.21,4,1.425,2.5855,0,1.8,3,0.525,3,0.7,0.0,5.55,17,2,6.0,1.7,5,2.0,2.15,9,3.225,0.0,3.85,9,2.605,0,16.541,27.7925,8.9354,9.105,9.105,0.0,229,0,1.57
LaMg0.25Al0.5Ta0.25O3,980.0,5,21.75,65,19.225,8,8.0,67.9,74,23.95,87,87.0,3235.2,624.8124,3290.0,14,5.21,4,1.425,2.5855,0,1.8,3,0.525,3,0.7,0.0,5.55,17,2,6.0,1.7,5,2.0,2.15,9,3.225,0.0,3.85,9,2.605,0,16.541,27.7925,8.9354,9.105,9.105,0.0,229,0,1.55
LaMg0.25Al0.5Ta0.25O3,1080.0,5,21.75,65,19.225,8,8.0,67.9,74,23.95,87,87.0,3235.2,624.8124,3290.0,14,5.21,4,1.425,2.5855,0,1.8,3,0.525,3,0.7,0.0,5.55,17,2,6.0,1.7,5,2.0,2.15,9,3.225,0.0,3.85,9,2.605,0,16.541,27.7925,8.9354,9.105,9.105,0.0,229,0,1.56
LaMg0.25Al0.5Ta0.25O3,1180.0,5,21.75,65,19.225,8,8.0,67.9,74,23.95,87,87.0,3235.2,624.8124,3290.0,14,5.21,4,1.425,2.5855,0,1.8,3,0.525,3,0.7,0.0,5.55,17,2,6.0,1.7,5,2.0,2.15,9,3.225,0.0,3.85,9,2.605,0,16.541,27.7925,8.9354,9.105,9.105,0.0,229,0,1.58
Dy2Zr2O7,300.0,3,24.36363636,58,20.82644628,8,8.0,69.0,56,22.90909091,87,87.0,2073.2,856.985124,2128.0,13,5.785123967,4,1.619834711,2.652727273,0,1.851239669,2,0.595041322,2,1.818181818,0.0,6.727272727,8,4,6.0,1.272727273,2,2.0,1.454545455,8,2.380165289,0.727272727,3.454545455,6,1.851239669,2,15.69136364,22.135,8.382644628,9.105,9.105,0.0,194,1,1.0
Dy2Zr2O7,380.0,3,24.36363636,58,20.82644628,8,8.0,69.0,56,22.90909091,87,87.0,2073.2,856.985124,2128.0,13,5.785123967,4,1.619834711,2.652727273,0,1.851239669,2,0.595041322,2,1.818181818,0.0,6.727272727,8,4,6.0,1.272727273,2,2.0,1.454545455,8,2.380165289,0.727272727,3.454545455,6,1.851239669,2,15.69136364,22.135,8.382644628,9.105,9.105,0.0,194,1,1.1
Dy2Zr2O7,480.0,3,24.36363636,58,20.82644628,8,8.0,69.0,56,22.90909091,87,87.0,2073.2,856.985124,2128.0,13,5.785123967,4,1.619834711,2.652727273,0,1.851239669,2,0.595041322,2,1.818181818,0.0,6.727272727,8,4,6.0,1.272727273,2,2.0,1.454545455,8,2.380165289,0.727272727,3.454545455,6,1.851239669,2,15.69136364,22.135,8.382644628,9.105,9.105,0.0,194,1,1.14
Dy2Zr2O7,580.0,3,24.36363636,58,20.82644628,8,8.0,69.0,56,22.90909091,87,87.0,2073.2,856.985124,2128.0,13,5.785123967,4,1.619834711,2.652727273,0,1.851239669,2,0.595041322,2,1.818181818,0.0,6.727272727,8,4,6.0,1.272727273,2,2.0,1.454545455,8,2.380165289,0.727272727,3.454545455,6,1.851239669,2,15.69136364,22.135,8.382644628,9.105,9.105,0.0,194,1,1.2
Dy2Zr2O7,680.0,3,24.36363636,58,20.82644628,8,8.0,69.0,56,22.90909091,87,87.0,2073.2,856.985124,2128.0,13,5.785123967,4,1.619834711,2.652727273,0,1.851239669,2,0.595041322,2,1.818181818,0.0,6.727272727,8,4,6.0,1.272727273,2,2.0,1.454545455,8,2.380165289,0.727272727,3.454545455,6,1.851239669,2,15.69136364,22.135,8.382644628,9.105,9.105,0.0,194,1,1.28
Dy2Zr2O7,780.0,3,24.36363636,58,20.82644628,8,8.0,69.0,56,22.90909091,87,87.0,2073.2,856.985124,2128.0,13,5.785123967,4,1.619834711,2.652727273,0,1.851239669,2,0.595041322,2,1.818181818,0.0,6.727272727,8,4,6.0,1.272727273,2,2.0,1.454545455,8,2.380165289,0.727272727,3.454545455,6,1.851239669,2,15.69136364,22.135,8.382644628,9.105,9.105,0.0,194,1,1.3
Dy2Zr2O7,880.0,3,24.36363636,58,20.82644628,8,8.0,69.0,56,22.90909091,87,87.0,2073.2,856.985124,2128.0,13,5.785123967,4,1.619834711,2.652727273,0,1.851239669,2,0.595041322,2,1.818181818,0.0,6.727272727,8,4,6.0,1.272727273,2,2.0,1.454545455,8,2.380165289,0.727272727,3.454545455,6,1.851239669,2,15.69136364,22.135,8.382644628,9.105,9.105,0.0,194,1,1.35
Dy2Zr2O7,980.0,3,24.36363636,58,20.82644628,8,8.0,69.0,56,22.90909091,87,87.0,2073.2,856.985124,2128.0,13,5.785123967,4,1.619834711,2.652727273,0,1.851239669,2,0.595041322,2,1.818181818,0.0,6.727272727,8,4,6.0,1.272727273,2,2.0,1.454545455,8,2.380165289,0.727272727,3.454545455,6,1.851239669,2,15.69136364,22.135,8.382644628,9.105,9.105,0.0,194,1,1.33
Dy2Zr2O7,1080.0,3,24.36363636,58,20.82644628,8,8.0,69.0,56,22.90909091,87,87.0,2073.2,856.985124,2128.0,13,5.785123967,4,1.619834711,2.652727273,0,1.851239669,2,0.595041322,2,1.818181818,0.0,6.727272727,8,4,6.0,1.272727273,2,2.0,1.454545455,8,2.380165289,0.727272727,3.454545455,6,1.851239669,2,15.69136364,22.135,8.382644628,9.105,9.105,0.0,194,1,1.35
Dy2Zr2O7,1180.0,3,24.36363636,58,20.82644628,8,8.0,69.0,56,22.90909091,87,87.0,2073.2,856.985124,2128.0,13,5.785123967,4,1.619834711,2.652727273,0,1.851239669,2,0.595041322,2,1.818181818,0.0,6.727272727,8,4,6.0,1.272727273,2,2.0,1.454545455,8,2.380165289,0.727272727,3.454545455,6,1.851239669,2,15.69136364,22.135,8.382644628,9.105,9.105,0.0,194,1,1.32
Y2Zr2O7,300.0,3,19.45454545,32,14.5785124,8,8.0,65.54545455,75,27.30578512,87,87.0,2073.2,883.3652893,2128.0,13,5.785123967,3,1.388429752,2.652727273,0,1.851239669,2,0.694214876,2,0.0,0.0,5.090909091,3,3,6.0,1.272727273,2,2.0,3.090909091,9,3.933884298,0.0,4.363636364,7,3.008264463,2,15.89590909,23.26,8.642975207,9.105,9.105,0.0,194,1,2.35
Y2Zr2O7,380.0,3,19.45454545,32,14.5785124,8,8.0,65.54545455,75,27.30578512,87,87.0,2073.2,883.3652893,2128.0,13,5.785123967,3,1.388429752,2.652727273,0,1.851239669,2,0.694214876,2,0.0,0.0,5.090909091,3,3,6.0,1.272727273,2,2.0,3.090909091,9,3.933884298,0.0,4.363636364,7,3.008264463,2,15.89590909,23.26,8.642975207,9.105,9.105,0.0,194,1,2.17
Y2Zr2O7,480.0,3,19.45454545,32,14.5785124,8,8.0,65.54545455,75,27.30578512,87,87.0,2073.2,883.3652893,2128.0,13,5.785123967,3,1.388429752,2.652727273,0,1.851239669,2,0.694214876,2,0.0,0.0,5.090909091,3,3,6.0,1.272727273,2,2.0,3.090909091,9,3.933884298,0.0,4.363636364,7,3.008264463,2,15.89590909,23.26,8.642975207,9.105,9.105,0.0,194,1,1.97
Y2Zr2O7,580.0,3,19.45454545,32,14.5785124,8,8.0,65.54545455,75,27.30578512,87,87.0,2073.2,883.3652893,2128.0,13,5.785123967,3,1.388429752,2.652727273,0,1.851239669,2,0.694214876,2,0.0,0.0,5.090909091,3,3,6.0,1.272727273,2,2.0,3.090909091,9,3.933884298,0.0,4.363636364,7,3.008264463,2,15.89590909,23.26,8.642975207,9.105,9.105,0.0,194,1,1.83
Y2Zr2O7,680.0,3,19.45454545,32,14.5785124,8,8.0,65.54545455,75,27.30578512,87,87.0,2073.2,883.3652893,2128.0,13,5.785123967,3,1.388429752,2.652727273,0,1.851239669,2,0.694214876,2,0.0,0.0,5.090909091,3,3,6.0,1.272727273,2,2.0,3.090909091,9,3.933884298,0.0,4.363636364,7,3.008264463,2,15.89590909,23.26,8.642975207,9.105,9.105,0.0,194,1,1.76
Y2Zr2O7,780.0,3,19.45454545,32,14.5785124,8,8.0,65.54545455,75,27.30578512,87,87.0,2073.2,883.3652893,2128.0,13,5.785123967,3,1.388429752,2.652727273,0,1.851239669,2,0.694214876,2,0.0,0.0,5.090909091,3,3,6.0,1.272727273,2,2.0,3.090909091,9,3.933884298,0.0,4.363636364,7,3.008264463,2,15.89590909,23.26,8.642975207,9.105,9.105,0.0,194,1,1.73
Y2Zr2O7,880.0,3,19.45454545,32,14.5785124,8,8.0,65.54545455,75,27.30578512,87,87.0,2073.2,883.3652893,2128.0,13,5.785123967,3,1.388429752,2.652727273,0,1.851239669,2,0.694214876,2,0.0,0.0,5.090909091,3,3,6.0,1.272727273,2,2.0,3.090909091,9,3.933884298,0.0,4.363636364,7,3.008264463,2,15.89590909,23.26,8.642975207,9.105,9.105,0.0,194,1,1.8
Y2Zr2O7,980.0,3,19.45454545,32,14.5785124,8,8.0,65.54545455,75,27.30578512,87,87.0,2073.2,883.3652893,2128.0,13,5.785123967,3,1.388429752,2.652727273,0,1.851239669,2,0.694214876,2,0.0,0.0,5.090909091,3,3,6.0,1.272727273,2,2.0,3.090909091,9,3.933884298,0.0,4.363636364,7,3.008264463,2,15.89590909,23.26,8.642975207,9.105,9.105,0.0,194,1,1.75
Y2Zr2O7,1080.0,3,19.45454545,32,14.5785124,8,8.0,65.54545455,75,27.30578512,87,87.0,2073.2,883.3652893,2128.0,13,5.785123967,3,1.388429752,2.652727273,0,1.851239669,2,0.694214876,2,0.0,0.0,5.090909091,3,3,6.0,1.272727273,2,2.0,3.090909091,9,3.933884298,0.0,4.363636364,7,3.008264463,2,15.89590909,23.26,8.642975207,9.105,9.105,0.0,194,1,1.7
Er2Zr2O7,300.0,3,24.72727273,60,21.2892562,8,8.0,69.72727273,52,21.98347107,87,87.0,2073.2,876.6545455,2128.0,13,5.785123967,4,1.619834711,2.656363636,0,1.851239669,2,0.595041322,2,2.181818182,0.0,7.090909091,10,4,6.0,1.272727273,2,2.0,1.454545455,8,2.380165289,0.363636364,3.090909091,6,1.785123967,2,15.57227273,21.48,8.23107438,9.105,9.105,0.0,194,1,1.9
Er2Zr2O7,380.0,3,24.72727273,60,21.2892562,8,8.0,69.72727273,52,21.98347107,87,87.0,2073.2,876.6545455,2128.0,13,5.785123967,4,1.619834711,2.656363636,0,1.851239669,2,0.595041322,2,2.181818182,0.0,7.090909091,10,4,6.0,1.272727273,2,2.0,1.454545455,8,2.380165289,0.363636364,3.090909091,6,1.785123967,2,15.57227273,21.48,8.23107438,9.105,9.105,0.0,194,1,1.75
Er2Zr2O7,480.0,3,24.72727273,60,21.2892562,8,8.0,69.72727273,52,21.98347107,87,87.0,2073.2,876.6545455,2128.0,13,5.785123967,4,1.619834711,2.656363636,0,1.851239669,2,0.595041322,2,2.181818182,0.0,7.090909091,10,4,6.0,1.272727273,2,2.0,1.454545455,8,2.380165289,0.363636364,3.090909091,6,1.785123967,2,15.57227273,21.48,8.23107438,9.105,9.105,0.0,194,1,1.67
Er2Zr2O7,580.0,3,24.72727273,60,21.2892562,8,8.0,69.72727273,52,21.98347107,87,87.0,2073.2,876.6545455,2128.0,13,5.785123967,4,1.619834711,2.656363636,0,1.851239669,2,0.595041322,2,2.181818182,0.0,7.090909091,10,4,6.0,1.272727273,2,2.0,1.454545455,8,2.380165289,0.363636364,3.090909091,6,1.785123967,2,15.57227273,21.48,8.23107438,9.105,9.105,0.0,194,1,1.6
Er2Zr2O7,680.0,3,24.72727273,60,21.2892562,8,8.0,69.72727273,52,21.98347107,87,87.0,2073.2,876.6545455,2128.0,13,5.785123967,4,1.619834711,2.656363636,0,1.851239669,2,0.595041322,2,2.181818182,0.0,7.090909091,10,4,6.0,1.272727273,2,2.0,1.454545455,8,2.380165289,0.363636364,3.090909091,6,1.785123967,2,15.57227273,21.48,8.23107438,9.105,9.105,0.0,194,1,1.57
Er2Zr2O7,780.0,3,24.72727273,60,21.2892562,8,8.0,69.72727273,52,21.98347107,87,87.0,2073.2,876.6545455,2128.0,13,5.785123967,4,1.619834711,2.656363636,0,1.851239669,2,0.595041322,2,2.181818182,0.0,7.090909091,10,4,6.0,1.272727273,2,2.0,1.454545455,8,2.380165289,0.363636364,3.090909091,6,1.785123967,2,15.57227273,21.48,8.23107438,9.105,9.105,0.0,194,1,1.55
Er2Zr2O7,880.0,3,24.72727273,60,21.2892562,8,8.0,69.72727273,52,21.98347107,87,87.0,2073.2,876.6545455,2128.0,13,5.785123967,4,1.619834711,2.656363636,0,1.851239669,2,0.595041322,2,2.181818182,0.0,7.090909091,10,4,6.0,1.272727273,2,2.0,1.454545455,8,2.380165289,0.363636364,3.090909091,6,1.785123967,2,15.57227273,21.48,8.23107438,9.105,9.105,0.0,194,1,1.5
Er2Zr2O7,980.0,3,24.72727273,60,21.2892562,8,8.0,69.72727273,52,21.98347107,87,87.0,2073.2,876.6545455,2128.0,13,5.785123967,4,1.619834711,2.656363636,0,1.851239669,2,0.595041322,2,2.181818182,0.0,7.090909091,10,4,6.0,1.272727273,2,2.0,1.454545455,8,2.380165289,0.363636364,3.090909091,6,1.785123967,2,15.57227273,21.48,8.23107438,9.105,9.105,0.0,194,1,1.47
Er2Zr2O7,1080.0,3,24.72727273,60,21.2892562,8,8.0,69.72727273,52,21.98347107,87,87.0,2073.2,876.6545455,2128.0,13,5.785123967,4,1.619834711,2.656363636,0,1.851239669,2,0.595041322,2,2.181818182,0.0,7.090909091,10,4,6.0,1.272727273,2,2.0,1.454545455,8,2.380165289,0.363636364,3.090909091,6,1.785123967,2,15.57227273,21.48,8.23107438,9.105,9.105,0.0,194,1,1.5
Er2Zr2O7,1180.0,3,24.72727273,60,21.2892562,8,8.0,69.72727273,52,21.98347107,87,87.0,2073.2,876.6545455,2128.0,13,5.785123967,4,1.619834711,2.656363636,0,1.851239669,2,0.595041322,2,2.181818182,0.0,7.090909091,10,4,6.0,1.272727273,2,2.0,1.454545455,8,2.380165289,0.363636364,3.090909091,6,1.785123967,2,15.57227273,21.48,8.23107438,9.105,9.105,0.0,194,1,1.4
Y0.6Yb0.6Lu0.6Eu0.6Er0.6Al5O12,300.0,7,17.38,63,13.446,8,8.0,75.01,75,14.388,87,87.0,1881.2,530.649,1936.0,13,3.24,4,0.984,2.65175,0,1.62,1,0.1128,1,1.41,0.0,6.12,14,3,6.0,2.45,5,2.0,0.54,9,1.0152,0.27,3.26,9,1.7832,0,14.45485,27.355,6.41982,9.105,9.105,0.0,229,1,3.58
Y0.6Yb0.6Lu0.6Eu0.6Er0.6Al5O12,450.0,7,17.38,63,13.446,8,8.0,75.01,75,14.388,87,87.0,1881.2,530.649,1936.0,13,3.24,4,0.984,2.65175,0,1.62,1,0.1128,1,1.41,0.0,6.12,14,3,6.0,2.45,5,2.0,0.54,9,1.0152,0.27,3.26,9,1.7832,0,14.45485,27.355,6.41982,9.105,9.105,0.0,229,1,3.5
Y0.6Yb0.6Lu0.6Eu0.6Er0.6Al5O12,570.0,7,17.38,63,13.446,8,8.0,75.01,75,14.388,87,87.0,1881.2,530.649,1936.0,13,3.24,4,0.984,2.65175,0,1.62,1,0.1128,1,1.41,0.0,6.12,14,3,6.0,2.45,5,2.0,0.54,9,1.0152,0.27,3.26,9,1.7832,0,14.45485,27.355,6.41982,9.105,9.105,0.0,229,1,3.1
Y0.6Yb0.6Lu0.6Eu0.6Er0.6Al5O12,680.0,7,17.38,63,13.446,8,8.0,75.01,75,14.388,87,87.0,1881.2,530.649,1936.0,13,3.24,4,0.984,2.65175,0,1.62,1,0.1128,1,1.41,0.0,6.12,14,3,6.0,2.45,5,2.0,0.54,9,1.0152,0.27,3.26,9,1.7832,0,14.45485,27.355,6.41982,9.105,9.105,0.0,229,1,2.9
Y0.6Yb0.6Lu0.6Eu0.6Er0.6Al5O12,780.0,7,17.38,63,13.446,8,8.0,75.01,75,14.388,87,87.0,1881.2,530.649,1936.0,13,3.24,4,0.984,2.65175,0,1.62,1,0.1128,1,1.41,0.0,6.12,14,3,6.0,2.45,5,2.0,0.54,9,1.0152,0.27,3.26,9,1.7832,0,14.45485,27.355,6.41982,9.105,9.105,0.0,229,1,2.73
Y0.6Yb0.6Lu0.6Eu0.6Er0.6Al5O12,880.0,7,17.38,63,13.446,8,8.0,75.01,75,14.388,87,87.0,1881.2,530.649,1936.0,13,3.24,4,0.984,2.65175,0,1.62,1,0.1128,1,1.41,0.0,6.12,14,3,6.0,2.45,5,2.0,0.54,9,1.0152,0.27,3.26,9,1.7832,0,14.45485,27.355,6.41982,9.105,9.105,0.0,229,1,2.6
Y0.6Yb0.6Lu0.6Eu0.6Er0.6Al5O12,980.0,7,17.38,63,13.446,8,8.0,75.01,75,14.388,87,87.0,1881.2,530.649,1936.0,13,3.24,4,0.984,2.65175,0,1.62,1,0.1128,1,1.41,0.0,6.12,14,3,6.0,2.45,5,2.0,0.54,9,1.0152,0.27,3.26,9,1.7832,0,14.45485,27.355,6.41982,9.105,9.105,0.0,229,1,2.55
Y0.6Yb0.6Lu0.6Eu0.6Er0.6Al5O12,1080.0,7,17.38,63,13.446,8,8.0,75.01,75,14.388,87,87.0,1881.2,530.649,1936.0,13,3.24,4,0.984,2.65175,0,1.62,1,0.1128,1,1.41,0.0,6.12,14,3,6.0,2.45,5,2.0,0.54,9,1.0152,0.27,3.26,9,1.7832,0,14.45485,27.355,6.41982,9.105,9.105,0.0,229,1,2.45
Y0.6Yb0.6Lu0.6Eu0.6Er0.6Al5O12,1180.0,7,17.38,63,13.446,8,8.0,75.01,75,14.388,87,87.0,1881.2,530.649,1936.0,13,3.24,4,0.984,2.65175,0,1.62,1,0.1128,1,1.41,0.0,6.12,14,3,6.0,2.45,5,2.0,0.54,9,1.0152,0.27,3.26,9,1.7832,0,14.45485,27.355,6.41982,9.105,9.105,0.0,229,1,2.42
NbC0.98,1273.0,2,23.67676768,35,17.49821447,6,41.0,61.84848485,30,14.99846954,77,47.0,1073.0,536.4452607,3823.0,9,4.499540863,3,1.499846954,2.07020202,1,0.99989797,4,1.999795939,4,0.0,0.0,4.505050505,1,4,5.0,1.97979798,4,0.0,3.03030303,6,2.999693909,0.0,5.515151515,3,1.499846954,4,11.97333333,12.54,6.269360269,5.64,18.18,0.0,229,0,29.0
NbC0.98,1373.0,2,23.67676768,35,17.49821447,6,41.0,61.84848485,30,14.99846954,77,47.0,1073.0,536.4452607,3823.0,9,4.499540863,3,1.499846954,2.07020202,1,0.99989797,4,1.999795939,4,0.0,0.0,4.505050505,1,4,5.0,1.97979798,4,0.0,3.03030303,6,2.999693909,0.0,5.515151515,3,1.499846954,4,11.97333333,12.54,6.269360269,5.64,18.18,0.0,229,0,30.0
NbC0.98,1473.0,2,23.67676768,35,17.49821447,6,41.0,61.84848485,30,14.99846954,77,47.0,1073.0,536.4452607,3823.0,9,4.499540863,3,1.499846954,2.07020202,1,0.99989797,4,1.999795939,4,0.0,0.0,4.505050505,1,4,5.0,1.97979798,4,0.0,3.03030303,6,2.999693909,0.0,5.515151515,3,1.499846954,4,11.97333333,12.54,6.269360269,5.64,18.18,0.0,229,0,31.0
NbC0.98,1573.0,2,23.67676768,35,17.49821447,6,41.0,61.84848485,30,14.99846954,77,47.0,1073.0,536.4452607,3823.0,9,4.499540863,3,1.499846954,2.07020202,1,0.99989797,4,1.999795939,4,0.0,0.0,4.505050505,1,4,5.0,1.97979798,4,0.0,3.03030303,6,2.999693909,0.0,5.515151515,3,1.499846954,4,11.97333333,12.54,6.269360269,5.64,18.18,0.0,229,0,32.0
NbC0.98,1673.0,2,23.67676768,35,17.49821447,6,41.0,61.84848485,30,14.99846954,77,47.0,1073.0,536.4452607,3823.0,9,4.499540863,3,1.499846954,2.07020202,1,0.99989797,4,1.999795939,4,0.0,0.0,4.505050505,1,4,5.0,1.97979798,4,0.0,3.03030303,6,2.999693909,0.0,5.515151515,3,1.499846954,4,11.97333333,12.54,6.269360269,5.64,18.18,0.0,229,0,32.5
NbC0.98,1773.0,2,23.67676768,35,17.49821447,6,41.0,61.84848485,30,14.99846954,77,47.0,1073.0,536.4452607,3823.0,9,4.499540863,3,1.499846954,2.07020202,1,0.99989797,4,1.999795939,4,0.0,0.0,4.505050505,1,4,5.0,1.97979798,4,0.0,3.03030303,6,2.999693909,0.0,5.515151515,3,1.499846954,4,11.97333333,12.54,6.269360269,5.64,18.18,0.0,229,0,33.0
NbC0.98,1873.0,2,23.67676768,35,17.49821447,6,41.0,61.84848485,30,14.99846954,77,47.0,1073.0,536.4452607,3823.0,9,4.499540863,3,1.499846954,2.07020202,1,0.99989797,4,1.999795939,4,0.0,0.0,4.505050505,1,4,5.0,1.97979798,4,0.0,3.03030303,6,2.999693909,0.0,5.515151515,3,1.499846954,4,11.97333333,12.54,6.269360269,5.64,18.18,0.0,229,0,34.0
NbC0.98,1973.0,2,23.67676768,35,17.49821447,6,41.0,61.84848485,30,14.99846954,77,47.0,1073.0,536.4452607,3823.0,9,4.499540863,3,1.499846954,2.07020202,1,0.99989797,4,1.999795939,4,0.0,0.0,4.505050505,1,4,5.0,1.97979798,4,0.0,3.03030303,6,2.999693909,0.0,5.515151515,3,1.499846954,4,11.97333333,12.54,6.269360269,5.64,18.18,0.0,229,0,34.5
NbC0.98,2073.0,2,23.67676768,35,17.49821447,6,41.0,61.84848485,30,14.99846954,77,47.0,1073.0,536.4452607,3823.0,9,4.499540863,3,1.499846954,2.07020202,1,0.99989797,4,1.999795939,4,0.0,0.0,4.505050505,1,4,5.0,1.97979798,4,0.0,3.03030303,6,2.999693909,0.0,5.515151515,3,1.499846954,4,11.97333333,12.54,6.269360269,5.64,18.18,0.0,229,0,35.0
NbC0.98,2173.0,2,23.67676768,35,17.49821447,6,41.0,61.84848485,30,14.99846954,77,47.0,1073.0,536.4452607,3823.0,9,4.499540863,3,1.499846954,2.07020202,1,0.99989797,4,1.999795939,4,0.0,0.0,4.505050505,1,4,5.0,1.97979798,4,0.0,3.03030303,6,2.999693909,0.0,5.515151515,3,1.499846954,4,11.97333333,12.54,6.269360269,5.64,18.18,0.0,229,0,36.0
NbC0.98,2273.0,2,23.67676768,35,17.49821447,6,41.0,61.84848485,30,14.99846954,77,47.0,1073.0,536.4452607,3823.0,9,4.499540863,3,1.499846954,2.07020202,1,0.99989797,4,1.999795939,4,0.0,0.0,4.505050505,1,4,5.0,1.97979798,4,0.0,3.03030303,6,2.999693909,0.0,5.515151515,3,1.499846954,4,11.97333333,12.54,6.269360269,5.64,18.18,0.0,229,0,36.5
ZrC0.92,298.0,2,23.70833333,34,16.97048611,6,40.0,59.8125,33,16.47135417,77,44.0,1695.0,846.0286458,3823.0,10,4.991319444,3,1.497395833,1.914583333,0,0.998263889,2,0.998263889,2,0.0,0.0,4.0,0,4,4.0,1.916666667,4,0.0,4.166666667,8,3.993055556,0.0,6.083333333,4,1.996527778,4,14.78322917,17.555,8.762261285,5.64,23.195,0.0,194,0,19.0
ZrC0.92,323.0,2,23.70833333,34,16.97048611,6,40.0,59.8125,33,16.47135417,77,44.0,1695.0,846.0286458,3823.0,10,4.991319444,3,1.497395833,1.914583333,0,0.998263889,2,0.998263889,2,0.0,0.0,4.0,0,4,4.0,1.916666667,4,0.0,4.166666667,8,3.993055556,0.0,6.083333333,4,1.996527778,4,14.78322917,17.555,8.762261285,5.64,23.195,0.0,194,0,19.2
ZrC0.92,393.0,2,23.70833333,34,16.97048611,6,40.0,59.8125,33,16.47135417,77,44.0,1695.0,846.0286458,3823.0,10,4.991319444,3,1.497395833,1.914583333,0,0.998263889,2,0.998263889,2,0.0,0.0,4.0,0,4,4.0,1.916666667,4,0.0,4.166666667,8,3.993055556,0.0,6.083333333,4,1.996527778,4,14.78322917,17.555,8.762261285,5.64,23.195,0.0,194,0,19.4
ZrC0.92,408.0,2,23.70833333,34,16.97048611,6,40.0,59.8125,33,16.47135417,77,44.0,1695.0,846.0286458,3823.0,10,4.991319444,3,1.497395833,1.914583333,0,0.998263889,2,0.998263889,2,0.0,0.0,4.0,0,4,4.0,1.916666667,4,0.0,4.166666667,8,3.993055556,0.0,6.083333333,4,1.996527778,4,14.78322917,17.555,8.762261285,5.64,23.195,0.0,194,0,19.6
ZrC0.92,473.0,2,23.70833333,34,16.97048611,6,40.0,59.8125,33,16.47135417,77,44.0,1695.0,846.0286458,3823.0,10,4.991319444,3,1.497395833,1.914583333,0,0.998263889,2,0.998263889,2,0.0,0.0,4.0,0,4,4.0,1.916666667,4,0.0,4.166666667,8,3.993055556,0.0,6.083333333,4,1.996527778,4,14.78322917,17.555,8.762261285,5.64,23.195,0.0,194,0,19.8
ZrC0.92,573.0,2,23.70833333,34,16.97048611,6,40.0,59.8125,33,16.47135417,77,44.0,1695.0,846.0286458,3823.0,10,4.991319444,3,1.497395833,1.914583333,0,0.998263889,2,0.998263889,2,0.0,0.0,4.0,0,4,4.0,1.916666667,4,0.0,4.166666667,8,3.993055556,0.0,6.083333333,4,1.996527778,4,14.78322917,17.555,8.762261285,5.64,23.195,0.0,194,0,20.0
ZrC0.92,673.0,2,23.70833333,34,16.97048611,6,40.0,59.8125,33,16.47135417,77,44.0,1695.0,846.0286458,3823.0,10,4.991319444,3,1.497395833,1.914583333,0,0.998263889,2,0.998263889,2,0.0,0.0,4.0,0,4,4.0,1.916666667,4,0.0,4.166666667,8,3.993055556,0.0,6.083333333,4,1.996527778,4,14.78322917,17.555,8.762261285,5.64,23.195,0.0,194,0,20.5
ZrC0.92,773.0,2,23.70833333,34,16.97048611,6,40.0,59.8125,33,16.47135417,77,44.0,1695.0,846.0286458,3823.0,10,4.991319444,3,1.497395833,1.914583333,0,0.998263889,2,0.998263889,2,0.0,0.0,4.0,0,4,4.0,1.916666667,4,0.0,4.166666667,8,3.993055556,0.0,6.083333333,4,1.996527778,4,14.78322917,17.555,8.762261285,5.64,23.195,0.0,194,0,21.0
ZrC0.92,873.0,2,23.70833333,34,16.97048611,6,40.0,59.8125,33,16.47135417,77,44.0,1695.0,846.0286458,3823.0,10,4.991319444,3,1.497395833,1.914583333,0,0.998263889,2,0.998263889,2,0.0,0.0,4.0,0,4,4.0,1.916666667,4,0.0,4.166666667,8,3.993055556,0.0,6.083333333,4,1.996527778,4,14.78322917,17.555,8.762261285,5.64,23.195,0.0,194,0,21.5
ZrC0.92,973.0,2,23.70833333,34,16.97048611,6,40.0,59.8125,33,16.47135417,77,44.0,1695.0,846.0286458,3823.0,10,4.991319444,3,1.497395833,1.914583333,0,0.998263889,2,0.998263889,2,0.0,0.0,4.0,0,4,4.0,1.916666667,4,0.0,4.166666667,8,3.993055556,0.0,6.083333333,4,1.996527778,4,14.78322917,17.555,8.762261285,5.64,23.195,0.0,194,0,22.0
ZrC0.92,1073.0,2,23.70833333,34,16.97048611,6,40.0,59.8125,33,16.47135417,77,44.0,1695.0,846.0286458,3823.0,10,4.991319444,3,1.497395833,1.914583333,0,0.998263889,2,0.998263889,2,0.0,0.0,4.0,0,4,4.0,1.916666667,4,0.0,4.166666667,8,3.993055556,0.0,6.083333333,4,1.996527778,4,14.78322917,17.555,8.762261285,5.64,23.195,0.0,194,0,22.5
ZrC0.92,1173.0,2,23.70833333,34,16.97048611,6,40.0,59.8125,33,16.47135417,77,44.0,1695.0,846.0286458,3823.0,10,4.991319444,3,1.497395833,1.914583333,0,0.998263889,2,0.998263889,2,0.0,0.0,4.0,0,4,4.0,1.916666667,4,0.0,4.166666667,8,3.993055556,0.0,6.083333333,4,1.996527778,4,14.78322917,17.555,8.762261285,5.64,23.195,0.0,194,0,23.0
ZrC0.92,1273.0,2,23.70833333,34,16.97048611,6,40.0,59.8125,33,16.47135417,77,44.0,1695.0,846.0286458,3823.0,10,4.991319444,3,1.497395833,1.914583333,0,0.998263889,2,0.998263889,2,0.0,0.0,4.0,0,4,4.0,1.916666667,4,0.0,4.166666667,8,3.993055556,0.0,6.083333333,4,1.996527778,4,14.78322917,17.555,8.762261285,5.64,23.195,0.0,194,0,23.5
ZrC0.92,1373.0,2,23.70833333,34,16.97048611,6,40.0,59.8125,33,16.47135417,77,44.0,1695.0,846.0286458,3823.0,10,4.991319444,3,1.497395833,1.914583333,0,0.998263889,2,0.998263889,2,0.0,0.0,4.0,0,4,4.0,1.916666667,4,0.0,4.166666667,8,3.993055556,0.0,6.083333333,4,1.996527778,4,14.78322917,17.555,8.762261285,5.64,23.195,0.0,194,0,24.5
ZrC0.92,1473.0,2,23.70833333,34,16.97048611,6,40.0,59.8125,33,16.47135417,77,44.0,1695.0,846.0286458,3823.0,10,4.991319444,3,1.497395833,1.914583333,0,0.998263889,2,0.998263889,2,0.0,0.0,4.0,0,4,4.0,1.916666667,4,0.0,4.166666667,8,3.993055556,0.0,6.083333333,4,1.996527778,4,14.78322917,17.555,8.762261285,5.64,23.195,0.0,194,0,25.0
ZrC0.92,1573.0,2,23.70833333,34,16.97048611,6,40.0,59.8125,33,16.47135417,77,44.0,1695.0,846.0286458,3823.0,10,4.991319444,3,1.497395833,1.914583333,0,0.998263889,2,0.998263889,2,0.0,0.0,4.0,0,4,4.0,1.916666667,4,0.0,4.166666667,8,3.993055556,0.0,6.083333333,4,1.996527778,4,14.78322917,17.555,8.762261285,5.64,23.195,0.0,194,0,26.0
ZrC0.92,1673.0,2,23.70833333,34,16.97048611,6,40.0,59.8125,33,16.47135417,77,44.0,1695.0,846.0286458,3823.0,10,4.991319444,3,1.497395833,1.914583333,0,0.998263889,2,0.998263889,2,0.0,0.0,4.0,0,4,4.0,1.916666667,4,0.0,4.166666667,8,3.993055556,0.0,6.083333333,4,1.996527778,4,14.78322917,17.555,8.762261285,5.64,23.195,0.0,194,0,27.0
ZrC0.92,1773.0,2,23.70833333,34,16.97048611,6,40.0,59.8125,33,16.47135417,77,44.0,1695.0,846.0286458,3823.0,10,4.991319444,3,1.497395833,1.914583333,0,0.998263889,2,0.998263889,2,0.0,0.0,4.0,0,4,4.0,1.916666667,4,0.0,4.166666667,8,3.993055556,0.0,6.083333333,4,1.996527778,4,14.78322917,17.555,8.762261285,5.64,23.195,0.0,194,0,27.5
ZrC0.92,1873.0,2,23.70833333,34,16.97048611,6,40.0,59.8125,33,16.47135417,77,44.0,1695.0,846.0286458,3823.0,10,4.991319444,3,1.497395833,1.914583333,0,0.998263889,2,0.998263889,2,0.0,0.0,4.0,0,4,4.0,1.916666667,4,0.0,4.166666667,8,3.993055556,0.0,6.083333333,4,1.996527778,4,14.78322917,17.555,8.762261285,5.64,23.195,0.0,194,0,28.0
ZrC0.92,1973.0,2,23.70833333,34,16.97048611,6,40.0,59.8125,33,16.47135417,77,44.0,1695.0,846.0286458,3823.0,10,4.991319444,3,1.497395833,1.914583333,0,0.998263889,2,0.998263889,2,0.0,0.0,4.0,0,4,4.0,1.916666667,4,0.0,4.166666667,8,3.993055556,0.0,6.083333333,4,1.996527778,4,14.78322917,17.555,8.762261285,5.64,23.195,0.0,194,0,29.0
ZrC0.92,2073.0,2,23.70833333,34,16.97048611,6,40.0,59.8125,33,16.47135417,77,44.0,1695.0,846.0286458,3823.0,10,4.991319444,3,1.497395833,1.914583333,0,0.998263889,2,0.998263889,2,0.0,0.0,4.0,0,4,4.0,1.916666667,4,0.0,4.166666667,8,3.993055556,0.0,6.083333333,4,1.996527778,4,14.78322917,17.555,8.762261285,5.64,23.195,0.0,194,0,30.0
ZrC0.92,2173.0,2,23.70833333,34,16.97048611,6,40.0,59.8125,33,16.47135417,77,44.0,1695.0,846.0286458,3823.0,10,4.991319444,3,1.497395833,1.914583333,0,0.998263889,2,0.998263889,2,0.0,0.0,4.0,0,4,4.0,1.916666667,4,0.0,4.166666667,8,3.993055556,0.0,6.083333333,4,1.996527778,4,14.78322917,17.555,8.762261285,5.64,23.195,0.0,194,0,31.0
ZrC0.92,2273.0,2,23.70833333,34,16.97048611,6,40.0,59.8125,33,16.47135417,77,44.0,1695.0,846.0286458,3823.0,10,4.991319444,3,1.497395833,1.914583333,0,0.998263889,2,0.998263889,2,0.0,0.0,4.0,0,4,4.0,1.916666667,4,0.0,4.166666667,8,3.993055556,0.0,6.083333333,4,1.996527778,4,14.78322917,17.555,8.762261285,5.64,23.195,0.0,194,0,32.0
HfC,298.0,2,39.0,66,33.0,6,39.0,61.0,32,16.0,77,61.0,1317.0,658.5,3823.0,10,5.0,4,2.0,1.925,0,1.0,2,1.0,2,7.0,7.0,11.0,14,4,11.0,2.0,4,2.0,4.0,8,4.0,0.0,6.0,4,2.0,4,13.92,16.56,8.28,5.64,13.92,2.248,194,1,20.0
HfC,323.0,2,39.0,66,33.0,6,39.0,61.0,32,16.0,77,61.0,1317.0,658.5,3823.0,10,5.0,4,2.0,1.925,0,1.0,2,1.0,2,7.0,7.0,11.0,14,4,11.0,2.0,4,2.0,4.0,8,4.0,0.0,6.0,4,2.0,4,13.92,16.56,8.28,5.64,13.92,2.248,194,1,21.5
HfC,393.0,2,39.0,66,33.0,6,39.0,61.0,32,16.0,77,61.0,1317.0,658.5,3823.0,10,5.0,4,2.0,1.925,0,1.0,2,1.0,2,7.0,7.0,11.0,14,4,11.0,2.0,4,2.0,4.0,8,4.0,0.0,6.0,4,2.0,4,13.92,16.56,8.28,5.64,13.92,2.248,194,1,22.5
HfC,408.0,2,39.0,66,33.0,6,39.0,61.0,32,16.0,77,61.0,1317.0,658.5,3823.0,10,5.0,4,2.0,1.925,0,1.0,2,1.0,2,7.0,7.0,11.0,14,4,11.0,2.0,4,2.0,4.0,8,4.0,0.0,6.0,4,2.0,4,13.92,16.56,8.28,5.64,13.92,2.248,194,1,24.0
HfC,473.0,2,39.0,66,33.0,6,39.0,61.0,32,16.0,77,61.0,1317.0,658.5,3823.0,10,5.0,4,2.0,1.925,0,1.0,2,1.0,2,7.0,7.0,11.0,14,4,11.0,2.0,4,2.0,4.0,8,4.0,0.0,6.0,4,2.0,4,13.92,16.56,8.28,5.64,13.92,2.248,194,1,23.5
HfC,573.0,2,39.0,66,33.0,6,39.0,61.0,32,16.0,77,61.0,1317.0,658.5,3823.0,10,5.0,4,2.0,1.925,0,1.0,2,1.0,2,7.0,7.0,11.0,14,4,11.0,2.0,4,2.0,4.0,8,4.0,0.0,6.0,4,2.0,4,13.92,16.56,8.28,5.64,13.92,2.248,194,1,25.5
HfC,673.0,2,39.0,66,33.0,6,39.0,61.0,32,16.0,77,61.0,1317.0,658.5,3823.0,10,5.0,4,2.0,1.925,0,1.0,2,1.0,2,7.0,7.0,11.0,14,4,11.0,2.0,4,2.0,4.0,8,4.0,0.0,6.0,4,2.0,4,13.92,16.56,8.28,5.64,13.92,2.248,194,1,26.0
HfC,773.0,2,39.0,66,33.0,6,39.0,61.0,32,16.0,77,61.0,1317.0,658.5,3823.0,10,5.0,4,2.0,1.925,0,1.0,2,1.0,2,7.0,7.0,11.0,14,4,11.0,2.0,4,2.0,4.0,8,4.0,0.0,6.0,4,2.0,4,13.92,16.56,8.28,5.64,13.92,2.248,194,1,27.0
HfC,873.0,2,39.0,66,33.0,6,39.0,61.0,32,16.0,77,61.0,1317.0,658.5,3823.0,10,5.0,4,2.0,1.925,0,1.0,2,1.0,2,7.0,7.0,11.0,14,4,11.0,2.0,4,2.0,4.0,8,4.0,0.0,6.0,4,2.0,4,13.92,16.56,8.28,5.64,13.92,2.248,194,1,28.0
HfC,973.0,2,39.0,66,33.0,6,39.0,61.0,32,16.0,77,61.0,1317.0,658.5,3823.0,10,5.0,4,2.0,1.925,0,1.0,2,1.0,2,7.0,7.0,11.0,14,4,11.0,2.0,4,2.0,4.0,8,4.0,0.0,6.0,4,2.0,4,13.92,16.56,8.28,5.64,13.92,2.248,194,1,27.5
HfC,1073.0,2,39.0,66,33.0,6,39.0,61.0,32,16.0,77,61.0,1317.0,658.5,3823.0,10,5.0,4,2.0,1.925,0,1.0,2,1.0,2,7.0,7.0,11.0,14,4,11.0,2.0,4,2.0,4.0,8,4.0,0.0,6.0,4,2.0,4,13.92,16.56,8.28,5.64,13.92,2.248,194,1,28.5
HfC,1173.0,2,39.0,66,33.0,6,39.0,61.0,32,16.0,77,61.0,1317.0,658.5,3823.0,10,5.0,4,2.0,1.925,0,1.0,2,1.0,2,7.0,7.0,11.0,14,4,11.0,2.0,4,2.0,4.0,8,4.0,0.0,6.0,4,2.0,4,13.92,16.56,8.28,5.64,13.92,2.248,194,1,31.0
HfC,1273.0,2,39.0,66,33.0,6,39.0,61.0,32,16.0,77,61.0,1317.0,658.5,3823.0,10,5.0,4,2.0,1.925,0,1.0,2,1.0,2,7.0,7.0,11.0,14,4,11.0,2.0,4,2.0,4.0,8,4.0,0.0,6.0,4,2.0,4,13.92,16.56,8.28,5.64,13.92,2.248,194,1,32.0
HfC,1373.0,2,39.0,66,33.0,6,39.0,61.0,32,16.0,77,61.0,1317.0,658.5,3823.0,10,5.0,4,2.0,1.925,0,1.0,2,1.0,2,7.0,7.0,11.0,14,4,11.0,2.0,4,2.0,4.0,8,4.0,0.0,6.0,4,2.0,4,13.92,16.56,8.28,5.64,13.92,2.248,194,1,32.5
HfC,1473.0,2,39.0,66,33.0,6,39.0,61.0,32,16.0,77,61.0,1317.0,658.5,3823.0,10,5.0,4,2.0,1.925,0,1.0,2,1.0,2,7.0,7.0,11.0,14,4,11.0,2.0,4,2.0,4.0,8,4.0,0.0,6.0,4,2.0,4,13.92,16.56,8.28,5.64,13.92,2.248,194,1,33.0
HfC,1573.0,2,39.0,66,33.0,6,39.0,61.0,32,16.0,77,61.0,1317.0,658.5,3823.0,10,5.0,4,2.0,1.925,0,1.0,2,1.0,2,7.0,7.0,11.0,14,4,11.0,2.0,4,2.0,4.0,8,4.0,0.0,6.0,4,2.0,4,13.92,16.56,8.28,5.64,13.92,2.248,194,1,35.0
HfC,1673.0,2,39.0,66,33.0,6,39.0,61.0,32,16.0,77,61.0,1317.0,658.5,3823.0,10,5.0,4,2.0,1.925,0,1.0,2,1.0,2,7.0,7.0,11.0,14,4,11.0,2.0,4,2.0,4.0,8,4.0,0.0,6.0,4,2.0,4,13.92,16.56,8.28,5.64,13.92,2.248,194,1,35.5
HfC,1773.0,2,39.0,66,33.0,6,39.0,61.0,32,16.0,77,61.0,1317.0,658.5,3823.0,10,5.0,4,2.0,1.925,0,1.0,2,1.0,2,7.0,7.0,11.0,14,4,11.0,2.0,4,2.0,4.0,8,4.0,0.0,6.0,4,2.0,4,13.92,16.56,8.28,5.64,13.92,2.248,194,1,36.0
HfC,1873.0,2,39.0,66,33.0,6,39.0,61.0,32,16.0,77,61.0,1317.0,658.5,3823.0,10,5.0,4,2.0,1.925,0,1.0,2,1.0,2,7.0,7.0,11.0,14,4,11.0,2.0,4,2.0,4.0,8,4.0,0.0,6.0,4,2.0,4,13.92,16.56,8.28,5.64,13.92,2.248,194,1,36.5
HfC,1973.0,2,39.0,66,33.0,6,39.0,61.0,32,16.0,77,61.0,1317.0,658.5,3823.0,10,5.0,4,2.0,1.925,0,1.0,2,1.0,2,7.0,7.0,11.0,14,4,11.0,2.0,4,2.0,4.0,8,4.0,0.0,6.0,4,2.0,4,13.92,16.56,8.28,5.64,13.92,2.248,194,1,37.0
HfC,2073.0,2,39.0,66,33.0,6,39.0,61.0,32,16.0,77,61.0,1317.0,658.5,3823.0,10,5.0,4,2.0,1.925,0,1.0,2,1.0,2,7.0,7.0,11.0,14,4,11.0,2.0,4,2.0,4.0,8,4.0,0.0,6.0,4,2.0,4,13.92,16.56,8.28,5.64,13.92,2.248,194,1,38.0
HfC,2173.0,2,39.0,66,33.0,6,39.0,61.0,32,16.0,77,61.0,1317.0,658.5,3823.0,10,5.0,4,2.0,1.925,0,1.0,2,1.0,2,7.0,7.0,11.0,14,4,11.0,2.0,4,2.0,4.0,8,4.0,0.0,6.0,4,2.0,4,13.92,16.56,8.28,5.64,13.92,2.248,194,1,42.0
HfC,2273.0,2,39.0,66,33.0,6,39.0,61.0,32,16.0,77,61.0,1317.0,658.5,3823.0,10,5.0,4,2.0,1.925,0,1.0,2,1.0,2,7.0,7.0,11.0,14,4,11.0,2.0,4,2.0,4.0,8,4.0,0.0,6.0,4,2.0,4,13.92,16.56,8.28,5.64,13.92,2.248,194,1,40.0
TaC,298.0,2,39.5,67,33.5,6,39.5,62.5,29,14.5,77,62.5,533.0,266.5,3823.0,9,4.5,4,2.0,2.025,0,1.0,3,1.5,3,7.0,7.0,11.5,15,4,11.5,2.0,4,2.0,3.5,7,3.5,0.0,5.5,3,1.5,4,11.88,12.48,6.24,5.64,11.88,2.248,229,0,25.0
TaC,323.0,2,39.5,67,33.5,6,39.5,62.5,29,14.5,77,62.5,533.0,266.5,3823.0,9,4.5,4,2.0,2.025,0,1.0,3,1.5,3,7.0,7.0,11.5,15,4,11.5,2.0,4,2.0,3.5,7,3.5,0.0,5.5,3,1.5,4,11.88,12.48,6.24,5.64,11.88,2.248,229,0,27.0
TaC,393.0,2,39.5,67,33.5,6,39.5,62.5,29,14.5,77,62.5,533.0,266.5,3823.0,9,4.5,4,2.0,2.025,0,1.0,3,1.5,3,7.0,7.0,11.5,15,4,11.5,2.0,4,2.0,3.5,7,3.5,0.0,5.5,3,1.5,4,11.88,12.48,6.24,5.64,11.88,2.248,229,0,30.0
TaC,408.0,2,39.5,67,33.5,6,39.5,62.5,29,14.5,77,62.5,533.0,266.5,3823.0,9,4.5,4,2.0,2.025,0,1.0,3,1.5,3,7.0,7.0,11.5,15,4,11.5,2.0,4,2.0,3.5,7,3.5,0.0,5.5,3,1.5,4,11.88,12.48,6.24,5.64,11.88,2.248,229,0,31.5
TaC,473.0,2,39.5,67,33.5,6,39.5,62.5,29,14.5,77,62.5,533.0,266.5,3823.0,9,4.5,4,2.0,2.025,0,1.0,3,1.5,3,7.0,7.0,11.5,15,4,11.5,2.0,4,2.0,3.5,7,3.5,0.0,5.5,3,1.5,4,11.88,12.48,6.24,5.64,11.88,2.248,229,0,32.0
TaC,573.0,2,39.5,67,33.5,6,39.5,62.5,29,14.5,77,62.5,533.0,266.5,3823.0,9,4.5,4,2.0,2.025,0,1.0,3,1.5,3,7.0,7.0,11.5,15,4,11.5,2.0,4,2.0,3.5,7,3.5,0.0,5.5,3,1.5,4,11.88,12.48,6.24,5.64,11.88,2.248,229,0,34.0
TaC,673.0,2,39.5,67,33.5,6,39.5,62.5,29,14.5,77,62.5,533.0,266.5,3823.0,9,4.5,4,2.0,2.025,0,1.0,3,1.5,3,7.0,7.0,11.5,15,4,11.5,2.0,4,2.0,3.5,7,3.5,0.0,5.5,3,1.5,4,11.88,12.48,6.24,5.64,11.88,2.248,229,0,36.0
TaC,773.0,2,39.5,67,33.5,6,39.5,62.5,29,14.5,77,62.5,533.0,266.5,3823.0,9,4.5,4,2.0,2.025,0,1.0,3,1.5,3,7.0,7.0,11.5,15,4,11.5,2.0,4,2.0,3.5,7,3.5,0.0,5.5,3,1.5,4,11.88,12.48,6.24,5.64,11.88,2.248,229,0,38.0
TaC,873.0,2,39.5,67,33.5,6,39.5,62.5,29,14.5,77,62.5,533.0,266.5,3823.0,9,4.5,4,2.0,2.025,0,1.0,3,1.5,3,7.0,7.0,11.5,15,4,11.5,2.0,4,2.0,3.5,7,3.5,0.0,5.5,3,1.5,4,11.88,12.48,6.24,5.64,11.88,2.248,229,0,40.0
TaC,973.0,2,39.5,67,33.5,6,39.5,62.5,29,14.5,77,62.5,533.0,266.5,3823.0,9,4.5,4,2.0,2.025,0,1.0,3,1.5,3,7.0,7.0,11.5,15,4,11.5,2.0,4,2.0,3.5,7,3.5,0.0,5.5,3,1.5,4,11.88,12.48,6.24,5.64,11.88,2.248,229,0,41.0
TaC,1073.0,2,39.5,67,33.5,6,39.5,62.5,29,14.5,77,62.5,533.0,266.5,3823.0,9,4.5,4,2.0,2.025,0,1.0,3,1.5,3,7.0,7.0,11.5,15,4,11.5,2.0,4,2.0,3.5,7,3.5,0.0,5.5,3,1.5,4,11.88,12.48,6.24,5.64,11.88,2.248,229,0,41.5
TaC,1173.0,2,39.5,67,33.5,6,39.5,62.5,29,14.5,77,62.5,533.0,266.5,3823.0,9,4.5,4,2.0,2.025,0,1.0,3,1.5,3,7.0,7.0,11.5,15,4,11.5,2.0,4,2.0,3.5,7,3.5,0.0,5.5,3,1.5,4,11.88,12.48,6.24,5.64,11.88,2.248,229,0,42.0
TaC,1273.0,2,39.5,67,33.5,6,39.5,62.5,29,14.5,77,62.5,533.0,266.5,3823.0,9,4.5,4,2.0,2.025,0,1.0,3,1.5,3,7.0,7.0,11.5,15,4,11.5,2.0,4,2.0,3.5,7,3.5,0.0,5.5,3,1.5,4,11.88,12.48,6.24,5.64,11.88,2.248,229,0,42.5
TaC,1373.0,2,39.5,67,33.5,6,39.5,62.5,29,14.5,77,62.5,533.0,266.5,3823.0,9,4.5,4,2.0,2.025,0,1.0,3,1.5,3,7.0,7.0,11.5,15,4,11.5,2.0,4,2.0,3.5,7,3.5,0.0,5.5,3,1.5,4,11.88,12.48,6.24,5.64,11.88,2.248,229,0,43.0
TaC,1473.0,2,39.5,67,33.5,6,39.5,62.5,29,14.5,77,62.5,533.0,266.5,3823.0,9,4.5,4,2.0,2.025,0,1.0,3,1.5,3,7.0,7.0,11.5,15,4,11.5,2.0,4,2.0,3.5,7,3.5,0.0,5.5,3,1.5,4,11.88,12.48,6.24,5.64,11.88,2.248,229,0,45.0
TaC,1573.0,2,39.5,67,33.5,6,39.5,62.5,29,14.5,77,62.5,533.0,266.5,3823.0,9,4.5,4,2.0,2.025,0,1.0,3,1.5,3,7.0,7.0,11.5,15,4,11.5,2.0,4,2.0,3.5,7,3.5,0.0,5.5,3,1.5,4,11.88,12.48,6.24,5.64,11.88,2.248,229,0,46.0
TaC,1673.0,2,39.5,67,33.5,6,39.5,62.5,29,14.5,77,62.5,533.0,266.5,3823.0,9,4.5,4,2.0,2.025,0,1.0,3,1.5,3,7.0,7.0,11.5,15,4,11.5,2.0,4,2.0,3.5,7,3.5,0.0,5.5,3,1.5,4,11.88,12.48,6.24,5.64,11.88,2.248,229,0,47.0
TaC,1773.0,2,39.5,67,33.5,6,39.5,62.5,29,14.5,77,62.5,533.0,266.5,3823.0,9,4.5,4,2.0,2.025,0,1.0,3,1.5,3,7.0,7.0,11.5,15,4,11.5,2.0,4,2.0,3.5,7,3.5,0.0,5.5,3,1.5,4,11.88,12.48,6.24,5.64,11.88,2.248,229,0,48.0
TaC,1873.0,2,39.5,67,33.5,6,39.5,62.5,29,14.5,77,62.5,533.0,266.5,3823.0,9,4.5,4,2.0,2.025,0,1.0,3,1.5,3,7.0,7.0,11.5,15,4,11.5,2.0,4,2.0,3.5,7,3.5,0.0,5.5,3,1.5,4,11.88,12.48,6.24,5.64,11.88,2.248,229,0,48.5
TaC,1973.0,2,39.5,67,33.5,6,39.5,62.5,29,14.5,77,62.5,533.0,266.5,3823.0,9,4.5,4,2.0,2.025,0,1.0,3,1.5,3,7.0,7.0,11.5,15,4,11.5,2.0,4,2.0,3.5,7,3.5,0.0,5.5,3,1.5,4,11.88,12.48,6.24,5.64,11.88,2.248,229,0,49.0
TaC,2073.0,2,39.5,67,33.5,6,39.5,62.5,29,14.5,77,62.5,533.0,266.5,3823.0,9,4.5,4,2.0,2.025,0,1.0,3,1.5,3,7.0,7.0,11.5,15,4,11.5,2.0,4,2.0,3.5,7,3.5,0.0,5.5,3,1.5,4,11.88,12.48,6.24,5.64,11.88,2.248,229,0,49.5
TaC,2173.0,2,39.5,67,33.5,6,39.5,62.5,29,14.5,77,62.5,533.0,266.5,3823.0,9,4.5,4,2.0,2.025,0,1.0,3,1.5,3,7.0,7.0,11.5,15,4,11.5,2.0,4,2.0,3.5,7,3.5,0.0,5.5,3,1.5,4,11.88,12.48,6.24,5.64,11.88,2.248,229,0,50.0
TaC,2273.0,2,39.5,67,33.5,6,39.5,62.5,29,14.5,77,62.5,533.0,266.5,3823.0,9,4.5,4,2.0,2.025,0,1.0,3,1.5,3,7.0,7.0,11.5,15,4,11.5,2.0,4,2.0,3.5,7,3.5,0.0,5.5,3,1.5,4,11.88,12.48,6.24,5.64,11.88,2.248,229,0,52.0
Hf0.2Ta0.2Zr0.2Nb0.2C,298.0,5,28.44444444,67,24.9382716,6,6.0,63.22222222,33,15.30864198,77,77.0,1695.0,570.1234568,3823.0,10,4.691358025,4,1.728395062,2.053333333,1,0.987654321,4,1.358024691,4,3.111111111,0.0,7.333333333,15,4,4.0,2.222222222,4,4.0,3.222222222,8,3.580246914,0.0,5.555555556,4,1.728395062,4,12.21055556,17.555,7.300617284,5.64,5.64,4.496,229,0,10.5
Hf0.2Ta0.2Zr0.2Nb0.2C,323.0,5,28.44444444,67,24.9382716,6,6.0,63.22222222,33,15.30864198,77,77.0,1695.0,570.1234568,3823.0,10,4.691358025,4,1.728395062,2.053333333,1,0.987654321,4,1.358024691,4,3.111111111,0.0,7.333333333,15,4,4.0,2.222222222,4,4.0,3.222222222,8,3.580246914,0.0,5.555555556,4,1.728395062,4,12.21055556,17.555,7.300617284,5.64,5.64,4.496,229,0,11.0
Hf0.2Ta0.2Zr0.2Nb0.2C,393.0,5,28.44444444,67,24.9382716,6,6.0,63.22222222,33,15.30864198,77,77.0,1695.0,570.1234568,3823.0,10,4.691358025,4,1.728395062,2.053333333,1,0.987654321,4,1.358024691,4,3.111111111,0.0,7.333333333,15,4,4.0,2.222222222,4,4.0,3.222222222,8,3.580246914,0.0,5.555555556,4,1.728395062,4,12.21055556,17.555,7.300617284,5.64,5.64,4.496,229,0,12.5
Hf0.2Ta0.2Zr0.2Nb0.2C,408.0,5,28.44444444,67,24.9382716,6,6.0,63.22222222,33,15.30864198,77,77.0,1695.0,570.1234568,3823.0,10,4.691358025,4,1.728395062,2.053333333,1,0.987654321,4,1.358024691,4,3.111111111,0.0,7.333333333,15,4,4.0,2.222222222,4,4.0,3.222222222,8,3.580246914,0.0,5.555555556,4,1.728395062,4,12.21055556,17.555,7.300617284,5.64,5.64,4.496,229,0,13.0
Hf0.2Ta0.2Zr0.2Nb0.2C,473.0,5,28.44444444,67,24.9382716,6,6.0,63.22222222,33,15.30864198,77,77.0,1695.0,570.1234568,3823.0,10,4.691358025,4,1.728395062,2.053333333,1,0.987654321,4,1.358024691,4,3.111111111,0.0,7.333333333,15,4,4.0,2.222222222,4,4.0,3.222222222,8,3.580246914,0.0,5.555555556,4,1.728395062,4,12.21055556,17.555,7.300617284,5.64,5.64,4.496,229,0,15.0
Hf0.2Ta0.2Zr0.2Nb0.2C,573.0,5,28.44444444,67,24.9382716,6,6.0,63.22222222,33,15.30864198,77,77.0,1695.0,570.1234568,3823.0,10,4.691358025,4,1.728395062,2.053333333,1,0.987654321,4,1.358024691,4,3.111111111,0.0,7.333333333,15,4,4.0,2.222222222,4,4.0,3.222222222,8,3.580246914,0.0,5.555555556,4,1.728395062,4,12.21055556,17.555,7.300617284,5.64,5.64,4.496,229,0,17.5
Hf0.2Ta0.2Zr0.2Nb0.2C,673.0,5,28.44444444,67,24.9382716,6,6.0,63.22222222,33,15.30864198,77,77.0,1695.0,570.1234568,3823.0,10,4.691358025,4,1.728395062,2.053333333,1,0.987654321,4,1.358024691,4,3.111111111,0.0,7.333333333,15,4,4.0,2.222222222,4,4.0,3.222222222,8,3.580246914,0.0,5.555555556,4,1.728395062,4,12.21055556,17.555,7.300617284,5.64,5.64,4.496,229,0,18.5
Hf0.2Ta0.2Zr0.2Nb0.2C,773.0,5,28.44444444,67,24.9382716,6,6.0,63.22222222,33,15.30864198,77,77.0,1695.0,570.1234568,3823.0,10,4.691358025,4,1.728395062,2.053333333,1,0.987654321,4,1.358024691,4,3.111111111,0.0,7.333333333,15,4,4.0,2.222222222,4,4.0,3.222222222,8,3.580246914,0.0,5.555555556,4,1.728395062,4,12.21055556,17.555,7.300617284,5.64,5.64,4.496,229,0,21.0
Hf0.2Ta0.2Zr0.2Nb0.2C,873.0,5,28.44444444,67,24.9382716,6,6.0,63.22222222,33,15.30864198,77,77.0,1695.0,570.1234568,3823.0,10,4.691358025,4,1.728395062,2.053333333,1,0.987654321,4,1.358024691,4,3.111111111,0.0,7.333333333,15,4,4.0,2.222222222,4,4.0,3.222222222,8,3.580246914,0.0,5.555555556,4,1.728395062,4,12.21055556,17.555,7.300617284,5.64,5.64,4.496,229,0,25.0
Hf0.2Ta0.2Zr0.2Nb0.2C,973.0,5,28.44444444,67,24.9382716,6,6.0,63.22222222,33,15.30864198,77,77.0,1695.0,570.1234568,3823.0,10,4.691358025,4,1.728395062,2.053333333,1,0.987654321,4,1.358024691,4,3.111111111,0.0,7.333333333,15,4,4.0,2.222222222,4,4.0,3.222222222,8,3.580246914,0.0,5.555555556,4,1.728395062,4,12.21055556,17.555,7.300617284,5.64,5.64,4.496,229,0,24.5
Hf0.2Ta0.2Zr0.2Nb0.2C,1073.0,5,28.44444444,67,24.9382716,6,6.0,63.22222222,33,15.30864198,77,77.0,1695.0,570.1234568,3823.0,10,4.691358025,4,1.728395062,2.053333333,1,0.987654321,4,1.358024691,4,3.111111111,0.0,7.333333333,15,4,4.0,2.222222222,4,4.0,3.222222222,8,3.580246914,0.0,5.555555556,4,1.728395062,4,12.21055556,17.555,7.300617284,5.64,5.64,4.496,229,0,28.0
Hf0.2Ta0.2Zr0.2Nb0.2C,1173.0,5,28.44444444,67,24.9382716,6,6.0,63.22222222,33,15.30864198,77,77.0,1695.0,570.1234568,3823.0,10,4.691358025,4,1.728395062,2.053333333,1,0.987654321,4,1.358024691,4,3.111111111,0.0,7.333333333,15,4,4.0,2.222222222,4,4.0,3.222222222,8,3.580246914,0.0,5.555555556,4,1.728395062,4,12.21055556,17.555,7.300617284,5.64,5.64,4.496,229,0,25.0
Hf0.2Ta0.2Zr0.2Nb0.2C,1273.0,5,28.44444444,67,24.9382716,6,6.0,63.22222222,33,15.30864198,77,77.0,1695.0,570.1234568,3823.0,10,4.691358025,4,1.728395062,2.053333333,1,0.987654321,4,1.358024691,4,3.111111111,0.0,7.333333333,15,4,4.0,2.222222222,4,4.0,3.222222222,8,3.580246914,0.0,5.555555556,4,1.728395062,4,12.21055556,17.555,7.300617284,5.64,5.64,4.496,229,0,25.5
Hf0.2Ta0.2Zr0.2Nb0.2C,1373.0,5,28.44444444,67,24.9382716,6,6.0,63.22222222,33,15.30864198,77,77.0,1695.0,570.1234568,3823.0,10,4.691358025,4,1.728395062,2.053333333,1,0.987654321,4,1.358024691,4,3.111111111,0.0,7.333333333,15,4,4.0,2.222222222,4,4.0,3.222222222,8,3.580246914,0.0,5.555555556,4,1.728395062,4,12.21055556,17.555,7.300617284,5.64,5.64,4.496,229,0,26.0
Hf0.2Ta0.2Zr0.2Nb0.2C,1473.0,5,28.44444444,67,24.9382716,6,6.0,63.22222222,33,15.30864198,77,77.0,1695.0,570.1234568,3823.0,10,4.691358025,4,1.728395062,2.053333333,1,0.987654321,4,1.358024691,4,3.111111111,0.0,7.333333333,15,4,4.0,2.222222222,4,4.0,3.222222222,8,3.580246914,0.0,5.555555556,4,1.728395062,4,12.21055556,17.555,7.300617284,5.64,5.64,4.496,229,0,27.5
Hf0.2Ta0.2Zr0.2Nb0.2C,1573.0,5,28.44444444,67,24.9382716,6,6.0,63.22222222,33,15.30864198,77,77.0,1695.0,570.1234568,3823.0,10,4.691358025,4,1.728395062,2.053333333,1,0.987654321,4,1.358024691,4,3.111111111,0.0,7.333333333,15,4,4.0,2.222222222,4,4.0,3.222222222,8,3.580246914,0.0,5.555555556,4,1.728395062,4,12.21055556,17.555,7.300617284,5.64,5.64,4.496,229,0,28.5
Hf0.2Ta0.2Zr0.2Nb0.2C,1673.0,5,28.44444444,67,24.9382716,6,6.0,63.22222222,33,15.30864198,77,77.0,1695.0,570.1234568,3823.0,10,4.691358025,4,1.728395062,2.053333333,1,0.987654321,4,1.358024691,4,3.111111111,0.0,7.333333333,15,4,4.0,2.222222222,4,4.0,3.222222222,8,3.580246914,0.0,5.555555556,4,1.728395062,4,12.21055556,17.555,7.300617284,5.64,5.64,4.496,229,0,29.5
Hf0.2Ta0.2Zr0.2Nb0.2C,1773.0,5,28.44444444,67,24.9382716,6,6.0,63.22222222,33,15.30864198,77,77.0,1695.0,570.1234568,3823.0,10,4.691358025,4,1.728395062,2.053333333,1,0.987654321,4,1.358024691,4,3.111111111,0.0,7.333333333,15,4,4.0,2.222222222,4,4.0,3.222222222,8,3.580246914,0.0,5.555555556,4,1.728395062,4,12.21055556,17.555,7.300617284,5.64,5.64,4.496,229,0,27.0
Hf0.2Ta0.2Zr0.2Nb0.2C,1873.0,5,28.44444444,67,24.9382716,6,6.0,63.22222222,33,15.30864198,77,77.0,1695.0,570.1234568,3823.0,10,4.691358025,4,1.728395062,2.053333333,1,0.987654321,4,1.358024691,4,3.111111111,0.0,7.333333333,15,4,4.0,2.222222222,4,4.0,3.222222222,8,3.580246914,0.0,5.555555556,4,1.728395062,4,12.21055556,17.555,7.300617284,5.64,5.64,4.496,229,0,28.5
Hf0.2Ta0.2Zr0.2Nb0.2C,1973.0,5,28.44444444,67,24.9382716,6,6.0,63.22222222,33,15.30864198,77,77.0,1695.0,570.1234568,3823.0,10,4.691358025,4,1.728395062,2.053333333,1,0.987654321,4,1.358024691,4,3.111111111,0.0,7.333333333,15,4,4.0,2.222222222,4,4.0,3.222222222,8,3.580246914,0.0,5.555555556,4,1.728395062,4,12.21055556,17.555,7.300617284,5.64,5.64,4.496,229,0,29.5
Hf0.2Ta0.2Zr0.2Nb0.2C,2073.0,5,28.44444444,67,24.9382716,6,6.0,63.22222222,33,15.30864198,77,77.0,1695.0,570.1234568,3823.0,10,4.691358025,4,1.728395062,2.053333333,1,0.987654321,4,1.358024691,4,3.111111111,0.0,7.333333333,15,4,4.0,2.222222222,4,4.0,3.222222222,8,3.580246914,0.0,5.555555556,4,1.728395062,4,12.21055556,17.555,7.300617284,5.64,5.64,4.496,229,0,31.5
Hf0.2Ta0.2Zr0.2Nb0.2C,2173.0,5,28.44444444,67,24.9382716,6,6.0,63.22222222,33,15.30864198,77,77.0,1695.0,570.1234568,3823.0,10,4.691358025,4,1.728395062,2.053333333,1,0.987654321,4,1.358024691,4,3.111111111,0.0,7.333333333,15,4,4.0,2.222222222,4,4.0,3.222222222,8,3.580246914,0.0,5.555555556,4,1.728395062,4,12.21055556,17.555,7.300617284,5.64,5.64,4.496,229,0,38.0
Hf0.2Ta0.2Zr0.2Nb0.2C,2273.0,5,28.44444444,67,24.9382716,6,6.0,63.22222222,33,15.30864198,77,77.0,1695.0,570.1234568,3823.0,10,4.691358025,4,1.728395062,2.053333333,1,0.987654321,4,1.358024691,4,3.111111111,0.0,7.333333333,15,4,4.0,2.222222222,4,4.0,3.222222222,8,3.580246914,0.0,5.555555556,4,1.728395062,4,12.21055556,17.555,7.300617284,5.64,5.64,4.496,229,0,39.0
VNbTaMoWC,293.0,6,43.16666667,68,20.22222222,6,43.16666667,53.16666667,31,7.944444444,77,53.16666667,1640.0,496.5,3823.0,9,2.388888889,4,1.111111111,1.966666667,1,0.555555556,5,1.166666667,5,4.666666667,4.666666667,9.833333333,16,4,9.833333333,0.666666667,4,0.666666667,5.166666667,7,1.777777778,0.0,6.166666667,3,0.833333333,4,14.44833333,12.54,3.415555556,5.64,14.44833333,0.749333333,229,0,8.5
VNbTaMoWC,323.0,6,43.16666667,68,20.22222222,6,43.16666667,53.16666667,31,7.944444444,77,53.16666667,1640.0,496.5,3823.0,9,2.388888889,4,1.111111111,1.966666667,1,0.555555556,5,1.166666667,5,4.666666667,4.666666667,9.833333333,16,4,9.833333333,0.666666667,4,0.666666667,5.166666667,7,1.777777778,0.0,6.166666667,3,0.833333333,4,14.44833333,12.54,3.415555556,5.64,14.44833333,0.749333333,229,0,9.0
VNbTaMoWC,373.0,6,43.16666667,68,20.22222222,6,43.16666667,53.16666667,31,7.944444444,77,53.16666667,1640.0,496.5,3823.0,9,2.388888889,4,1.111111111,1.966666667,1,0.555555556,5,1.166666667,5,4.666666667,4.666666667,9.833333333,16,4,9.833333333,0.666666667,4,0.666666667,5.166666667,7,1.777777778,0.0,6.166666667,3,0.833333333,4,14.44833333,12.54,3.415555556,5.64,14.44833333,0.749333333,229,0,10.0
VNbTaMoWC,473.0,6,43.16666667,68,20.22222222,6,43.16666667,53.16666667,31,7.944444444,77,53.16666667,1640.0,496.5,3823.0,9,2.388888889,4,1.111111111,1.966666667,1,0.555555556,5,1.166666667,5,4.666666667,4.666666667,9.833333333,16,4,9.833333333,0.666666667,4,0.666666667,5.166666667,7,1.777777778,0.0,6.166666667,3,0.833333333,4,14.44833333,12.54,3.415555556,5.64,14.44833333,0.749333333,229,0,12.5
VNbTaMoWC,673.0,6,43.16666667,68,20.22222222,6,43.16666667,53.16666667,31,7.944444444,77,53.16666667,1640.0,496.5,3823.0,9,2.388888889,4,1.111111111,1.966666667,1,0.555555556,5,1.166666667,5,4.666666667,4.666666667,9.833333333,16,4,9.833333333,0.666666667,4,0.666666667,5.166666667,7,1.777777778,0.0,6.166666667,3,0.833333333,4,14.44833333,12.54,3.415555556,5.64,14.44833333,0.749333333,229,0,16.0
VNbTaMoWC,873.0,6,43.16666667,68,20.22222222,6,43.16666667,53.16666667,31,7.944444444,77,53.16666667,1640.0,496.5,3823.0,9,2.388888889,4,1.111111111,1.966666667,1,0.555555556,5,1.166666667,5,4.666666667,4.666666667,9.833333333,16,4,9.833333333,0.666666667,4,0.666666667,5.166666667,7,1.777777778,0.0,6.166666667,3,0.833333333,4,14.44833333,12.54,3.415555556,5.64,14.44833333,0.749333333,229,0,19.5
VNbTaMoWC,1073.0,6,43.16666667,68,20.22222222,6,43.16666667,53.16666667,31,7.944444444,77,53.16666667,1640.0,496.5,3823.0,9,2.388888889,4,1.111111111,1.966666667,1,0.555555556,5,1.166666667,5,4.666666667,4.666666667,9.833333333,16,4,9.833333333,0.666666667,4,0.666666667,5.166666667,7,1.777777778,0.0,6.166666667,3,0.833333333,4,14.44833333,12.54,3.415555556,5.64,14.44833333,0.749333333,229,0,23.0
VNbTaMoWC,1273.0,6,43.16666667,68,20.22222222,6,43.16666667,53.16666667,31,7.944444444,77,53.16666667,1640.0,496.5,3823.0,9,2.388888889,4,1.111111111,1.966666667,1,0.555555556,5,1.166666667,5,4.666666667,4.666666667,9.833333333,16,4,9.833333333,0.666666667,4,0.666666667,5.166666667,7,1.777777778,0.0,6.166666667,3,0.833333333,4,14.44833333,12.54,3.415555556,5.64,14.44833333,0.749333333,229,0,25.5
Y2Ti2O7,298.0,3,16.18181818,31,10.41322314,8,8.0,65.36363636,75,27.53719008,87,87.0,1886.2,840.092562,1941.0,13,5.785123967,3,1.157024793,2.690909091,0,1.851239669,2,0.694214876,2,0.0,0.0,5.090909091,3,3,6.0,1.272727273,2,2.0,3.090909091,9,3.933884298,0.0,4.363636364,7,3.008264463,2,14.71318182,23.26,7.13768595,9.105,9.105,0.0,194,1,1.123
Ho0.667Y0.667Dy0.667Ti2O7,298.0,5,19.51858922,59,14.65869003,8,8.0,67.78401963,75,24.45447915,87,87.0,1886.2,827.3331293,1941.0,13,5.785576128,4,1.311480546,2.691381693,0,1.851365852,2,0.64277202,2,1.273247887,0.0,6.242705209,10,3,6.0,1.272611581,2,2.0,2.000090901,9,3.030407702,0.424415962,3.697118444,7,2.244306356,2,14.54764734,23.26,6.926376029,9.105,9.105,0.0,194,0,1.023
Ho0.4Y0.4Dy0.4Gd0.4Eu0.4Ti2O7,298.0,7,19.96363636,59,15.22644628,8,8.0,67.83636364,75,24.39008264,87,87.0,1886.2,789.9702479,1941.0,13,5.785123967,4,1.34214876,2.689272727,0,1.851239669,2,0.650578512,2,1.272727273,0.0,6.254545455,10,3,6.0,1.272727273,2,2.0,2.109090909,9,3.14446281,0.763636364,4.145454545,14,2.82446281,2,14.75039394,27.355,7.185046832,9.105,9.105,0.0,229,1,0.974
